Using pre-set license
Built from '2022.3/staging' branch; Version is '2022.3.44f1 (c3ae09b9f03c) revision 12824073'; Using compiler version '192829333'; Build Type 'Release'
OS: 'Windows 11  (10.0.26100) 64bit CoreSingleLanguage' Language: 'en' Physical Memory: 15603 MB
BatchMode: 1, IsHumanControllingUs: 0, StartBugReporterOnCrash: 0, Is64bit: 1, IsPro: 1

COMMAND LINE ARGUMENTS:
D:\Unity\2022.3.44f1\Editor\Unity.exe
-adb2
-batchMode
-noUpm
-name
AssetImportWorker1
-projectPath
D:/Hemnath_Crion/Hemnath_Crion
-logFile
Logs/AssetImportWorker1.log
-srvPort
50396
Successfully changed project path to: D:/Hemnath_Crion/Hemnath_Crion
D:/Hemnath_Crion/Hemnath_Crion
[UnityMemory] Configuration Parameters - Can be set up in boot.config
    "memorysetup-bucket-allocator-granularity=16"
    "memorysetup-bucket-allocator-bucket-count=8"
    "memorysetup-bucket-allocator-block-size=33554432"
    "memorysetup-bucket-allocator-block-count=8"
    "memorysetup-main-allocator-block-size=16777216"
    "memorysetup-thread-allocator-block-size=16777216"
    "memorysetup-gfx-main-allocator-block-size=16777216"
    "memorysetup-gfx-thread-allocator-block-size=16777216"
    "memorysetup-cache-allocator-block-size=4194304"
    "memorysetup-typetree-allocator-block-size=2097152"
    "memorysetup-profiler-bucket-allocator-granularity=16"
    "memorysetup-profiler-bucket-allocator-bucket-count=8"
    "memorysetup-profiler-bucket-allocator-block-size=33554432"
    "memorysetup-profiler-bucket-allocator-block-count=8"
    "memorysetup-profiler-allocator-block-size=16777216"
    "memorysetup-profiler-editor-allocator-block-size=1048576"
    "memorysetup-temp-allocator-size-main=16777216"
    "memorysetup-job-temp-allocator-block-size=2097152"
    "memorysetup-job-temp-allocator-block-size-background=1048576"
    "memorysetup-job-temp-allocator-reduction-small-platforms=262144"
    "memorysetup-allocator-temp-initial-block-size-main=262144"
    "memorysetup-allocator-temp-initial-block-size-worker=262144"
    "memorysetup-temp-allocator-size-background-worker=32768"
    "memorysetup-temp-allocator-size-job-worker=262144"
    "memorysetup-temp-allocator-size-preload-manager=33554432"
    "memorysetup-temp-allocator-size-nav-mesh-worker=65536"
    "memorysetup-temp-allocator-size-audio-worker=65536"
    "memorysetup-temp-allocator-size-cloud-worker=32768"
    "memorysetup-temp-allocator-size-gi-baking-worker=262144"
    "memorysetup-temp-allocator-size-gfx=262144"
Player connection [21392]  Target information:

Player connection [21392]  * "[IP] 10.100.100.62 [Port] 0 [Flags] 2 [Guid] 2076134080 [EditorId] 2076134080 [Version] 1048832 [Id] WindowsEditor(7,DESKTOP-OHIPR52) [Debug] 1 [PackageName] WindowsEditor [ProjectName] Editor" 

Player connection [21392] Host joined multi-casting on [225.0.0.222:54997]...
Player connection [21392] Host joined alternative multi-casting on [225.0.0.222:34997]...
[PhysX] Initialized MultithreadedTaskDispatcher with 16 workers.
Refreshing native plugins compatible for Editor in 3033.82 ms, found 6 plugins.
Preloading 0 native plugins for Editor in 0.00 ms.
Initialize engine version: 2022.3.44f1 (c3ae09b9f03c)
[Subsystems] Discovering subsystems at path D:/Unity/2022.3.44f1/Editor/Data/Resources/UnitySubsystems
[Subsystems] Discovering subsystems at path D:/Hemnath_Crion/Hemnath_Crion/Assets
GfxDevice: creating device client; threaded=0; jobified=0
Direct3D:
    Version:  Direct3D 11.0 [level 11.1]
    Renderer: NVIDIA GeForce RTX 3060 Laptop GPU (ID=0x2560)
    Vendor:   NVIDIA
    VRAM:     5996 MB
    Driver:   32.0.15.7283
Initialize mono
Mono path[0] = 'D:/Unity/2022.3.44f1/Editor/Data/Managed'
Mono path[1] = 'D:/Unity/2022.3.44f1/Editor/Data/MonoBleedingEdge/lib/mono/unityjit-win32'
Mono config path = 'D:/Unity/2022.3.44f1/Editor/Data/MonoBleedingEdge/etc'
Using monoOptions --debugger-agent=transport=dt_socket,embedding=1,server=y,suspend=n,address=127.0.0.1:56832
Begin MonoManager ReloadAssembly
Registering precompiled unity dll's ...
Register platform support module: D:/Unity/2022.3.44f1/Editor/Data/PlaybackEngines/WebGLSupport/UnityEditor.WebGL.Extensions.dll
Register platform support module: D:/Unity/2022.3.44f1/Editor/Data/PlaybackEngines/AndroidPlayer/UnityEditor.Android.Extensions.dll
Register platform support module: D:/Unity/2022.3.44f1/Editor/Data/PlaybackEngines/WindowsStandaloneSupport/UnityEditor.WindowsStandalone.Extensions.dll
Registered in 0.813564 seconds.
- Loaded All Assemblies, in 11.181 seconds
Native extension for WindowsStandalone target not found
Native extension for Android target not found
Android Extension - Scanning For ADB Devices 641 ms
Native extension for WebGL target not found
Mono: successfully reloaded assembly
- Finished resetting the current domain, in  1.203 seconds
Domain Reload Profiling: 12384ms
	BeginReloadAssembly (7658ms)
		ExecutionOrderSort (0ms)
		DisableScriptedObjects (0ms)
		BackupInstance (0ms)
		ReleaseScriptingObjects (0ms)
		CreateAndSetChildDomain (1ms)
	RebuildCommonClasses (595ms)
	RebuildNativeTypeToScriptingClass (10ms)
	initialDomainReloadingComplete (858ms)
	LoadAllAssembliesAndSetupDomain (2059ms)
		LoadAssemblies (7657ms)
		RebuildTransferFunctionScriptingTraits (0ms)
		AnalyzeDomain (2057ms)
			TypeCache.Refresh (2056ms)
				TypeCache.ScanAssembly (1619ms)
			ScanForSourceGeneratedMonoScriptInfo (0ms)
			ResolveRequiredComponents (0ms)
	FinalizeReload (1203ms)
		ReleaseScriptCaches (0ms)
		RebuildScriptCaches (0ms)
		SetupLoadedEditorAssemblies (1150ms)
			LogAssemblyErrors (0ms)
			InitializePlatformSupportModulesInManaged (893ms)
			SetLoadedEditorAssemblies (6ms)
			RefreshPlugins (0ms)
			BeforeProcessingInitializeOnLoad (3ms)
			ProcessInitializeOnLoadAttributes (164ms)
			ProcessInitializeOnLoadMethodAttributes (84ms)
			AfterProcessingInitializeOnLoad (0ms)
			EditorAssembliesLoaded (0ms)
		ExecutionOrderSort2 (0ms)
		AwakeInstancesAfterBackupRestoration (0ms)
========================================================================
Worker process is ready to serve import requests
Caller must complete domain reload
Begin MonoManager ReloadAssembly
- Loaded All Assemblies, in  8.288 seconds
Native extension for WindowsStandalone target not found
Native extension for Android target not found
Native extension for WebGL target not found
Mono: successfully reloaded assembly
- Finished resetting the current domain, in  0.824 seconds
Domain Reload Profiling: 9112ms
	BeginReloadAssembly (134ms)
		ExecutionOrderSort (0ms)
		DisableScriptedObjects (5ms)
		BackupInstance (0ms)
		ReleaseScriptingObjects (0ms)
		CreateAndSetChildDomain (22ms)
	RebuildCommonClasses (30ms)
	RebuildNativeTypeToScriptingClass (14ms)
	initialDomainReloadingComplete (47ms)
	LoadAllAssembliesAndSetupDomain (8061ms)
		LoadAssemblies (7349ms)
		RebuildTransferFunctionScriptingTraits (0ms)
		AnalyzeDomain (791ms)
			TypeCache.Refresh (772ms)
				TypeCache.ScanAssembly (651ms)
			ScanForSourceGeneratedMonoScriptInfo (13ms)
			ResolveRequiredComponents (4ms)
	FinalizeReload (825ms)
		ReleaseScriptCaches (0ms)
		RebuildScriptCaches (0ms)
		SetupLoadedEditorAssemblies (645ms)
			LogAssemblyErrors (0ms)
			InitializePlatformSupportModulesInManaged (14ms)
			SetLoadedEditorAssemblies (4ms)
			RefreshPlugins (0ms)
			BeforeProcessingInitializeOnLoad (53ms)
			ProcessInitializeOnLoadAttributes (554ms)
			ProcessInitializeOnLoadMethodAttributes (18ms)
			AfterProcessingInitializeOnLoad (2ms)
			EditorAssembliesLoaded (0ms)
		ExecutionOrderSort2 (0ms)
		AwakeInstancesAfterBackupRestoration (5ms)
Launched and connected shader compiler UnityShaderCompiler.exe after 0.09 seconds
Refreshing native plugins compatible for Editor in 4.20 ms, found 6 plugins.
Preloading 0 native plugins for Editor in 0.00 ms.
Unloading 3370 Unused Serialized files (Serialized files now loaded: 0)
Unloading 19 unused Assets / (54.6 KB). Loaded Objects now: 3840.
Memory consumption went from 130.1 MB to 130.1 MB.
Total: 3.509000 ms (FindLiveObjects: 0.294800 ms CreateObjectMapping: 0.133600 ms MarkObjects: 2.983600 ms  DeleteObjects: 0.096100 ms)

AssetImportParameters requested are different than current active one (requested -> active):
  custom:container-demuxer-ogg: 62fdf1f143b41e24485cea50d1cbac27 -> 
  custom:video-codec-MediaFoundation-h265: 746d11721c4dcdbdad8f713fa42b33f4 -> 
  custom:video-decoder-ogg-theora: a1e56fd34408186e4bbccfd4996cb3dc -> 
  custom:framework-win-MediaFoundation: 216162199b28c13a410421893ffa2e32 -> 
  custom:CustomObjectIndexerAttribute: 9a22284fe3817be447336de3de66b15e -> 
  custom:container-demuxer-webm: 4f35f7cbe854078d1ac9338744f61a02 -> 
  custom:container-muxer-webm: aa71ff27fc2769a1b78a27578f13a17b -> 
  custom:video-decoder-webm-vp8: 9c59270c3fd7afecdb556c50c9e8de78 -> 
  custom:SearchIndexIgnoredProperties: e643bd26f0fe6173181afceb89e7c659 -> 
  custom:AudioImporter_EditorPlatform: d09bf68614088b80899f8185d706f6e7 -> 
  custom:video-encoder-webm-vp8: eb34c28f22e8b96e1ab97ce403110664 -> 
  custom:audio-decoder-ogg-vorbis: bf7c407c2cedff20999df2af8eb42d56 -> 
  custom:audio-encoder-webm-vorbis: bf7c407c2cedff20999df2af8eb42d56 -> 
========================================================================
Received Import Request.
  Time since last request: 842.751935 seconds.
  path: Assets/Crion/Animation
  artifactKey: Guid(8579f3fd5d312244087e35ec28718b57) Importer(815301076,1909f56bfc062723c751e8b465ee728b)
Start importing Assets/Crion/Animation using Guid(8579f3fd5d312244087e35ec28718b57) Importer(815301076,1909f56bfc062723c751e8b465ee728b) [PhysX] Initialized MultithreadedTaskDispatcher with 16 workers.
 -> (artifact id: '87a1bbaa47f8eb872850b362a57f987e') in 0.002488 seconds
Number of updated asset objects reloaded before import = 0
Number of asset objects unloaded after import = 0
========================================================================
Received Prepare
Caller must complete domain reload
Begin MonoManager ReloadAssembly
- Loaded All Assemblies, in  0.572 seconds
Native extension for WindowsStandalone target not found
Native extension for Android target not found
Native extension for WebGL target not found
Mono: successfully reloaded assembly
- Finished resetting the current domain, in  1.508 seconds
Domain Reload Profiling: 2081ms
	BeginReloadAssembly (244ms)
		ExecutionOrderSort (0ms)
		DisableScriptedObjects (9ms)
		BackupInstance (0ms)
		ReleaseScriptingObjects (0ms)
		CreateAndSetChildDomain (55ms)
	RebuildCommonClasses (39ms)
	RebuildNativeTypeToScriptingClass (17ms)
	initialDomainReloadingComplete (30ms)
	LoadAllAssembliesAndSetupDomain (242ms)
		LoadAssemblies (349ms)
		RebuildTransferFunctionScriptingTraits (0ms)
		AnalyzeDomain (28ms)
			TypeCache.Refresh (10ms)
				TypeCache.ScanAssembly (1ms)
			ScanForSourceGeneratedMonoScriptInfo (8ms)
			ResolveRequiredComponents (7ms)
	FinalizeReload (1509ms)
		ReleaseScriptCaches (0ms)
		RebuildScriptCaches (0ms)
		SetupLoadedEditorAssemblies (778ms)
			LogAssemblyErrors (0ms)
			InitializePlatformSupportModulesInManaged (23ms)
			SetLoadedEditorAssemblies (5ms)
			RefreshPlugins (0ms)
			BeforeProcessingInitializeOnLoad (80ms)
			ProcessInitializeOnLoadAttributes (639ms)
			ProcessInitializeOnLoadMethodAttributes (27ms)
			AfterProcessingInitializeOnLoad (4ms)
			EditorAssembliesLoaded (0ms)
		ExecutionOrderSort2 (0ms)
		AwakeInstancesAfterBackupRestoration (10ms)
Refreshing native plugins compatible for Editor in 5.54 ms, found 6 plugins.
Preloading 0 native plugins for Editor in 0.00 ms.
Unloading 3341 Unused Serialized files (Serialized files now loaded: 0)
Unloading 14 unused Assets / (28.5 KB). Loaded Objects now: 3843.
Memory consumption went from 124.1 MB to 124.1 MB.
Total: 5.755100 ms (FindLiveObjects: 0.527100 ms CreateObjectMapping: 0.145900 ms MarkObjects: 5.015900 ms  DeleteObjects: 0.064700 ms)

Prepare: number of updated asset objects reloaded= 9
AssetImportParameters requested are different than current active one (requested -> active):
  custom:scripting/monoscript/fileName/SkewTextExample.cs: f96859e31fd6dde308d9dc2a2488dcff -> c142d02d70a129e0533975f7c2f96956
  custom:container-demuxer-ogg: 62fdf1f143b41e24485cea50d1cbac27 -> 
  custom:scripting/monoscript/fileName/TMP_TextEventHandler.cs: d0f86a17d6fd3e9995db934eaaf34f18 -> f5cd9d5a43bfefc8f4fec80e6de896a4
  custom:scripting/monoscript/fileName/TextMeshProFloatingText.cs: 5a37842f75734e7729f89af9a8145a1a -> 92608fa4a6315cd0786d82205e77b697
  custom:scripting/monoscript/fileName/VertexZoom.cs: 2da4737d79388c0362c64482e9ee50d2 -> 650ab1e81d40126e3edcf737cce646e4
  custom:video-codec-MediaFoundation-h265: 746d11721c4dcdbdad8f713fa42b33f4 -> 
  custom:scripting/monoscript/fileName/VertexShakeA.cs: 16900906a98712c9660b9823af1f2500 -> 63ec564c588058369499638dd899e05b
  custom:scripting/monoscript/fileName/TMP_ExampleScript_01.cs: 59997facf165601d8c6263ace2a973a5 -> a9d4be556104ff54e7d240529b3e01dc
  custom:video-decoder-ogg-theora: a1e56fd34408186e4bbccfd4996cb3dc -> 
  custom:scripting/monoscript/fileName/TMP_TextEventCheck.cs: 7ee93fce990cec7a5b67b504d0259dce -> 13505d917eab5868c435e0c2986dadfa
  custom:scripting/monoscript/fileName/TMP_TextSelector_B.cs: c0db108de9ffc9b6f619f3d00162b1c2 -> ba2be21a7486d37b1011342977a2e49d
  custom:scripting/monoscript/fileName/Benchmark01.cs: 1fef48c763f4be76a973f061699dd041 -> 2d3e2cd961730ab95f139a49a673bace
  custom:framework-win-MediaFoundation: 216162199b28c13a410421893ffa2e32 -> 
  custom:scripting/monoscript/fileName/Benchmark02.cs: 92dcd0c0a469d0c0690d8ca0bfe95e6f -> 5640963252ce70910e726415f869ced6
  custom:scripting/monoscript/fileName/DropdownSample.cs: b4fe7efb027fdd4854f643ad764daa8c -> 0a92251794e5f10400149f96c3c59e5d
  custom:scripting/monoscript/fileName/WarpTextExample.cs: c5431dac938081648a3a3ac553c1029b -> 2663459c266363641981c7d17b698d7f
  custom:CustomObjectIndexerAttribute: 9a22284fe3817be447336de3de66b15e -> 
  custom:container-demuxer-webm: 4f35f7cbe854078d1ac9338744f61a02 -> 
  custom:scripting/monoscript/fileName/ChatController.cs: ff21b89493e3dffcbe018a2cc5a10bae -> 876d5ccae6e345dd5d9450eb0a748f16
  custom:scripting/monoscript/fileName/TextMeshSpawner.cs: c0f20e5855e88374db1098a5acc68df4 -> 76f28e2ddb031571e6ec62b018f65fa8
  custom:scripting/monoscript/fileName/TeleType.cs: c18e16db35615314900dbe198d0144e7 -> 31fa97821c4c70f157ec81d507aa6b62
  custom:scripting/monoscript/fileName/Benchmark04.cs: 86dfb70824307c4cf164687df2489226 -> 32220b148620e52aa81c13a114862bf4
  custom:container-muxer-webm: aa71ff27fc2769a1b78a27578f13a17b -> 
  custom:video-decoder-webm-vp8: 9c59270c3fd7afecdb556c50c9e8de78 -> 
  custom:scripting/monoscript/fileName/TMP_PhoneNumberValidator.cs: b4c1c54136dffeb4e2962027ebaa6b1f -> 7c3049f481e464c6a9a15dee56c3126f
  custom:SearchIndexIgnoredProperties: e643bd26f0fe6173181afceb89e7c659 -> 
  custom:AudioImporter_EditorPlatform: d09bf68614088b80899f8185d706f6e7 -> 
  custom:scripting/monoscript/fileName/EnvMapAnimator.cs: 08e040d459cd881082c0dd5daba5f85c -> 1b4f61c17e4b7283c3ac351aacff9d26
  custom:scripting/monoscript/fileName/ShaderPropAnimator.cs: 88b70bc5bbc15375387323f48f0661cf -> 55ce425812446482e623ff2695c94cb2
  custom:scripting/monoscript/fileName/SimpleScript.cs: dcd92cf7399b0d08e25e4a66ab57e91e -> 454caab0c6c050f29b39d82e1d66d0fa
  custom:scripting/monoscript/fileName/ObjectSpin.cs: b34dd4d17018731600f920d50ca840f7 -> 2b96bb2079dd7fa5108d981627a28e1e
  custom:scripting/monoscript/fileName/CameraController.cs: 8d43c2def3a67efed518259a2232b470 -> 34b6be4e23ce86dc89786916c5983296
  custom:scripting/monoscript/fileName/TMP_TextInfoDebugTool.cs: 7aad42023b6f5112c90650ae13bd6dd8 -> 3f1709cfb2cc628169113a35b5e9be3f
  custom:scripting/monoscript/fileName/TMP_TextSelector_A.cs: 088357b4acdc1e6288d897936d29c8d3 -> 347309a09d56e367b188a6978f75b424
  custom:video-encoder-webm-vp8: eb34c28f22e8b96e1ab97ce403110664 -> 
  custom:audio-decoder-ogg-vorbis: bf7c407c2cedff20999df2af8eb42d56 -> 
  custom:scripting/monoscript/fileName/VertexJitter.cs: 6330f950b41eff6e5970f129864ecd6c -> d27eb5498e48714a66aece98da065133
  custom:scripting/monoscript/fileName/TextConsoleSimulator.cs: f2c8898b26c0cf2b0a1c7d12d99e6769 -> 33fc311abb20b5b0ed8f00e4d86b574e
  custom:scripting/monoscript/fileName/VertexColorCycler.cs: 135fb0ebdaf256193ccc08218c426c64 -> 5f984ca91cf3609293aecc6bc5641572
  custom:scripting/monoscript/fileName/TMP_FrameRateCounter.cs: 8afeb6f0251e063dcfff2bd827f92c62 -> 46f655df8cb483ac5958307137b1585a
  custom:scripting/monoscript/fileName/VertexShakeB.cs: 587e5b2aecc39120c2c9ff69742ce897 -> a6f78c4fcda1a29a1a1c1baefedba9e7
  custom:scripting/monoscript/fileName/TMP_UiFrameRateCounter.cs: 8fa3bcf761bb5076fd90d0361518d59c -> b01021aea19247f14a98ab338907956a
  custom:scripting/monoscript/fileName/TMPro_InstructionOverlay.cs: 194f3617683541355a9c6c8193e87b1c -> b626d2270e6ebd5c4311585c18b58d8d
  custom:scripting/monoscript/fileName/TMP_DigitValidator.cs: 4e5cde653ae28b90ab257e866c94dfce -> ac02af96215ae3951a3cce9e1a8c6085
  custom:audio-encoder-webm-vorbis: bf7c407c2cedff20999df2af8eb42d56 -> 
  custom:scripting/monoscript/fileName/Benchmark01_UGUI.cs: 52a24b07fcdd062ef495404efdb65870 -> 6148cfe2627b7708298f301788144139
  custom:scripting/precompiled-assembly-types:Assembly-CSharp: edd7e9f9f6df4fff3837dafee3297e60 -> f39d0e8e1a2bdc72903fb33acfa56b16
  custom:scripting/monoscript/fileName/Benchmark03.cs: 520976d641c2b7cf395e30b045f5a45d -> 17cc87e0529ac71d909a946afb47a274
========================================================================
Received Prepare
Caller must complete domain reload
Begin MonoManager ReloadAssembly
- Loaded All Assemblies, in  0.379 seconds
Native extension for WindowsStandalone target not found
Native extension for Android target not found
Native extension for WebGL target not found
Mono: successfully reloaded assembly
- Finished resetting the current domain, in  1.132 seconds
Domain Reload Profiling: 1512ms
	BeginReloadAssembly (139ms)
		ExecutionOrderSort (0ms)
		DisableScriptedObjects (5ms)
		BackupInstance (0ms)
		ReleaseScriptingObjects (0ms)
		CreateAndSetChildDomain (30ms)
	RebuildCommonClasses (27ms)
	RebuildNativeTypeToScriptingClass (9ms)
	initialDomainReloadingComplete (27ms)
	LoadAllAssembliesAndSetupDomain (178ms)
		LoadAssemblies (232ms)
		RebuildTransferFunctionScriptingTraits (0ms)
		AnalyzeDomain (20ms)
			TypeCache.Refresh (8ms)
				TypeCache.ScanAssembly (1ms)
			ScanForSourceGeneratedMonoScriptInfo (6ms)
			ResolveRequiredComponents (5ms)
	FinalizeReload (1133ms)
		ReleaseScriptCaches (0ms)
		RebuildScriptCaches (0ms)
		SetupLoadedEditorAssemblies (656ms)
			LogAssemblyErrors (0ms)
			InitializePlatformSupportModulesInManaged (20ms)
			SetLoadedEditorAssemblies (6ms)
			RefreshPlugins (0ms)
			BeforeProcessingInitializeOnLoad (64ms)
			ProcessInitializeOnLoadAttributes (538ms)
			ProcessInitializeOnLoadMethodAttributes (25ms)
			AfterProcessingInitializeOnLoad (3ms)
			EditorAssembliesLoaded (0ms)
		ExecutionOrderSort2 (0ms)
		AwakeInstancesAfterBackupRestoration (7ms)
Refreshing native plugins compatible for Editor in 5.12 ms, found 6 plugins.
Preloading 0 native plugins for Editor in 0.00 ms.
Unloading 3343 Unused Serialized files (Serialized files now loaded: 0)
Unloading 14 unused Assets / (28.5 KB). Loaded Objects now: 3847.
Memory consumption went from 124.4 MB to 124.4 MB.
Total: 6.744500 ms (FindLiveObjects: 0.540400 ms CreateObjectMapping: 0.201000 ms MarkObjects: 5.933100 ms  DeleteObjects: 0.068300 ms)

Prepare: number of updated asset objects reloaded= 0
AssetImportParameters requested are different than current active one (requested -> active):
  custom:scripting/monoscript/fileName/SkewTextExample.cs: f96859e31fd6dde308d9dc2a2488dcff -> c142d02d70a129e0533975f7c2f96956
  custom:container-demuxer-ogg: 62fdf1f143b41e24485cea50d1cbac27 -> 
  custom:scripting/monoscript/fileName/TMP_TextEventHandler.cs: d0f86a17d6fd3e9995db934eaaf34f18 -> f5cd9d5a43bfefc8f4fec80e6de896a4
  custom:scripting/monoscript/fileName/TextMeshProFloatingText.cs: 5a37842f75734e7729f89af9a8145a1a -> 92608fa4a6315cd0786d82205e77b697
  custom:scripting/monoscript/fileName/VertexZoom.cs: 2da4737d79388c0362c64482e9ee50d2 -> 650ab1e81d40126e3edcf737cce646e4
  custom:video-codec-MediaFoundation-h265: 746d11721c4dcdbdad8f713fa42b33f4 -> 
  custom:scripting/monoscript/fileName/VertexShakeA.cs: 16900906a98712c9660b9823af1f2500 -> 63ec564c588058369499638dd899e05b
  custom:scripting/monoscript/fileName/TMP_ExampleScript_01.cs: 59997facf165601d8c6263ace2a973a5 -> a9d4be556104ff54e7d240529b3e01dc
  custom:video-decoder-ogg-theora: a1e56fd34408186e4bbccfd4996cb3dc -> 
  custom:scripting/monoscript/fileName/TMP_TextEventCheck.cs: 7ee93fce990cec7a5b67b504d0259dce -> 13505d917eab5868c435e0c2986dadfa
  custom:scripting/monoscript/fileName/TMP_TextSelector_B.cs: c0db108de9ffc9b6f619f3d00162b1c2 -> ba2be21a7486d37b1011342977a2e49d
  custom:scripting/monoscript/fileName/Benchmark01.cs: 1fef48c763f4be76a973f061699dd041 -> 2d3e2cd961730ab95f139a49a673bace
  custom:framework-win-MediaFoundation: 216162199b28c13a410421893ffa2e32 -> 
  custom:scripting/monoscript/fileName/Benchmark02.cs: 92dcd0c0a469d0c0690d8ca0bfe95e6f -> 5640963252ce70910e726415f869ced6
  custom:scripting/monoscript/fileName/DropdownSample.cs: b4fe7efb027fdd4854f643ad764daa8c -> 0a92251794e5f10400149f96c3c59e5d
  custom:scripting/monoscript/fileName/WarpTextExample.cs: c5431dac938081648a3a3ac553c1029b -> 2663459c266363641981c7d17b698d7f
  custom:CustomObjectIndexerAttribute: 9a22284fe3817be447336de3de66b15e -> 
  custom:container-demuxer-webm: 4f35f7cbe854078d1ac9338744f61a02 -> 
  custom:scripting/monoscript/fileName/MainMenuButton.cs: e28869a6863284e74946ac915bb193f6 -> 
  custom:scripting/monoscript/fileName/ChatController.cs: ff21b89493e3dffcbe018a2cc5a10bae -> 876d5ccae6e345dd5d9450eb0a748f16
  custom:scripting/monoscript/fileName/TextMeshSpawner.cs: c0f20e5855e88374db1098a5acc68df4 -> 76f28e2ddb031571e6ec62b018f65fa8
  custom:scripting/monoscript/fileName/TeleType.cs: c18e16db35615314900dbe198d0144e7 -> 31fa97821c4c70f157ec81d507aa6b62
  custom:scripting/monoscript/fileName/Benchmark04.cs: 86dfb70824307c4cf164687df2489226 -> 32220b148620e52aa81c13a114862bf4
  custom:container-muxer-webm: aa71ff27fc2769a1b78a27578f13a17b -> 
  custom:video-decoder-webm-vp8: 9c59270c3fd7afecdb556c50c9e8de78 -> 
  custom:scripting/monoscript/fileName/TMP_PhoneNumberValidator.cs: b4c1c54136dffeb4e2962027ebaa6b1f -> 7c3049f481e464c6a9a15dee56c3126f
  custom:SearchIndexIgnoredProperties: e643bd26f0fe6173181afceb89e7c659 -> 
  custom:AudioImporter_EditorPlatform: d09bf68614088b80899f8185d706f6e7 -> 
  custom:scripting/monoscript/fileName/EnvMapAnimator.cs: 08e040d459cd881082c0dd5daba5f85c -> 1b4f61c17e4b7283c3ac351aacff9d26
  custom:scripting/monoscript/fileName/ShaderPropAnimator.cs: 88b70bc5bbc15375387323f48f0661cf -> 55ce425812446482e623ff2695c94cb2
  custom:scripting/monoscript/fileName/SimpleScript.cs: dcd92cf7399b0d08e25e4a66ab57e91e -> 454caab0c6c050f29b39d82e1d66d0fa
  custom:scripting/monoscript/fileName/ObjectSpin.cs: b34dd4d17018731600f920d50ca840f7 -> 2b96bb2079dd7fa5108d981627a28e1e
  custom:scripting/monoscript/fileName/CameraController.cs: 8d43c2def3a67efed518259a2232b470 -> 34b6be4e23ce86dc89786916c5983296
  custom:scripting/monoscript/fileName/TMP_TextInfoDebugTool.cs: 7aad42023b6f5112c90650ae13bd6dd8 -> 3f1709cfb2cc628169113a35b5e9be3f
  custom:scripting/monoscript/fileName/TMP_TextSelector_A.cs: 088357b4acdc1e6288d897936d29c8d3 -> 347309a09d56e367b188a6978f75b424
  custom:video-encoder-webm-vp8: eb34c28f22e8b96e1ab97ce403110664 -> 
  custom:audio-decoder-ogg-vorbis: bf7c407c2cedff20999df2af8eb42d56 -> 
  custom:scripting/monoscript/fileName/VertexJitter.cs: 6330f950b41eff6e5970f129864ecd6c -> d27eb5498e48714a66aece98da065133
  custom:scripting/monoscript/fileName/TextConsoleSimulator.cs: f2c8898b26c0cf2b0a1c7d12d99e6769 -> 33fc311abb20b5b0ed8f00e4d86b574e
  custom:scripting/monoscript/fileName/VertexColorCycler.cs: 135fb0ebdaf256193ccc08218c426c64 -> 5f984ca91cf3609293aecc6bc5641572
  custom:scripting/monoscript/fileName/TMP_FrameRateCounter.cs: 8afeb6f0251e063dcfff2bd827f92c62 -> 46f655df8cb483ac5958307137b1585a
  custom:scripting/monoscript/fileName/VertexShakeB.cs: 587e5b2aecc39120c2c9ff69742ce897 -> a6f78c4fcda1a29a1a1c1baefedba9e7
  custom:scripting/monoscript/fileName/TMP_UiFrameRateCounter.cs: 8fa3bcf761bb5076fd90d0361518d59c -> b01021aea19247f14a98ab338907956a
  custom:scripting/monoscript/fileName/TMPro_InstructionOverlay.cs: 194f3617683541355a9c6c8193e87b1c -> b626d2270e6ebd5c4311585c18b58d8d
  custom:scripting/monoscript/fileName/TMP_DigitValidator.cs: 4e5cde653ae28b90ab257e866c94dfce -> ac02af96215ae3951a3cce9e1a8c6085
  custom:audio-encoder-webm-vorbis: bf7c407c2cedff20999df2af8eb42d56 -> 
  custom:scripting/monoscript/fileName/Benchmark01_UGUI.cs: 52a24b07fcdd062ef495404efdb65870 -> 6148cfe2627b7708298f301788144139
  custom:scripting/precompiled-assembly-types:Assembly-CSharp: d6dbaa4c869d194b03c2f976e23ca9b2 -> f39d0e8e1a2bdc72903fb33acfa56b16
  custom:scripting/monoscript/fileName/Benchmark03.cs: 520976d641c2b7cf395e30b045f5a45d -> 17cc87e0529ac71d909a946afb47a274
========================================================================
Received Import Request.
  Time since last request: 319.336317 seconds.
  path: Assets/Crion/Scripts/MainMenuButton.cs
  artifactKey: Guid(967a06e2bfcee674dbac4652c63a40ae) Importer(815301076,1909f56bfc062723c751e8b465ee728b)
Start importing Assets/Crion/Scripts/MainMenuButton.cs using Guid(967a06e2bfcee674dbac4652c63a40ae) Importer(815301076,1909f56bfc062723c751e8b465ee728b) [PhysX] Initialized MultithreadedTaskDispatcher with 16 workers.
 -> (artifact id: '8c0adb4cd90094a1acecae123d0e1f22') in 0.002747 seconds
Number of updated asset objects reloaded before import = 0
Number of asset objects unloaded after import = 0
========================================================================
Received Prepare
Caller must complete domain reload
Begin MonoManager ReloadAssembly
- Loaded All Assemblies, in  0.564 seconds
Native extension for WindowsStandalone target not found
Native extension for Android target not found
Native extension for WebGL target not found
Mono: successfully reloaded assembly
- Finished resetting the current domain, in  1.979 seconds
Domain Reload Profiling: 2542ms
	BeginReloadAssembly (191ms)
		ExecutionOrderSort (0ms)
		DisableScriptedObjects (9ms)
		BackupInstance (0ms)
		ReleaseScriptingObjects (0ms)
		CreateAndSetChildDomain (41ms)
	RebuildCommonClasses (43ms)
	RebuildNativeTypeToScriptingClass (15ms)
	initialDomainReloadingComplete (39ms)
	LoadAllAssembliesAndSetupDomain (275ms)
		LoadAssemblies (365ms)
		RebuildTransferFunctionScriptingTraits (0ms)
		AnalyzeDomain (14ms)
			TypeCache.Refresh (6ms)
				TypeCache.ScanAssembly (0ms)
			ScanForSourceGeneratedMonoScriptInfo (0ms)
			ResolveRequiredComponents (7ms)
	FinalizeReload (1979ms)
		ReleaseScriptCaches (0ms)
		RebuildScriptCaches (0ms)
		SetupLoadedEditorAssemblies (767ms)
			LogAssemblyErrors (0ms)
			InitializePlatformSupportModulesInManaged (24ms)
			SetLoadedEditorAssemblies (6ms)
			RefreshPlugins (0ms)
			BeforeProcessingInitializeOnLoad (82ms)
			ProcessInitializeOnLoadAttributes (625ms)
			ProcessInitializeOnLoadMethodAttributes (28ms)
			AfterProcessingInitializeOnLoad (2ms)
			EditorAssembliesLoaded (0ms)
		ExecutionOrderSort2 (0ms)
		AwakeInstancesAfterBackupRestoration (8ms)
Refreshing native plugins compatible for Editor in 5.84 ms, found 6 plugins.
Preloading 0 native plugins for Editor in 0.00 ms.
Unloading 3342 Unused Serialized files (Serialized files now loaded: 0)
Unloading 14 unused Assets / (28.5 KB). Loaded Objects now: 3850.
Memory consumption went from 124.2 MB to 124.1 MB.
Total: 7.786900 ms (FindLiveObjects: 0.583900 ms CreateObjectMapping: 0.155000 ms MarkObjects: 6.975400 ms  DeleteObjects: 0.071200 ms)

Prepare: number of updated asset objects reloaded= 0
AssetImportParameters requested are different than current active one (requested -> active):
  custom:scripting/monoscript/fileName/SkewTextExample.cs: f96859e31fd6dde308d9dc2a2488dcff -> c142d02d70a129e0533975f7c2f96956
  custom:container-demuxer-ogg: 62fdf1f143b41e24485cea50d1cbac27 -> 
  custom:scripting/monoscript/fileName/TMP_TextEventHandler.cs: d0f86a17d6fd3e9995db934eaaf34f18 -> f5cd9d5a43bfefc8f4fec80e6de896a4
  custom:scripting/monoscript/fileName/TextMeshProFloatingText.cs: 5a37842f75734e7729f89af9a8145a1a -> 92608fa4a6315cd0786d82205e77b697
  custom:scripting/monoscript/fileName/VertexZoom.cs: 2da4737d79388c0362c64482e9ee50d2 -> 650ab1e81d40126e3edcf737cce646e4
  custom:video-codec-MediaFoundation-h265: 746d11721c4dcdbdad8f713fa42b33f4 -> 
  custom:scripting/monoscript/fileName/VertexShakeA.cs: 16900906a98712c9660b9823af1f2500 -> 63ec564c588058369499638dd899e05b
  custom:scripting/monoscript/fileName/TMP_ExampleScript_01.cs: 59997facf165601d8c6263ace2a973a5 -> a9d4be556104ff54e7d240529b3e01dc
  custom:video-decoder-ogg-theora: a1e56fd34408186e4bbccfd4996cb3dc -> 
  custom:scripting/monoscript/fileName/TMP_TextEventCheck.cs: 7ee93fce990cec7a5b67b504d0259dce -> 13505d917eab5868c435e0c2986dadfa
  custom:scripting/monoscript/fileName/TMP_TextSelector_B.cs: c0db108de9ffc9b6f619f3d00162b1c2 -> ba2be21a7486d37b1011342977a2e49d
  custom:scripting/monoscript/fileName/Benchmark01.cs: 1fef48c763f4be76a973f061699dd041 -> 2d3e2cd961730ab95f139a49a673bace
  custom:framework-win-MediaFoundation: 216162199b28c13a410421893ffa2e32 -> 
  custom:scripting/monoscript/fileName/Benchmark02.cs: 92dcd0c0a469d0c0690d8ca0bfe95e6f -> 5640963252ce70910e726415f869ced6
  custom:scripting/monoscript/fileName/DropdownSample.cs: b4fe7efb027fdd4854f643ad764daa8c -> 0a92251794e5f10400149f96c3c59e5d
  custom:scripting/monoscript/fileName/WarpTextExample.cs: c5431dac938081648a3a3ac553c1029b -> 2663459c266363641981c7d17b698d7f
  custom:CustomObjectIndexerAttribute: 9a22284fe3817be447336de3de66b15e -> 
  custom:container-demuxer-webm: 4f35f7cbe854078d1ac9338744f61a02 -> 
  custom:scripting/monoscript/fileName/MainMenuButton.cs: e28869a6863284e74946ac915bb193f6 -> 
  custom:scripting/monoscript/fileName/ChatController.cs: ff21b89493e3dffcbe018a2cc5a10bae -> 876d5ccae6e345dd5d9450eb0a748f16
  custom:scripting/monoscript/fileName/TextMeshSpawner.cs: c0f20e5855e88374db1098a5acc68df4 -> 76f28e2ddb031571e6ec62b018f65fa8
  custom:scripting/monoscript/fileName/TeleType.cs: c18e16db35615314900dbe198d0144e7 -> 31fa97821c4c70f157ec81d507aa6b62
  custom:scripting/monoscript/fileName/Benchmark04.cs: 86dfb70824307c4cf164687df2489226 -> 32220b148620e52aa81c13a114862bf4
  custom:container-muxer-webm: aa71ff27fc2769a1b78a27578f13a17b -> 
  custom:video-decoder-webm-vp8: 9c59270c3fd7afecdb556c50c9e8de78 -> 
  custom:scripting/monoscript/fileName/TMP_PhoneNumberValidator.cs: b4c1c54136dffeb4e2962027ebaa6b1f -> 7c3049f481e464c6a9a15dee56c3126f
  custom:SearchIndexIgnoredProperties: e643bd26f0fe6173181afceb89e7c659 -> 
  custom:AudioImporter_EditorPlatform: d09bf68614088b80899f8185d706f6e7 -> 
  custom:scripting/monoscript/fileName/EnvMapAnimator.cs: 08e040d459cd881082c0dd5daba5f85c -> 1b4f61c17e4b7283c3ac351aacff9d26
  custom:scripting/monoscript/fileName/ShaderPropAnimator.cs: 88b70bc5bbc15375387323f48f0661cf -> 55ce425812446482e623ff2695c94cb2
  custom:scripting/monoscript/fileName/SimpleScript.cs: dcd92cf7399b0d08e25e4a66ab57e91e -> 454caab0c6c050f29b39d82e1d66d0fa
  custom:scripting/monoscript/fileName/ObjectSpin.cs: b34dd4d17018731600f920d50ca840f7 -> 2b96bb2079dd7fa5108d981627a28e1e
  custom:scripting/monoscript/fileName/CameraController.cs: 8d43c2def3a67efed518259a2232b470 -> 34b6be4e23ce86dc89786916c5983296
  custom:scripting/monoscript/fileName/TMP_TextInfoDebugTool.cs: 7aad42023b6f5112c90650ae13bd6dd8 -> 3f1709cfb2cc628169113a35b5e9be3f
  custom:scripting/monoscript/fileName/TMP_TextSelector_A.cs: 088357b4acdc1e6288d897936d29c8d3 -> 347309a09d56e367b188a6978f75b424
  custom:video-encoder-webm-vp8: eb34c28f22e8b96e1ab97ce403110664 -> 
  custom:audio-decoder-ogg-vorbis: bf7c407c2cedff20999df2af8eb42d56 -> 
  custom:scripting/monoscript/fileName/VertexJitter.cs: 6330f950b41eff6e5970f129864ecd6c -> d27eb5498e48714a66aece98da065133
  custom:scripting/monoscript/fileName/TextConsoleSimulator.cs: f2c8898b26c0cf2b0a1c7d12d99e6769 -> 33fc311abb20b5b0ed8f00e4d86b574e
  custom:scripting/monoscript/fileName/VertexColorCycler.cs: 135fb0ebdaf256193ccc08218c426c64 -> 5f984ca91cf3609293aecc6bc5641572
  custom:scripting/monoscript/fileName/TMP_FrameRateCounter.cs: 8afeb6f0251e063dcfff2bd827f92c62 -> 46f655df8cb483ac5958307137b1585a
  custom:scripting/monoscript/fileName/VertexShakeB.cs: 587e5b2aecc39120c2c9ff69742ce897 -> a6f78c4fcda1a29a1a1c1baefedba9e7
  custom:scripting/monoscript/fileName/TMP_UiFrameRateCounter.cs: 8fa3bcf761bb5076fd90d0361518d59c -> b01021aea19247f14a98ab338907956a
  custom:scripting/monoscript/fileName/TMPro_InstructionOverlay.cs: 194f3617683541355a9c6c8193e87b1c -> b626d2270e6ebd5c4311585c18b58d8d
  custom:scripting/monoscript/fileName/TMP_DigitValidator.cs: 4e5cde653ae28b90ab257e866c94dfce -> ac02af96215ae3951a3cce9e1a8c6085
  custom:audio-encoder-webm-vorbis: bf7c407c2cedff20999df2af8eb42d56 -> 
  custom:scripting/monoscript/fileName/Benchmark01_UGUI.cs: 52a24b07fcdd062ef495404efdb65870 -> 6148cfe2627b7708298f301788144139
  custom:scripting/precompiled-assembly-types:Assembly-CSharp: d6dbaa4c869d194b03c2f976e23ca9b2 -> f39d0e8e1a2bdc72903fb33acfa56b16
  custom:scripting/monoscript/fileName/Benchmark03.cs: 520976d641c2b7cf395e30b045f5a45d -> 17cc87e0529ac71d909a946afb47a274
========================================================================
Received Prepare
Caller must complete domain reload
Begin MonoManager ReloadAssembly
- Loaded All Assemblies, in  0.737 seconds
Native extension for WindowsStandalone target not found
Native extension for Android target not found
Native extension for WebGL target not found
Mono: successfully reloaded assembly
- Finished resetting the current domain, in  1.785 seconds
Domain Reload Profiling: 2522ms
	BeginReloadAssembly (256ms)
		ExecutionOrderSort (0ms)
		DisableScriptedObjects (9ms)
		BackupInstance (0ms)
		ReleaseScriptingObjects (0ms)
		CreateAndSetChildDomain (50ms)
	RebuildCommonClasses (67ms)
	RebuildNativeTypeToScriptingClass (25ms)
	initialDomainReloadingComplete (51ms)
	LoadAllAssembliesAndSetupDomain (336ms)
		LoadAssemblies (445ms)
		RebuildTransferFunctionScriptingTraits (0ms)
		AnalyzeDomain (43ms)
			TypeCache.Refresh (14ms)
				TypeCache.ScanAssembly (1ms)
			ScanForSourceGeneratedMonoScriptInfo (13ms)
			ResolveRequiredComponents (13ms)
	FinalizeReload (1786ms)
		ReleaseScriptCaches (0ms)
		RebuildScriptCaches (0ms)
		SetupLoadedEditorAssemblies (932ms)
			LogAssemblyErrors (0ms)
			InitializePlatformSupportModulesInManaged (24ms)
			SetLoadedEditorAssemblies (9ms)
			RefreshPlugins (0ms)
			BeforeProcessingInitializeOnLoad (103ms)
			ProcessInitializeOnLoadAttributes (757ms)
			ProcessInitializeOnLoadMethodAttributes (36ms)
			AfterProcessingInitializeOnLoad (3ms)
			EditorAssembliesLoaded (0ms)
		ExecutionOrderSort2 (0ms)
		AwakeInstancesAfterBackupRestoration (13ms)
Refreshing native plugins compatible for Editor in 6.48 ms, found 6 plugins.
Preloading 0 native plugins for Editor in 0.00 ms.
Unloading 3343 Unused Serialized files (Serialized files now loaded: 0)
Unloading 14 unused Assets / (28.6 KB). Loaded Objects now: 3853.
Memory consumption went from 124.4 MB to 124.4 MB.
Total: 5.989700 ms (FindLiveObjects: 0.600200 ms CreateObjectMapping: 0.680300 ms MarkObjects: 4.630800 ms  DeleteObjects: 0.076900 ms)

Prepare: number of updated asset objects reloaded= 0
AssetImportParameters requested are different than current active one (requested -> active):
  custom:scripting/monoscript/fileName/SkewTextExample.cs: f96859e31fd6dde308d9dc2a2488dcff -> c142d02d70a129e0533975f7c2f96956
  custom:container-demuxer-ogg: 62fdf1f143b41e24485cea50d1cbac27 -> 
  custom:scripting/monoscript/fileName/TMP_TextEventHandler.cs: d0f86a17d6fd3e9995db934eaaf34f18 -> f5cd9d5a43bfefc8f4fec80e6de896a4
  custom:scripting/monoscript/fileName/TextMeshProFloatingText.cs: 5a37842f75734e7729f89af9a8145a1a -> 92608fa4a6315cd0786d82205e77b697
  custom:scripting/monoscript/fileName/VertexZoom.cs: 2da4737d79388c0362c64482e9ee50d2 -> 650ab1e81d40126e3edcf737cce646e4
  custom:video-codec-MediaFoundation-h265: 746d11721c4dcdbdad8f713fa42b33f4 -> 
  custom:scripting/monoscript/fileName/VertexShakeA.cs: 16900906a98712c9660b9823af1f2500 -> 63ec564c588058369499638dd899e05b
  custom:scripting/monoscript/fileName/TMP_ExampleScript_01.cs: 59997facf165601d8c6263ace2a973a5 -> a9d4be556104ff54e7d240529b3e01dc
  custom:video-decoder-ogg-theora: a1e56fd34408186e4bbccfd4996cb3dc -> 
  custom:scripting/monoscript/fileName/TMP_TextEventCheck.cs: 7ee93fce990cec7a5b67b504d0259dce -> 13505d917eab5868c435e0c2986dadfa
  custom:scripting/monoscript/fileName/TMP_TextSelector_B.cs: c0db108de9ffc9b6f619f3d00162b1c2 -> ba2be21a7486d37b1011342977a2e49d
  custom:scripting/monoscript/fileName/Benchmark01.cs: 1fef48c763f4be76a973f061699dd041 -> 2d3e2cd961730ab95f139a49a673bace
  custom:framework-win-MediaFoundation: 216162199b28c13a410421893ffa2e32 -> 
  custom:scripting/monoscript/fileName/Benchmark02.cs: 92dcd0c0a469d0c0690d8ca0bfe95e6f -> 5640963252ce70910e726415f869ced6
  custom:scripting/monoscript/fileName/DropdownSample.cs: b4fe7efb027fdd4854f643ad764daa8c -> 0a92251794e5f10400149f96c3c59e5d
  custom:scripting/monoscript/fileName/WarpTextExample.cs: c5431dac938081648a3a3ac553c1029b -> 2663459c266363641981c7d17b698d7f
  custom:CustomObjectIndexerAttribute: 9a22284fe3817be447336de3de66b15e -> 
  custom:container-demuxer-webm: 4f35f7cbe854078d1ac9338744f61a02 -> 
  custom:scripting/monoscript/fileName/MainMenuButton.cs: e28869a6863284e74946ac915bb193f6 -> 
  custom:scripting/monoscript/fileName/ChatController.cs: ff21b89493e3dffcbe018a2cc5a10bae -> 876d5ccae6e345dd5d9450eb0a748f16
  custom:scripting/monoscript/fileName/TextMeshSpawner.cs: c0f20e5855e88374db1098a5acc68df4 -> 76f28e2ddb031571e6ec62b018f65fa8
  custom:scripting/monoscript/fileName/TeleType.cs: c18e16db35615314900dbe198d0144e7 -> 31fa97821c4c70f157ec81d507aa6b62
  custom:scripting/monoscript/fileName/Benchmark04.cs: 86dfb70824307c4cf164687df2489226 -> 32220b148620e52aa81c13a114862bf4
  custom:container-muxer-webm: aa71ff27fc2769a1b78a27578f13a17b -> 
  custom:video-decoder-webm-vp8: 9c59270c3fd7afecdb556c50c9e8de78 -> 
  custom:scripting/monoscript/fileName/TMP_PhoneNumberValidator.cs: b4c1c54136dffeb4e2962027ebaa6b1f -> 7c3049f481e464c6a9a15dee56c3126f
  custom:SearchIndexIgnoredProperties: e643bd26f0fe6173181afceb89e7c659 -> 
  custom:AudioImporter_EditorPlatform: d09bf68614088b80899f8185d706f6e7 -> 
  custom:scripting/monoscript/fileName/EnvMapAnimator.cs: 08e040d459cd881082c0dd5daba5f85c -> 1b4f61c17e4b7283c3ac351aacff9d26
  custom:scripting/monoscript/fileName/ShaderPropAnimator.cs: 88b70bc5bbc15375387323f48f0661cf -> 55ce425812446482e623ff2695c94cb2
  custom:scripting/monoscript/fileName/SimpleScript.cs: dcd92cf7399b0d08e25e4a66ab57e91e -> 454caab0c6c050f29b39d82e1d66d0fa
  custom:scripting/monoscript/fileName/ObjectSpin.cs: b34dd4d17018731600f920d50ca840f7 -> 2b96bb2079dd7fa5108d981627a28e1e
  custom:scripting/monoscript/fileName/CameraController.cs: 8d43c2def3a67efed518259a2232b470 -> 34b6be4e23ce86dc89786916c5983296
  custom:scripting/monoscript/fileName/TMP_TextInfoDebugTool.cs: 7aad42023b6f5112c90650ae13bd6dd8 -> 3f1709cfb2cc628169113a35b5e9be3f
  custom:scripting/monoscript/fileName/TMP_TextSelector_A.cs: 088357b4acdc1e6288d897936d29c8d3 -> 347309a09d56e367b188a6978f75b424
  custom:video-encoder-webm-vp8: eb34c28f22e8b96e1ab97ce403110664 -> 
  custom:audio-decoder-ogg-vorbis: bf7c407c2cedff20999df2af8eb42d56 -> 
  custom:scripting/monoscript/fileName/VertexJitter.cs: 6330f950b41eff6e5970f129864ecd6c -> d27eb5498e48714a66aece98da065133
  custom:scripting/monoscript/fileName/TextConsoleSimulator.cs: f2c8898b26c0cf2b0a1c7d12d99e6769 -> 33fc311abb20b5b0ed8f00e4d86b574e
  custom:scripting/monoscript/fileName/VertexColorCycler.cs: 135fb0ebdaf256193ccc08218c426c64 -> 5f984ca91cf3609293aecc6bc5641572
  custom:scripting/monoscript/fileName/TMP_FrameRateCounter.cs: 8afeb6f0251e063dcfff2bd827f92c62 -> 46f655df8cb483ac5958307137b1585a
  custom:scripting/monoscript/fileName/VertexShakeB.cs: 587e5b2aecc39120c2c9ff69742ce897 -> a6f78c4fcda1a29a1a1c1baefedba9e7
  custom:scripting/monoscript/fileName/TMP_UiFrameRateCounter.cs: 8fa3bcf761bb5076fd90d0361518d59c -> b01021aea19247f14a98ab338907956a
  custom:scripting/monoscript/fileName/TMPro_InstructionOverlay.cs: 194f3617683541355a9c6c8193e87b1c -> b626d2270e6ebd5c4311585c18b58d8d
  custom:scripting/monoscript/fileName/TMP_DigitValidator.cs: 4e5cde653ae28b90ab257e866c94dfce -> ac02af96215ae3951a3cce9e1a8c6085
  custom:audio-encoder-webm-vorbis: bf7c407c2cedff20999df2af8eb42d56 -> 
  custom:scripting/monoscript/fileName/Benchmark01_UGUI.cs: 52a24b07fcdd062ef495404efdb65870 -> 6148cfe2627b7708298f301788144139
  custom:scripting/precompiled-assembly-types:Assembly-CSharp: d6dbaa4c869d194b03c2f976e23ca9b2 -> f39d0e8e1a2bdc72903fb33acfa56b16
  custom:scripting/monoscript/fileName/Benchmark03.cs: 520976d641c2b7cf395e30b045f5a45d -> 17cc87e0529ac71d909a946afb47a274
========================================================================
Received Prepare
Caller must complete domain reload
Begin MonoManager ReloadAssembly
- Loaded All Assemblies, in  0.541 seconds
Native extension for WindowsStandalone target not found
Native extension for Android target not found
Native extension for WebGL target not found
Mono: successfully reloaded assembly
- Finished resetting the current domain, in  1.518 seconds
Domain Reload Profiling: 2059ms
	BeginReloadAssembly (213ms)
		ExecutionOrderSort (0ms)
		DisableScriptedObjects (7ms)
		BackupInstance (0ms)
		ReleaseScriptingObjects (0ms)
		CreateAndSetChildDomain (49ms)
	RebuildCommonClasses (54ms)
	RebuildNativeTypeToScriptingClass (16ms)
	initialDomainReloadingComplete (33ms)
	LoadAllAssembliesAndSetupDomain (224ms)
		LoadAssemblies (331ms)
		RebuildTransferFunctionScriptingTraits (0ms)
		AnalyzeDomain (16ms)
			TypeCache.Refresh (7ms)
				TypeCache.ScanAssembly (0ms)
			ScanForSourceGeneratedMonoScriptInfo (0ms)
			ResolveRequiredComponents (7ms)
	FinalizeReload (1519ms)
		ReleaseScriptCaches (0ms)
		RebuildScriptCaches (0ms)
		SetupLoadedEditorAssemblies (891ms)
			LogAssemblyErrors (0ms)
			InitializePlatformSupportModulesInManaged (26ms)
			SetLoadedEditorAssemblies (6ms)
			RefreshPlugins (0ms)
			BeforeProcessingInitializeOnLoad (94ms)
			ProcessInitializeOnLoadAttributes (732ms)
			ProcessInitializeOnLoadMethodAttributes (28ms)
			AfterProcessingInitializeOnLoad (5ms)
			EditorAssembliesLoaded (0ms)
		ExecutionOrderSort2 (0ms)
		AwakeInstancesAfterBackupRestoration (13ms)
Refreshing native plugins compatible for Editor in 5.88 ms, found 6 plugins.
Preloading 0 native plugins for Editor in 0.00 ms.
Unloading 3343 Unused Serialized files (Serialized files now loaded: 0)
Unloading 14 unused Assets / (28.5 KB). Loaded Objects now: 3856.
Memory consumption went from 124.4 MB to 124.4 MB.
Total: 8.091000 ms (FindLiveObjects: 0.530500 ms CreateObjectMapping: 0.257200 ms MarkObjects: 7.228000 ms  DeleteObjects: 0.073800 ms)

Prepare: number of updated asset objects reloaded= 0
AssetImportParameters requested are different than current active one (requested -> active):
  custom:scripting/monoscript/fileName/SkewTextExample.cs: f96859e31fd6dde308d9dc2a2488dcff -> c142d02d70a129e0533975f7c2f96956
  custom:container-demuxer-ogg: 62fdf1f143b41e24485cea50d1cbac27 -> 
  custom:scripting/monoscript/fileName/TMP_TextEventHandler.cs: d0f86a17d6fd3e9995db934eaaf34f18 -> f5cd9d5a43bfefc8f4fec80e6de896a4
  custom:scripting/monoscript/fileName/TextMeshProFloatingText.cs: 5a37842f75734e7729f89af9a8145a1a -> 92608fa4a6315cd0786d82205e77b697
  custom:scripting/monoscript/fileName/VertexZoom.cs: 2da4737d79388c0362c64482e9ee50d2 -> 650ab1e81d40126e3edcf737cce646e4
  custom:video-codec-MediaFoundation-h265: 746d11721c4dcdbdad8f713fa42b33f4 -> 
  custom:scripting/monoscript/fileName/VertexShakeA.cs: 16900906a98712c9660b9823af1f2500 -> 63ec564c588058369499638dd899e05b
  custom:scripting/monoscript/fileName/TMP_ExampleScript_01.cs: 59997facf165601d8c6263ace2a973a5 -> a9d4be556104ff54e7d240529b3e01dc
  custom:video-decoder-ogg-theora: a1e56fd34408186e4bbccfd4996cb3dc -> 
  custom:scripting/monoscript/fileName/TMP_TextEventCheck.cs: 7ee93fce990cec7a5b67b504d0259dce -> 13505d917eab5868c435e0c2986dadfa
  custom:scripting/monoscript/fileName/TMP_TextSelector_B.cs: c0db108de9ffc9b6f619f3d00162b1c2 -> ba2be21a7486d37b1011342977a2e49d
  custom:scripting/monoscript/fileName/Benchmark01.cs: 1fef48c763f4be76a973f061699dd041 -> 2d3e2cd961730ab95f139a49a673bace
  custom:framework-win-MediaFoundation: 216162199b28c13a410421893ffa2e32 -> 
  custom:scripting/monoscript/fileName/Benchmark02.cs: 92dcd0c0a469d0c0690d8ca0bfe95e6f -> 5640963252ce70910e726415f869ced6
  custom:scripting/monoscript/fileName/DropdownSample.cs: b4fe7efb027fdd4854f643ad764daa8c -> 0a92251794e5f10400149f96c3c59e5d
  custom:scripting/monoscript/fileName/WarpTextExample.cs: c5431dac938081648a3a3ac553c1029b -> 2663459c266363641981c7d17b698d7f
  custom:CustomObjectIndexerAttribute: 9a22284fe3817be447336de3de66b15e -> 
  custom:container-demuxer-webm: 4f35f7cbe854078d1ac9338744f61a02 -> 
  custom:scripting/monoscript/fileName/MainMenuButton.cs: e28869a6863284e74946ac915bb193f6 -> 
  custom:scripting/monoscript/fileName/ChatController.cs: ff21b89493e3dffcbe018a2cc5a10bae -> 876d5ccae6e345dd5d9450eb0a748f16
  custom:scripting/monoscript/fileName/TextMeshSpawner.cs: c0f20e5855e88374db1098a5acc68df4 -> 76f28e2ddb031571e6ec62b018f65fa8
  custom:scripting/monoscript/fileName/TeleType.cs: c18e16db35615314900dbe198d0144e7 -> 31fa97821c4c70f157ec81d507aa6b62
  custom:scripting/monoscript/fileName/Benchmark04.cs: 86dfb70824307c4cf164687df2489226 -> 32220b148620e52aa81c13a114862bf4
  custom:container-muxer-webm: aa71ff27fc2769a1b78a27578f13a17b -> 
  custom:video-decoder-webm-vp8: 9c59270c3fd7afecdb556c50c9e8de78 -> 
  custom:scripting/monoscript/fileName/TMP_PhoneNumberValidator.cs: b4c1c54136dffeb4e2962027ebaa6b1f -> 7c3049f481e464c6a9a15dee56c3126f
  custom:SearchIndexIgnoredProperties: e643bd26f0fe6173181afceb89e7c659 -> 
  custom:AudioImporter_EditorPlatform: d09bf68614088b80899f8185d706f6e7 -> 
  custom:scripting/monoscript/fileName/EnvMapAnimator.cs: 08e040d459cd881082c0dd5daba5f85c -> 1b4f61c17e4b7283c3ac351aacff9d26
  custom:scripting/monoscript/fileName/ShaderPropAnimator.cs: 88b70bc5bbc15375387323f48f0661cf -> 55ce425812446482e623ff2695c94cb2
  custom:scripting/monoscript/fileName/SimpleScript.cs: dcd92cf7399b0d08e25e4a66ab57e91e -> 454caab0c6c050f29b39d82e1d66d0fa
  custom:scripting/monoscript/fileName/ObjectSpin.cs: b34dd4d17018731600f920d50ca840f7 -> 2b96bb2079dd7fa5108d981627a28e1e
  custom:scripting/monoscript/fileName/CameraController.cs: 8d43c2def3a67efed518259a2232b470 -> 34b6be4e23ce86dc89786916c5983296
  custom:scripting/monoscript/fileName/TMP_TextInfoDebugTool.cs: 7aad42023b6f5112c90650ae13bd6dd8 -> 3f1709cfb2cc628169113a35b5e9be3f
  custom:scripting/monoscript/fileName/TMP_TextSelector_A.cs: 088357b4acdc1e6288d897936d29c8d3 -> 347309a09d56e367b188a6978f75b424
  custom:video-encoder-webm-vp8: eb34c28f22e8b96e1ab97ce403110664 -> 
  custom:audio-decoder-ogg-vorbis: bf7c407c2cedff20999df2af8eb42d56 -> 
  custom:scripting/monoscript/fileName/VertexJitter.cs: 6330f950b41eff6e5970f129864ecd6c -> d27eb5498e48714a66aece98da065133
  custom:scripting/monoscript/fileName/TextConsoleSimulator.cs: f2c8898b26c0cf2b0a1c7d12d99e6769 -> 33fc311abb20b5b0ed8f00e4d86b574e
  custom:scripting/monoscript/fileName/VertexColorCycler.cs: 135fb0ebdaf256193ccc08218c426c64 -> 5f984ca91cf3609293aecc6bc5641572
  custom:scripting/monoscript/fileName/TMP_FrameRateCounter.cs: 8afeb6f0251e063dcfff2bd827f92c62 -> 46f655df8cb483ac5958307137b1585a
  custom:scripting/monoscript/fileName/VertexShakeB.cs: 587e5b2aecc39120c2c9ff69742ce897 -> a6f78c4fcda1a29a1a1c1baefedba9e7
  custom:scripting/monoscript/fileName/TMP_UiFrameRateCounter.cs: 8fa3bcf761bb5076fd90d0361518d59c -> b01021aea19247f14a98ab338907956a
  custom:scripting/monoscript/fileName/TMPro_InstructionOverlay.cs: 194f3617683541355a9c6c8193e87b1c -> b626d2270e6ebd5c4311585c18b58d8d
  custom:scripting/monoscript/fileName/TMP_DigitValidator.cs: 4e5cde653ae28b90ab257e866c94dfce -> ac02af96215ae3951a3cce9e1a8c6085
  custom:audio-encoder-webm-vorbis: bf7c407c2cedff20999df2af8eb42d56 -> 
  custom:scripting/monoscript/fileName/Benchmark01_UGUI.cs: 52a24b07fcdd062ef495404efdb65870 -> 6148cfe2627b7708298f301788144139
  custom:scripting/precompiled-assembly-types:Assembly-CSharp: d6dbaa4c869d194b03c2f976e23ca9b2 -> f39d0e8e1a2bdc72903fb33acfa56b16
  custom:scripting/monoscript/fileName/Benchmark03.cs: 520976d641c2b7cf395e30b045f5a45d -> 17cc87e0529ac71d909a946afb47a274
========================================================================
Received Prepare
Caller must complete domain reload
Begin MonoManager ReloadAssembly
- Loaded All Assemblies, in  0.438 seconds
Native extension for WindowsStandalone target not found
Native extension for Android target not found
Native extension for WebGL target not found
Mono: successfully reloaded assembly
- Finished resetting the current domain, in  1.066 seconds
Domain Reload Profiling: 1504ms
	BeginReloadAssembly (163ms)
		ExecutionOrderSort (0ms)
		DisableScriptedObjects (6ms)
		BackupInstance (0ms)
		ReleaseScriptingObjects (0ms)
		CreateAndSetChildDomain (35ms)
	RebuildCommonClasses (42ms)
	RebuildNativeTypeToScriptingClass (11ms)
	initialDomainReloadingComplete (27ms)
	LoadAllAssembliesAndSetupDomain (193ms)
		LoadAssemblies (270ms)
		RebuildTransferFunctionScriptingTraits (0ms)
		AnalyzeDomain (13ms)
			TypeCache.Refresh (5ms)
				TypeCache.ScanAssembly (0ms)
			ScanForSourceGeneratedMonoScriptInfo (0ms)
			ResolveRequiredComponents (5ms)
	FinalizeReload (1066ms)
		ReleaseScriptCaches (0ms)
		RebuildScriptCaches (0ms)
		SetupLoadedEditorAssemblies (566ms)
			LogAssemblyErrors (0ms)
			InitializePlatformSupportModulesInManaged (16ms)
			SetLoadedEditorAssemblies (5ms)
			RefreshPlugins (0ms)
			BeforeProcessingInitializeOnLoad (58ms)
			ProcessInitializeOnLoadAttributes (466ms)
			ProcessInitializeOnLoadMethodAttributes (18ms)
			AfterProcessingInitializeOnLoad (3ms)
			EditorAssembliesLoaded (0ms)
		ExecutionOrderSort2 (0ms)
		AwakeInstancesAfterBackupRestoration (6ms)
Refreshing native plugins compatible for Editor in 4.12 ms, found 6 plugins.
Preloading 0 native plugins for Editor in 0.00 ms.
Unloading 3343 Unused Serialized files (Serialized files now loaded: 0)
Unloading 14 unused Assets / (28.5 KB). Loaded Objects now: 3859.
Memory consumption went from 124.4 MB to 124.4 MB.
Total: 8.109700 ms (FindLiveObjects: 0.509400 ms CreateObjectMapping: 0.153700 ms MarkObjects: 7.381500 ms  DeleteObjects: 0.063700 ms)

Prepare: number of updated asset objects reloaded= 0
AssetImportParameters requested are different than current active one (requested -> active):
  custom:scripting/monoscript/fileName/SkewTextExample.cs: f96859e31fd6dde308d9dc2a2488dcff -> c142d02d70a129e0533975f7c2f96956
  custom:container-demuxer-ogg: 62fdf1f143b41e24485cea50d1cbac27 -> 
  custom:scripting/monoscript/fileName/TMP_TextEventHandler.cs: d0f86a17d6fd3e9995db934eaaf34f18 -> f5cd9d5a43bfefc8f4fec80e6de896a4
  custom:scripting/monoscript/fileName/TextMeshProFloatingText.cs: 5a37842f75734e7729f89af9a8145a1a -> 92608fa4a6315cd0786d82205e77b697
  custom:scripting/monoscript/fileName/VertexZoom.cs: 2da4737d79388c0362c64482e9ee50d2 -> 650ab1e81d40126e3edcf737cce646e4
  custom:video-codec-MediaFoundation-h265: 746d11721c4dcdbdad8f713fa42b33f4 -> 
  custom:scripting/monoscript/fileName/VertexShakeA.cs: 16900906a98712c9660b9823af1f2500 -> 63ec564c588058369499638dd899e05b
  custom:scripting/monoscript/fileName/TMP_ExampleScript_01.cs: 59997facf165601d8c6263ace2a973a5 -> a9d4be556104ff54e7d240529b3e01dc
  custom:video-decoder-ogg-theora: a1e56fd34408186e4bbccfd4996cb3dc -> 
  custom:scripting/monoscript/fileName/TMP_TextEventCheck.cs: 7ee93fce990cec7a5b67b504d0259dce -> 13505d917eab5868c435e0c2986dadfa
  custom:scripting/monoscript/fileName/TMP_TextSelector_B.cs: c0db108de9ffc9b6f619f3d00162b1c2 -> ba2be21a7486d37b1011342977a2e49d
  custom:scripting/monoscript/fileName/Benchmark01.cs: 1fef48c763f4be76a973f061699dd041 -> 2d3e2cd961730ab95f139a49a673bace
  custom:framework-win-MediaFoundation: 216162199b28c13a410421893ffa2e32 -> 
  custom:scripting/monoscript/fileName/Benchmark02.cs: 92dcd0c0a469d0c0690d8ca0bfe95e6f -> 5640963252ce70910e726415f869ced6
  custom:scripting/monoscript/fileName/DropdownSample.cs: b4fe7efb027fdd4854f643ad764daa8c -> 0a92251794e5f10400149f96c3c59e5d
  custom:scripting/monoscript/fileName/WarpTextExample.cs: c5431dac938081648a3a3ac553c1029b -> 2663459c266363641981c7d17b698d7f
  custom:CustomObjectIndexerAttribute: 9a22284fe3817be447336de3de66b15e -> 
  custom:container-demuxer-webm: 4f35f7cbe854078d1ac9338744f61a02 -> 
  custom:scripting/monoscript/fileName/MainMenuButton.cs: e28869a6863284e74946ac915bb193f6 -> 
  custom:scripting/monoscript/fileName/ChatController.cs: ff21b89493e3dffcbe018a2cc5a10bae -> 876d5ccae6e345dd5d9450eb0a748f16
  custom:scripting/monoscript/fileName/TextMeshSpawner.cs: c0f20e5855e88374db1098a5acc68df4 -> 76f28e2ddb031571e6ec62b018f65fa8
  custom:scripting/monoscript/fileName/TeleType.cs: c18e16db35615314900dbe198d0144e7 -> 31fa97821c4c70f157ec81d507aa6b62
  custom:scripting/monoscript/fileName/Benchmark04.cs: 86dfb70824307c4cf164687df2489226 -> 32220b148620e52aa81c13a114862bf4
  custom:container-muxer-webm: aa71ff27fc2769a1b78a27578f13a17b -> 
  custom:video-decoder-webm-vp8: 9c59270c3fd7afecdb556c50c9e8de78 -> 
  custom:scripting/monoscript/fileName/TMP_PhoneNumberValidator.cs: b4c1c54136dffeb4e2962027ebaa6b1f -> 7c3049f481e464c6a9a15dee56c3126f
  custom:SearchIndexIgnoredProperties: e643bd26f0fe6173181afceb89e7c659 -> 
  custom:AudioImporter_EditorPlatform: d09bf68614088b80899f8185d706f6e7 -> 
  custom:scripting/monoscript/fileName/EnvMapAnimator.cs: 08e040d459cd881082c0dd5daba5f85c -> 1b4f61c17e4b7283c3ac351aacff9d26
  custom:scripting/monoscript/fileName/ShaderPropAnimator.cs: 88b70bc5bbc15375387323f48f0661cf -> 55ce425812446482e623ff2695c94cb2
  custom:scripting/monoscript/fileName/SimpleScript.cs: dcd92cf7399b0d08e25e4a66ab57e91e -> 454caab0c6c050f29b39d82e1d66d0fa
  custom:scripting/monoscript/fileName/ObjectSpin.cs: b34dd4d17018731600f920d50ca840f7 -> 2b96bb2079dd7fa5108d981627a28e1e
  custom:scripting/monoscript/fileName/CameraController.cs: 8d43c2def3a67efed518259a2232b470 -> 34b6be4e23ce86dc89786916c5983296
  custom:scripting/monoscript/fileName/TMP_TextInfoDebugTool.cs: 7aad42023b6f5112c90650ae13bd6dd8 -> 3f1709cfb2cc628169113a35b5e9be3f
  custom:scripting/monoscript/fileName/TMP_TextSelector_A.cs: 088357b4acdc1e6288d897936d29c8d3 -> 347309a09d56e367b188a6978f75b424
  custom:video-encoder-webm-vp8: eb34c28f22e8b96e1ab97ce403110664 -> 
  custom:audio-decoder-ogg-vorbis: bf7c407c2cedff20999df2af8eb42d56 -> 
  custom:scripting/monoscript/fileName/VertexJitter.cs: 6330f950b41eff6e5970f129864ecd6c -> d27eb5498e48714a66aece98da065133
  custom:scripting/monoscript/fileName/TextConsoleSimulator.cs: f2c8898b26c0cf2b0a1c7d12d99e6769 -> 33fc311abb20b5b0ed8f00e4d86b574e
  custom:scripting/monoscript/fileName/VertexColorCycler.cs: 135fb0ebdaf256193ccc08218c426c64 -> 5f984ca91cf3609293aecc6bc5641572
  custom:scripting/monoscript/fileName/TMP_FrameRateCounter.cs: 8afeb6f0251e063dcfff2bd827f92c62 -> 46f655df8cb483ac5958307137b1585a
  custom:scripting/monoscript/fileName/VertexShakeB.cs: 587e5b2aecc39120c2c9ff69742ce897 -> a6f78c4fcda1a29a1a1c1baefedba9e7
  custom:scripting/monoscript/fileName/TMP_UiFrameRateCounter.cs: 8fa3bcf761bb5076fd90d0361518d59c -> b01021aea19247f14a98ab338907956a
  custom:scripting/monoscript/fileName/TMPro_InstructionOverlay.cs: 194f3617683541355a9c6c8193e87b1c -> b626d2270e6ebd5c4311585c18b58d8d
  custom:scripting/monoscript/fileName/TMP_DigitValidator.cs: 4e5cde653ae28b90ab257e866c94dfce -> ac02af96215ae3951a3cce9e1a8c6085
  custom:audio-encoder-webm-vorbis: bf7c407c2cedff20999df2af8eb42d56 -> 
  custom:scripting/monoscript/fileName/Benchmark01_UGUI.cs: 52a24b07fcdd062ef495404efdb65870 -> 6148cfe2627b7708298f301788144139
  custom:scripting/precompiled-assembly-types:Assembly-CSharp: d6dbaa4c869d194b03c2f976e23ca9b2 -> f39d0e8e1a2bdc72903fb33acfa56b16
  custom:scripting/monoscript/fileName/Benchmark03.cs: 520976d641c2b7cf395e30b045f5a45d -> 17cc87e0529ac71d909a946afb47a274
========================================================================
Received Prepare
Caller must complete domain reload
Begin MonoManager ReloadAssembly
- Loaded All Assemblies, in  0.408 seconds
Native extension for WindowsStandalone target not found
Native extension for Android target not found
Native extension for WebGL target not found
Mono: successfully reloaded assembly
- Finished resetting the current domain, in  1.134 seconds
Domain Reload Profiling: 1541ms
	BeginReloadAssembly (146ms)
		ExecutionOrderSort (0ms)
		DisableScriptedObjects (5ms)
		BackupInstance (0ms)
		ReleaseScriptingObjects (0ms)
		CreateAndSetChildDomain (34ms)
	RebuildCommonClasses (29ms)
	RebuildNativeTypeToScriptingClass (10ms)
	initialDomainReloadingComplete (33ms)
	LoadAllAssembliesAndSetupDomain (188ms)
		LoadAssemblies (244ms)
		RebuildTransferFunctionScriptingTraits (0ms)
		AnalyzeDomain (21ms)
			TypeCache.Refresh (7ms)
				TypeCache.ScanAssembly (1ms)
			ScanForSourceGeneratedMonoScriptInfo (7ms)
			ResolveRequiredComponents (5ms)
	FinalizeReload (1135ms)
		ReleaseScriptCaches (0ms)
		RebuildScriptCaches (0ms)
		SetupLoadedEditorAssemblies (606ms)
			LogAssemblyErrors (0ms)
			InitializePlatformSupportModulesInManaged (15ms)
			SetLoadedEditorAssemblies (5ms)
			RefreshPlugins (0ms)
			BeforeProcessingInitializeOnLoad (68ms)
			ProcessInitializeOnLoadAttributes (474ms)
			ProcessInitializeOnLoadMethodAttributes (39ms)
			AfterProcessingInitializeOnLoad (5ms)
			EditorAssembliesLoaded (0ms)
		ExecutionOrderSort2 (0ms)
		AwakeInstancesAfterBackupRestoration (12ms)
Refreshing native plugins compatible for Editor in 5.57 ms, found 6 plugins.
Preloading 0 native plugins for Editor in 0.00 ms.
Unloading 3343 Unused Serialized files (Serialized files now loaded: 0)
Unloading 14 unused Assets / (28.5 KB). Loaded Objects now: 3862.
Memory consumption went from 124.4 MB to 124.4 MB.
Total: 9.626700 ms (FindLiveObjects: 0.521800 ms CreateObjectMapping: 0.207800 ms MarkObjects: 8.814600 ms  DeleteObjects: 0.081100 ms)

Prepare: number of updated asset objects reloaded= 0
AssetImportParameters requested are different than current active one (requested -> active):
  custom:scripting/monoscript/fileName/SkewTextExample.cs: f96859e31fd6dde308d9dc2a2488dcff -> c142d02d70a129e0533975f7c2f96956
  custom:container-demuxer-ogg: 62fdf1f143b41e24485cea50d1cbac27 -> 
  custom:scripting/monoscript/fileName/TMP_TextEventHandler.cs: d0f86a17d6fd3e9995db934eaaf34f18 -> f5cd9d5a43bfefc8f4fec80e6de896a4
  custom:scripting/monoscript/fileName/TextMeshProFloatingText.cs: 5a37842f75734e7729f89af9a8145a1a -> 92608fa4a6315cd0786d82205e77b697
  custom:scripting/monoscript/fileName/VertexZoom.cs: 2da4737d79388c0362c64482e9ee50d2 -> 650ab1e81d40126e3edcf737cce646e4
  custom:video-codec-MediaFoundation-h265: 746d11721c4dcdbdad8f713fa42b33f4 -> 
  custom:scripting/monoscript/fileName/VertexShakeA.cs: 16900906a98712c9660b9823af1f2500 -> 63ec564c588058369499638dd899e05b
  custom:scripting/monoscript/fileName/TMP_ExampleScript_01.cs: 59997facf165601d8c6263ace2a973a5 -> a9d4be556104ff54e7d240529b3e01dc
  custom:video-decoder-ogg-theora: a1e56fd34408186e4bbccfd4996cb3dc -> 
  custom:scripting/monoscript/fileName/TMP_TextEventCheck.cs: 7ee93fce990cec7a5b67b504d0259dce -> 13505d917eab5868c435e0c2986dadfa
  custom:scripting/monoscript/fileName/TMP_TextSelector_B.cs: c0db108de9ffc9b6f619f3d00162b1c2 -> ba2be21a7486d37b1011342977a2e49d
  custom:scripting/monoscript/fileName/Benchmark01.cs: 1fef48c763f4be76a973f061699dd041 -> 2d3e2cd961730ab95f139a49a673bace
  custom:framework-win-MediaFoundation: 216162199b28c13a410421893ffa2e32 -> 
  custom:scripting/monoscript/fileName/Benchmark02.cs: 92dcd0c0a469d0c0690d8ca0bfe95e6f -> 5640963252ce70910e726415f869ced6
  custom:scripting/monoscript/fileName/DropdownSample.cs: b4fe7efb027fdd4854f643ad764daa8c -> 0a92251794e5f10400149f96c3c59e5d
  custom:scripting/monoscript/fileName/WarpTextExample.cs: c5431dac938081648a3a3ac553c1029b -> 2663459c266363641981c7d17b698d7f
  custom:CustomObjectIndexerAttribute: 9a22284fe3817be447336de3de66b15e -> 
  custom:container-demuxer-webm: 4f35f7cbe854078d1ac9338744f61a02 -> 
  custom:scripting/monoscript/fileName/MainMenuButton.cs: e28869a6863284e74946ac915bb193f6 -> 
  custom:scripting/monoscript/fileName/ChatController.cs: ff21b89493e3dffcbe018a2cc5a10bae -> 876d5ccae6e345dd5d9450eb0a748f16
  custom:scripting/monoscript/fileName/TextMeshSpawner.cs: c0f20e5855e88374db1098a5acc68df4 -> 76f28e2ddb031571e6ec62b018f65fa8
  custom:scripting/monoscript/fileName/TeleType.cs: c18e16db35615314900dbe198d0144e7 -> 31fa97821c4c70f157ec81d507aa6b62
  custom:scripting/monoscript/fileName/Benchmark04.cs: 86dfb70824307c4cf164687df2489226 -> 32220b148620e52aa81c13a114862bf4
  custom:container-muxer-webm: aa71ff27fc2769a1b78a27578f13a17b -> 
  custom:video-decoder-webm-vp8: 9c59270c3fd7afecdb556c50c9e8de78 -> 
  custom:scripting/monoscript/fileName/TMP_PhoneNumberValidator.cs: b4c1c54136dffeb4e2962027ebaa6b1f -> 7c3049f481e464c6a9a15dee56c3126f
  custom:SearchIndexIgnoredProperties: e643bd26f0fe6173181afceb89e7c659 -> 
  custom:AudioImporter_EditorPlatform: d09bf68614088b80899f8185d706f6e7 -> 
  custom:scripting/monoscript/fileName/EnvMapAnimator.cs: 08e040d459cd881082c0dd5daba5f85c -> 1b4f61c17e4b7283c3ac351aacff9d26
  custom:scripting/monoscript/fileName/ShaderPropAnimator.cs: 88b70bc5bbc15375387323f48f0661cf -> 55ce425812446482e623ff2695c94cb2
  custom:scripting/monoscript/fileName/SimpleScript.cs: dcd92cf7399b0d08e25e4a66ab57e91e -> 454caab0c6c050f29b39d82e1d66d0fa
  custom:scripting/monoscript/fileName/ObjectSpin.cs: b34dd4d17018731600f920d50ca840f7 -> 2b96bb2079dd7fa5108d981627a28e1e
  custom:scripting/monoscript/fileName/CameraController.cs: 8d43c2def3a67efed518259a2232b470 -> 34b6be4e23ce86dc89786916c5983296
  custom:scripting/monoscript/fileName/TMP_TextInfoDebugTool.cs: 7aad42023b6f5112c90650ae13bd6dd8 -> 3f1709cfb2cc628169113a35b5e9be3f
  custom:scripting/monoscript/fileName/TMP_TextSelector_A.cs: 088357b4acdc1e6288d897936d29c8d3 -> 347309a09d56e367b188a6978f75b424
  custom:video-encoder-webm-vp8: eb34c28f22e8b96e1ab97ce403110664 -> 
  custom:audio-decoder-ogg-vorbis: bf7c407c2cedff20999df2af8eb42d56 -> 
  custom:scripting/monoscript/fileName/VertexJitter.cs: 6330f950b41eff6e5970f129864ecd6c -> d27eb5498e48714a66aece98da065133
  custom:scripting/monoscript/fileName/TextConsoleSimulator.cs: f2c8898b26c0cf2b0a1c7d12d99e6769 -> 33fc311abb20b5b0ed8f00e4d86b574e
  custom:scripting/monoscript/fileName/VertexColorCycler.cs: 135fb0ebdaf256193ccc08218c426c64 -> 5f984ca91cf3609293aecc6bc5641572
  custom:scripting/monoscript/fileName/TMP_FrameRateCounter.cs: 8afeb6f0251e063dcfff2bd827f92c62 -> 46f655df8cb483ac5958307137b1585a
  custom:scripting/monoscript/fileName/VertexShakeB.cs: 587e5b2aecc39120c2c9ff69742ce897 -> a6f78c4fcda1a29a1a1c1baefedba9e7
  custom:scripting/monoscript/fileName/TMP_UiFrameRateCounter.cs: 8fa3bcf761bb5076fd90d0361518d59c -> b01021aea19247f14a98ab338907956a
  custom:scripting/monoscript/fileName/TMPro_InstructionOverlay.cs: 194f3617683541355a9c6c8193e87b1c -> b626d2270e6ebd5c4311585c18b58d8d
  custom:scripting/monoscript/fileName/TMP_DigitValidator.cs: 4e5cde653ae28b90ab257e866c94dfce -> ac02af96215ae3951a3cce9e1a8c6085
  custom:audio-encoder-webm-vorbis: bf7c407c2cedff20999df2af8eb42d56 -> 
  custom:scripting/monoscript/fileName/Benchmark01_UGUI.cs: 52a24b07fcdd062ef495404efdb65870 -> 6148cfe2627b7708298f301788144139
  custom:scripting/precompiled-assembly-types:Assembly-CSharp: d6dbaa4c869d194b03c2f976e23ca9b2 -> f39d0e8e1a2bdc72903fb33acfa56b16
  custom:scripting/monoscript/fileName/Benchmark03.cs: 520976d641c2b7cf395e30b045f5a45d -> 17cc87e0529ac71d909a946afb47a274
========================================================================
Received Prepare
Caller must complete domain reload
Begin MonoManager ReloadAssembly
- Loaded All Assemblies, in  0.654 seconds
Native extension for WindowsStandalone target not found
Native extension for Android target not found
Native extension for WebGL target not found
Mono: successfully reloaded assembly
- Finished resetting the current domain, in  1.715 seconds
Domain Reload Profiling: 2368ms
	BeginReloadAssembly (219ms)
		ExecutionOrderSort (0ms)
		DisableScriptedObjects (8ms)
		BackupInstance (0ms)
		ReleaseScriptingObjects (0ms)
		CreateAndSetChildDomain (46ms)
	RebuildCommonClasses (46ms)
	RebuildNativeTypeToScriptingClass (26ms)
	initialDomainReloadingComplete (48ms)
	LoadAllAssembliesAndSetupDomain (312ms)
		LoadAssemblies (400ms)
		RebuildTransferFunctionScriptingTraits (0ms)
		AnalyzeDomain (33ms)
			TypeCache.Refresh (14ms)
				TypeCache.ScanAssembly (1ms)
			ScanForSourceGeneratedMonoScriptInfo (10ms)
			ResolveRequiredComponents (8ms)
	FinalizeReload (1716ms)
		ReleaseScriptCaches (0ms)
		RebuildScriptCaches (0ms)
		SetupLoadedEditorAssemblies (985ms)
			LogAssemblyErrors (0ms)
			InitializePlatformSupportModulesInManaged (27ms)
			SetLoadedEditorAssemblies (18ms)
			RefreshPlugins (0ms)
			BeforeProcessingInitializeOnLoad (105ms)
			ProcessInitializeOnLoadAttributes (795ms)
			ProcessInitializeOnLoadMethodAttributes (36ms)
			AfterProcessingInitializeOnLoad (3ms)
			EditorAssembliesLoaded (0ms)
		ExecutionOrderSort2 (0ms)
		AwakeInstancesAfterBackupRestoration (8ms)
Refreshing native plugins compatible for Editor in 4.40 ms, found 6 plugins.
Preloading 0 native plugins for Editor in 0.00 ms.
Unloading 3343 Unused Serialized files (Serialized files now loaded: 0)
Unloading 14 unused Assets / (28.6 KB). Loaded Objects now: 3865.
Memory consumption went from 124.4 MB to 124.4 MB.
Total: 6.928100 ms (FindLiveObjects: 0.733400 ms CreateObjectMapping: 0.168700 ms MarkObjects: 5.938400 ms  DeleteObjects: 0.086100 ms)

Prepare: number of updated asset objects reloaded= 0
AssetImportParameters requested are different than current active one (requested -> active):
  custom:scripting/monoscript/fileName/SkewTextExample.cs: f96859e31fd6dde308d9dc2a2488dcff -> c142d02d70a129e0533975f7c2f96956
  custom:container-demuxer-ogg: 62fdf1f143b41e24485cea50d1cbac27 -> 
  custom:scripting/monoscript/fileName/TMP_TextEventHandler.cs: d0f86a17d6fd3e9995db934eaaf34f18 -> f5cd9d5a43bfefc8f4fec80e6de896a4
  custom:scripting/monoscript/fileName/TextMeshProFloatingText.cs: 5a37842f75734e7729f89af9a8145a1a -> 92608fa4a6315cd0786d82205e77b697
  custom:scripting/monoscript/fileName/VertexZoom.cs: 2da4737d79388c0362c64482e9ee50d2 -> 650ab1e81d40126e3edcf737cce646e4
  custom:video-codec-MediaFoundation-h265: 746d11721c4dcdbdad8f713fa42b33f4 -> 
  custom:scripting/monoscript/fileName/VertexShakeA.cs: 16900906a98712c9660b9823af1f2500 -> 63ec564c588058369499638dd899e05b
  custom:scripting/monoscript/fileName/TMP_ExampleScript_01.cs: 59997facf165601d8c6263ace2a973a5 -> a9d4be556104ff54e7d240529b3e01dc
  custom:video-decoder-ogg-theora: a1e56fd34408186e4bbccfd4996cb3dc -> 
  custom:scripting/monoscript/fileName/TMP_TextEventCheck.cs: 7ee93fce990cec7a5b67b504d0259dce -> 13505d917eab5868c435e0c2986dadfa
  custom:scripting/monoscript/fileName/TMP_TextSelector_B.cs: c0db108de9ffc9b6f619f3d00162b1c2 -> ba2be21a7486d37b1011342977a2e49d
  custom:scripting/monoscript/fileName/Benchmark01.cs: 1fef48c763f4be76a973f061699dd041 -> 2d3e2cd961730ab95f139a49a673bace
  custom:framework-win-MediaFoundation: 216162199b28c13a410421893ffa2e32 -> 
  custom:scripting/monoscript/fileName/Benchmark02.cs: 92dcd0c0a469d0c0690d8ca0bfe95e6f -> 5640963252ce70910e726415f869ced6
  custom:scripting/monoscript/fileName/DropdownSample.cs: b4fe7efb027fdd4854f643ad764daa8c -> 0a92251794e5f10400149f96c3c59e5d
  custom:scripting/monoscript/fileName/WarpTextExample.cs: c5431dac938081648a3a3ac553c1029b -> 2663459c266363641981c7d17b698d7f
  custom:CustomObjectIndexerAttribute: 9a22284fe3817be447336de3de66b15e -> 
  custom:container-demuxer-webm: 4f35f7cbe854078d1ac9338744f61a02 -> 
  custom:scripting/monoscript/fileName/MainMenuButton.cs: e28869a6863284e74946ac915bb193f6 -> 
  custom:scripting/monoscript/fileName/ChatController.cs: ff21b89493e3dffcbe018a2cc5a10bae -> 876d5ccae6e345dd5d9450eb0a748f16
  custom:scripting/monoscript/fileName/TextMeshSpawner.cs: c0f20e5855e88374db1098a5acc68df4 -> 76f28e2ddb031571e6ec62b018f65fa8
  custom:scripting/monoscript/fileName/TeleType.cs: c18e16db35615314900dbe198d0144e7 -> 31fa97821c4c70f157ec81d507aa6b62
  custom:scripting/monoscript/fileName/Benchmark04.cs: 86dfb70824307c4cf164687df2489226 -> 32220b148620e52aa81c13a114862bf4
  custom:container-muxer-webm: aa71ff27fc2769a1b78a27578f13a17b -> 
  custom:video-decoder-webm-vp8: 9c59270c3fd7afecdb556c50c9e8de78 -> 
  custom:scripting/monoscript/fileName/TMP_PhoneNumberValidator.cs: b4c1c54136dffeb4e2962027ebaa6b1f -> 7c3049f481e464c6a9a15dee56c3126f
  custom:SearchIndexIgnoredProperties: e643bd26f0fe6173181afceb89e7c659 -> 
  custom:AudioImporter_EditorPlatform: d09bf68614088b80899f8185d706f6e7 -> 
  custom:scripting/monoscript/fileName/EnvMapAnimator.cs: 08e040d459cd881082c0dd5daba5f85c -> 1b4f61c17e4b7283c3ac351aacff9d26
  custom:scripting/monoscript/fileName/ShaderPropAnimator.cs: 88b70bc5bbc15375387323f48f0661cf -> 55ce425812446482e623ff2695c94cb2
  custom:scripting/monoscript/fileName/SimpleScript.cs: dcd92cf7399b0d08e25e4a66ab57e91e -> 454caab0c6c050f29b39d82e1d66d0fa
  custom:scripting/monoscript/fileName/ObjectSpin.cs: b34dd4d17018731600f920d50ca840f7 -> 2b96bb2079dd7fa5108d981627a28e1e
  custom:scripting/monoscript/fileName/CameraController.cs: 8d43c2def3a67efed518259a2232b470 -> 34b6be4e23ce86dc89786916c5983296
  custom:scripting/monoscript/fileName/TMP_TextInfoDebugTool.cs: 7aad42023b6f5112c90650ae13bd6dd8 -> 3f1709cfb2cc628169113a35b5e9be3f
  custom:scripting/monoscript/fileName/TMP_TextSelector_A.cs: 088357b4acdc1e6288d897936d29c8d3 -> 347309a09d56e367b188a6978f75b424
  custom:video-encoder-webm-vp8: eb34c28f22e8b96e1ab97ce403110664 -> 
  custom:audio-decoder-ogg-vorbis: bf7c407c2cedff20999df2af8eb42d56 -> 
  custom:scripting/monoscript/fileName/VertexJitter.cs: 6330f950b41eff6e5970f129864ecd6c -> d27eb5498e48714a66aece98da065133
  custom:scripting/monoscript/fileName/TextConsoleSimulator.cs: f2c8898b26c0cf2b0a1c7d12d99e6769 -> 33fc311abb20b5b0ed8f00e4d86b574e
  custom:scripting/monoscript/fileName/VertexColorCycler.cs: 135fb0ebdaf256193ccc08218c426c64 -> 5f984ca91cf3609293aecc6bc5641572
  custom:scripting/monoscript/fileName/TMP_FrameRateCounter.cs: 8afeb6f0251e063dcfff2bd827f92c62 -> 46f655df8cb483ac5958307137b1585a
  custom:scripting/monoscript/fileName/VertexShakeB.cs: 587e5b2aecc39120c2c9ff69742ce897 -> a6f78c4fcda1a29a1a1c1baefedba9e7
  custom:scripting/monoscript/fileName/TMP_UiFrameRateCounter.cs: 8fa3bcf761bb5076fd90d0361518d59c -> b01021aea19247f14a98ab338907956a
  custom:scripting/monoscript/fileName/TMPro_InstructionOverlay.cs: 194f3617683541355a9c6c8193e87b1c -> b626d2270e6ebd5c4311585c18b58d8d
  custom:scripting/monoscript/fileName/TMP_DigitValidator.cs: 4e5cde653ae28b90ab257e866c94dfce -> ac02af96215ae3951a3cce9e1a8c6085
  custom:audio-encoder-webm-vorbis: bf7c407c2cedff20999df2af8eb42d56 -> 
  custom:scripting/monoscript/fileName/Benchmark01_UGUI.cs: 52a24b07fcdd062ef495404efdb65870 -> 6148cfe2627b7708298f301788144139
  custom:scripting/precompiled-assembly-types:Assembly-CSharp: d6dbaa4c869d194b03c2f976e23ca9b2 -> f39d0e8e1a2bdc72903fb33acfa56b16
  custom:scripting/monoscript/fileName/Benchmark03.cs: 520976d641c2b7cf395e30b045f5a45d -> 17cc87e0529ac71d909a946afb47a274
========================================================================
Received Prepare
Caller must complete domain reload
Begin MonoManager ReloadAssembly
- Loaded All Assemblies, in  0.648 seconds
Native extension for WindowsStandalone target not found
Native extension for Android target not found
Native extension for WebGL target not found
Mono: successfully reloaded assembly
- Finished resetting the current domain, in  1.661 seconds
Domain Reload Profiling: 2308ms
	BeginReloadAssembly (254ms)
		ExecutionOrderSort (0ms)
		DisableScriptedObjects (10ms)
		BackupInstance (0ms)
		ReleaseScriptingObjects (0ms)
		CreateAndSetChildDomain (52ms)
	RebuildCommonClasses (61ms)
	RebuildNativeTypeToScriptingClass (15ms)
	initialDomainReloadingComplete (39ms)
	LoadAllAssembliesAndSetupDomain (276ms)
		LoadAssemblies (387ms)
		RebuildTransferFunctionScriptingTraits (0ms)
		AnalyzeDomain (33ms)
			TypeCache.Refresh (11ms)
				TypeCache.ScanAssembly (1ms)
			ScanForSourceGeneratedMonoScriptInfo (8ms)
			ResolveRequiredComponents (12ms)
	FinalizeReload (1662ms)
		ReleaseScriptCaches (0ms)
		RebuildScriptCaches (0ms)
		SetupLoadedEditorAssemblies (941ms)
			LogAssemblyErrors (0ms)
			InitializePlatformSupportModulesInManaged (30ms)
			SetLoadedEditorAssemblies (7ms)
			RefreshPlugins (0ms)
			BeforeProcessingInitializeOnLoad (94ms)
			ProcessInitializeOnLoadAttributes (770ms)
			ProcessInitializeOnLoadMethodAttributes (35ms)
			AfterProcessingInitializeOnLoad (5ms)
			EditorAssembliesLoaded (0ms)
		ExecutionOrderSort2 (0ms)
		AwakeInstancesAfterBackupRestoration (14ms)
Refreshing native plugins compatible for Editor in 5.23 ms, found 6 plugins.
Preloading 0 native plugins for Editor in 0.00 ms.
Unloading 3343 Unused Serialized files (Serialized files now loaded: 0)
Unloading 14 unused Assets / (28.5 KB). Loaded Objects now: 3868.
Memory consumption went from 124.4 MB to 124.4 MB.
Total: 6.212900 ms (FindLiveObjects: 0.584100 ms CreateObjectMapping: 0.165500 ms MarkObjects: 5.382100 ms  DeleteObjects: 0.079600 ms)

Prepare: number of updated asset objects reloaded= 0
AssetImportParameters requested are different than current active one (requested -> active):
  custom:scripting/monoscript/fileName/SkewTextExample.cs: f96859e31fd6dde308d9dc2a2488dcff -> c142d02d70a129e0533975f7c2f96956
  custom:container-demuxer-ogg: 62fdf1f143b41e24485cea50d1cbac27 -> 
  custom:scripting/monoscript/fileName/TMP_TextEventHandler.cs: d0f86a17d6fd3e9995db934eaaf34f18 -> f5cd9d5a43bfefc8f4fec80e6de896a4
  custom:scripting/monoscript/fileName/TextMeshProFloatingText.cs: 5a37842f75734e7729f89af9a8145a1a -> 92608fa4a6315cd0786d82205e77b697
  custom:scripting/monoscript/fileName/VertexZoom.cs: 2da4737d79388c0362c64482e9ee50d2 -> 650ab1e81d40126e3edcf737cce646e4
  custom:video-codec-MediaFoundation-h265: 746d11721c4dcdbdad8f713fa42b33f4 -> 
  custom:scripting/monoscript/fileName/VertexShakeA.cs: 16900906a98712c9660b9823af1f2500 -> 63ec564c588058369499638dd899e05b
  custom:scripting/monoscript/fileName/TMP_ExampleScript_01.cs: 59997facf165601d8c6263ace2a973a5 -> a9d4be556104ff54e7d240529b3e01dc
  custom:video-decoder-ogg-theora: a1e56fd34408186e4bbccfd4996cb3dc -> 
  custom:scripting/monoscript/fileName/TMP_TextEventCheck.cs: 7ee93fce990cec7a5b67b504d0259dce -> 13505d917eab5868c435e0c2986dadfa
  custom:scripting/monoscript/fileName/TMP_TextSelector_B.cs: c0db108de9ffc9b6f619f3d00162b1c2 -> ba2be21a7486d37b1011342977a2e49d
  custom:scripting/monoscript/fileName/Benchmark01.cs: 1fef48c763f4be76a973f061699dd041 -> 2d3e2cd961730ab95f139a49a673bace
  custom:framework-win-MediaFoundation: 216162199b28c13a410421893ffa2e32 -> 
  custom:scripting/monoscript/fileName/Benchmark02.cs: 92dcd0c0a469d0c0690d8ca0bfe95e6f -> 5640963252ce70910e726415f869ced6
  custom:scripting/monoscript/fileName/DropdownSample.cs: b4fe7efb027fdd4854f643ad764daa8c -> 0a92251794e5f10400149f96c3c59e5d
  custom:scripting/monoscript/fileName/WarpTextExample.cs: c5431dac938081648a3a3ac553c1029b -> 2663459c266363641981c7d17b698d7f
  custom:CustomObjectIndexerAttribute: 9a22284fe3817be447336de3de66b15e -> 
  custom:container-demuxer-webm: 4f35f7cbe854078d1ac9338744f61a02 -> 
  custom:scripting/monoscript/fileName/MainMenuButton.cs: e28869a6863284e74946ac915bb193f6 -> 
  custom:scripting/monoscript/fileName/ChatController.cs: ff21b89493e3dffcbe018a2cc5a10bae -> 876d5ccae6e345dd5d9450eb0a748f16
  custom:scripting/monoscript/fileName/TextMeshSpawner.cs: c0f20e5855e88374db1098a5acc68df4 -> 76f28e2ddb031571e6ec62b018f65fa8
  custom:scripting/monoscript/fileName/TeleType.cs: c18e16db35615314900dbe198d0144e7 -> 31fa97821c4c70f157ec81d507aa6b62
  custom:scripting/monoscript/fileName/Benchmark04.cs: 86dfb70824307c4cf164687df2489226 -> 32220b148620e52aa81c13a114862bf4
  custom:container-muxer-webm: aa71ff27fc2769a1b78a27578f13a17b -> 
  custom:video-decoder-webm-vp8: 9c59270c3fd7afecdb556c50c9e8de78 -> 
  custom:scripting/monoscript/fileName/TMP_PhoneNumberValidator.cs: b4c1c54136dffeb4e2962027ebaa6b1f -> 7c3049f481e464c6a9a15dee56c3126f
  custom:SearchIndexIgnoredProperties: e643bd26f0fe6173181afceb89e7c659 -> 
  custom:AudioImporter_EditorPlatform: d09bf68614088b80899f8185d706f6e7 -> 
  custom:scripting/monoscript/fileName/EnvMapAnimator.cs: 08e040d459cd881082c0dd5daba5f85c -> 1b4f61c17e4b7283c3ac351aacff9d26
  custom:scripting/monoscript/fileName/ShaderPropAnimator.cs: 88b70bc5bbc15375387323f48f0661cf -> 55ce425812446482e623ff2695c94cb2
  custom:scripting/monoscript/fileName/SimpleScript.cs: dcd92cf7399b0d08e25e4a66ab57e91e -> 454caab0c6c050f29b39d82e1d66d0fa
  custom:scripting/monoscript/fileName/ObjectSpin.cs: b34dd4d17018731600f920d50ca840f7 -> 2b96bb2079dd7fa5108d981627a28e1e
  custom:scripting/monoscript/fileName/CameraController.cs: 8d43c2def3a67efed518259a2232b470 -> 34b6be4e23ce86dc89786916c5983296
  custom:scripting/monoscript/fileName/TMP_TextInfoDebugTool.cs: 7aad42023b6f5112c90650ae13bd6dd8 -> 3f1709cfb2cc628169113a35b5e9be3f
  custom:scripting/monoscript/fileName/TMP_TextSelector_A.cs: 088357b4acdc1e6288d897936d29c8d3 -> 347309a09d56e367b188a6978f75b424
  custom:video-encoder-webm-vp8: eb34c28f22e8b96e1ab97ce403110664 -> 
  custom:audio-decoder-ogg-vorbis: bf7c407c2cedff20999df2af8eb42d56 -> 
  custom:scripting/monoscript/fileName/VertexJitter.cs: 6330f950b41eff6e5970f129864ecd6c -> d27eb5498e48714a66aece98da065133
  custom:scripting/monoscript/fileName/TextConsoleSimulator.cs: f2c8898b26c0cf2b0a1c7d12d99e6769 -> 33fc311abb20b5b0ed8f00e4d86b574e
  custom:scripting/monoscript/fileName/VertexColorCycler.cs: 135fb0ebdaf256193ccc08218c426c64 -> 5f984ca91cf3609293aecc6bc5641572
  custom:scripting/monoscript/fileName/TMP_FrameRateCounter.cs: 8afeb6f0251e063dcfff2bd827f92c62 -> 46f655df8cb483ac5958307137b1585a
  custom:scripting/monoscript/fileName/VertexShakeB.cs: 587e5b2aecc39120c2c9ff69742ce897 -> a6f78c4fcda1a29a1a1c1baefedba9e7
  custom:scripting/monoscript/fileName/TMP_UiFrameRateCounter.cs: 8fa3bcf761bb5076fd90d0361518d59c -> b01021aea19247f14a98ab338907956a
  custom:scripting/monoscript/fileName/TMPro_InstructionOverlay.cs: 194f3617683541355a9c6c8193e87b1c -> b626d2270e6ebd5c4311585c18b58d8d
  custom:scripting/monoscript/fileName/TMP_DigitValidator.cs: 4e5cde653ae28b90ab257e866c94dfce -> ac02af96215ae3951a3cce9e1a8c6085
  custom:audio-encoder-webm-vorbis: bf7c407c2cedff20999df2af8eb42d56 -> 
  custom:scripting/monoscript/fileName/Benchmark01_UGUI.cs: 52a24b07fcdd062ef495404efdb65870 -> 6148cfe2627b7708298f301788144139
  custom:scripting/precompiled-assembly-types:Assembly-CSharp: d6dbaa4c869d194b03c2f976e23ca9b2 -> f39d0e8e1a2bdc72903fb33acfa56b16
  custom:scripting/monoscript/fileName/Benchmark03.cs: 520976d641c2b7cf395e30b045f5a45d -> 17cc87e0529ac71d909a946afb47a274
========================================================================
Received Prepare
Caller must complete domain reload
Begin MonoManager ReloadAssembly
- Loaded All Assemblies, in  0.442 seconds
Native extension for WindowsStandalone target not found
Native extension for Android target not found
Native extension for WebGL target not found
Mono: successfully reloaded assembly
- Finished resetting the current domain, in  1.188 seconds
Domain Reload Profiling: 1630ms
	BeginReloadAssembly (165ms)
		ExecutionOrderSort (0ms)
		DisableScriptedObjects (6ms)
		BackupInstance (0ms)
		ReleaseScriptingObjects (0ms)
		CreateAndSetChildDomain (39ms)
	RebuildCommonClasses (36ms)
	RebuildNativeTypeToScriptingClass (11ms)
	initialDomainReloadingComplete (30ms)
	LoadAllAssembliesAndSetupDomain (198ms)
		LoadAssemblies (273ms)
		RebuildTransferFunctionScriptingTraits (0ms)
		AnalyzeDomain (13ms)
			TypeCache.Refresh (6ms)
				TypeCache.ScanAssembly (0ms)
			ScanForSourceGeneratedMonoScriptInfo (0ms)
			ResolveRequiredComponents (5ms)
	FinalizeReload (1189ms)
		ReleaseScriptCaches (0ms)
		RebuildScriptCaches (0ms)
		SetupLoadedEditorAssemblies (658ms)
			LogAssemblyErrors (0ms)
			InitializePlatformSupportModulesInManaged (18ms)
			SetLoadedEditorAssemblies (5ms)
			RefreshPlugins (0ms)
			BeforeProcessingInitializeOnLoad (66ms)
			ProcessInitializeOnLoadAttributes (545ms)
			ProcessInitializeOnLoadMethodAttributes (23ms)
			AfterProcessingInitializeOnLoad (2ms)
			EditorAssembliesLoaded (0ms)
		ExecutionOrderSort2 (0ms)
		AwakeInstancesAfterBackupRestoration (7ms)
Refreshing native plugins compatible for Editor in 5.50 ms, found 6 plugins.
Preloading 0 native plugins for Editor in 0.00 ms.
Unloading 3343 Unused Serialized files (Serialized files now loaded: 0)
Unloading 14 unused Assets / (28.5 KB). Loaded Objects now: 3871.
Memory consumption went from 124.4 MB to 124.4 MB.
Total: 6.684500 ms (FindLiveObjects: 0.661200 ms CreateObjectMapping: 0.346700 ms MarkObjects: 5.592200 ms  DeleteObjects: 0.081700 ms)

Prepare: number of updated asset objects reloaded= 0
AssetImportParameters requested are different than current active one (requested -> active):
  custom:scripting/monoscript/fileName/SkewTextExample.cs: f96859e31fd6dde308d9dc2a2488dcff -> c142d02d70a129e0533975f7c2f96956
  custom:container-demuxer-ogg: 62fdf1f143b41e24485cea50d1cbac27 -> 
  custom:scripting/monoscript/fileName/TMP_TextEventHandler.cs: d0f86a17d6fd3e9995db934eaaf34f18 -> f5cd9d5a43bfefc8f4fec80e6de896a4
  custom:scripting/monoscript/fileName/TextMeshProFloatingText.cs: 5a37842f75734e7729f89af9a8145a1a -> 92608fa4a6315cd0786d82205e77b697
  custom:scripting/monoscript/fileName/VertexZoom.cs: 2da4737d79388c0362c64482e9ee50d2 -> 650ab1e81d40126e3edcf737cce646e4
  custom:video-codec-MediaFoundation-h265: 746d11721c4dcdbdad8f713fa42b33f4 -> 
  custom:scripting/monoscript/fileName/VertexShakeA.cs: 16900906a98712c9660b9823af1f2500 -> 63ec564c588058369499638dd899e05b
  custom:scripting/monoscript/fileName/TMP_ExampleScript_01.cs: 59997facf165601d8c6263ace2a973a5 -> a9d4be556104ff54e7d240529b3e01dc
  custom:video-decoder-ogg-theora: a1e56fd34408186e4bbccfd4996cb3dc -> 
  custom:scripting/monoscript/fileName/TMP_TextEventCheck.cs: 7ee93fce990cec7a5b67b504d0259dce -> 13505d917eab5868c435e0c2986dadfa
  custom:scripting/monoscript/fileName/TMP_TextSelector_B.cs: c0db108de9ffc9b6f619f3d00162b1c2 -> ba2be21a7486d37b1011342977a2e49d
  custom:scripting/monoscript/fileName/Benchmark01.cs: 1fef48c763f4be76a973f061699dd041 -> 2d3e2cd961730ab95f139a49a673bace
  custom:framework-win-MediaFoundation: 216162199b28c13a410421893ffa2e32 -> 
  custom:scripting/monoscript/fileName/Benchmark02.cs: 92dcd0c0a469d0c0690d8ca0bfe95e6f -> 5640963252ce70910e726415f869ced6
  custom:scripting/monoscript/fileName/DropdownSample.cs: b4fe7efb027fdd4854f643ad764daa8c -> 0a92251794e5f10400149f96c3c59e5d
  custom:scripting/monoscript/fileName/WarpTextExample.cs: c5431dac938081648a3a3ac553c1029b -> 2663459c266363641981c7d17b698d7f
  custom:CustomObjectIndexerAttribute: 9a22284fe3817be447336de3de66b15e -> 
  custom:container-demuxer-webm: 4f35f7cbe854078d1ac9338744f61a02 -> 
  custom:scripting/monoscript/fileName/MainMenuButton.cs: e28869a6863284e74946ac915bb193f6 -> 
  custom:scripting/monoscript/fileName/ChatController.cs: ff21b89493e3dffcbe018a2cc5a10bae -> 876d5ccae6e345dd5d9450eb0a748f16
  custom:scripting/monoscript/fileName/TextMeshSpawner.cs: c0f20e5855e88374db1098a5acc68df4 -> 76f28e2ddb031571e6ec62b018f65fa8
  custom:scripting/monoscript/fileName/TeleType.cs: c18e16db35615314900dbe198d0144e7 -> 31fa97821c4c70f157ec81d507aa6b62
  custom:scripting/monoscript/fileName/Benchmark04.cs: 86dfb70824307c4cf164687df2489226 -> 32220b148620e52aa81c13a114862bf4
  custom:container-muxer-webm: aa71ff27fc2769a1b78a27578f13a17b -> 
  custom:video-decoder-webm-vp8: 9c59270c3fd7afecdb556c50c9e8de78 -> 
  custom:scripting/monoscript/fileName/TMP_PhoneNumberValidator.cs: b4c1c54136dffeb4e2962027ebaa6b1f -> 7c3049f481e464c6a9a15dee56c3126f
  custom:SearchIndexIgnoredProperties: e643bd26f0fe6173181afceb89e7c659 -> 
  custom:AudioImporter_EditorPlatform: d09bf68614088b80899f8185d706f6e7 -> 
  custom:scripting/monoscript/fileName/EnvMapAnimator.cs: 08e040d459cd881082c0dd5daba5f85c -> 1b4f61c17e4b7283c3ac351aacff9d26
  custom:scripting/monoscript/fileName/ShaderPropAnimator.cs: 88b70bc5bbc15375387323f48f0661cf -> 55ce425812446482e623ff2695c94cb2
  custom:scripting/monoscript/fileName/SimpleScript.cs: dcd92cf7399b0d08e25e4a66ab57e91e -> 454caab0c6c050f29b39d82e1d66d0fa
  custom:scripting/monoscript/fileName/ObjectSpin.cs: b34dd4d17018731600f920d50ca840f7 -> 2b96bb2079dd7fa5108d981627a28e1e
  custom:scripting/monoscript/fileName/CameraController.cs: 8d43c2def3a67efed518259a2232b470 -> 34b6be4e23ce86dc89786916c5983296
  custom:scripting/monoscript/fileName/TMP_TextInfoDebugTool.cs: 7aad42023b6f5112c90650ae13bd6dd8 -> 3f1709cfb2cc628169113a35b5e9be3f
  custom:scripting/monoscript/fileName/TMP_TextSelector_A.cs: 088357b4acdc1e6288d897936d29c8d3 -> 347309a09d56e367b188a6978f75b424
  custom:video-encoder-webm-vp8: eb34c28f22e8b96e1ab97ce403110664 -> 
  custom:audio-decoder-ogg-vorbis: bf7c407c2cedff20999df2af8eb42d56 -> 
  custom:scripting/monoscript/fileName/VertexJitter.cs: 6330f950b41eff6e5970f129864ecd6c -> d27eb5498e48714a66aece98da065133
  custom:scripting/monoscript/fileName/TextConsoleSimulator.cs: f2c8898b26c0cf2b0a1c7d12d99e6769 -> 33fc311abb20b5b0ed8f00e4d86b574e
  custom:scripting/monoscript/fileName/VertexColorCycler.cs: 135fb0ebdaf256193ccc08218c426c64 -> 5f984ca91cf3609293aecc6bc5641572
  custom:scripting/monoscript/fileName/TMP_FrameRateCounter.cs: 8afeb6f0251e063dcfff2bd827f92c62 -> 46f655df8cb483ac5958307137b1585a
  custom:scripting/monoscript/fileName/VertexShakeB.cs: 587e5b2aecc39120c2c9ff69742ce897 -> a6f78c4fcda1a29a1a1c1baefedba9e7
  custom:scripting/monoscript/fileName/TMP_UiFrameRateCounter.cs: 8fa3bcf761bb5076fd90d0361518d59c -> b01021aea19247f14a98ab338907956a
  custom:scripting/monoscript/fileName/TMPro_InstructionOverlay.cs: 194f3617683541355a9c6c8193e87b1c -> b626d2270e6ebd5c4311585c18b58d8d
  custom:scripting/monoscript/fileName/TMP_DigitValidator.cs: 4e5cde653ae28b90ab257e866c94dfce -> ac02af96215ae3951a3cce9e1a8c6085
  custom:audio-encoder-webm-vorbis: bf7c407c2cedff20999df2af8eb42d56 -> 
  custom:scripting/monoscript/fileName/Benchmark01_UGUI.cs: 52a24b07fcdd062ef495404efdb65870 -> 6148cfe2627b7708298f301788144139
  custom:scripting/precompiled-assembly-types:Assembly-CSharp: d6dbaa4c869d194b03c2f976e23ca9b2 -> f39d0e8e1a2bdc72903fb33acfa56b16
  custom:scripting/monoscript/fileName/Benchmark03.cs: 520976d641c2b7cf395e30b045f5a45d -> 17cc87e0529ac71d909a946afb47a274
========================================================================
Received Prepare
Caller must complete domain reload
Begin MonoManager ReloadAssembly
- Loaded All Assemblies, in  0.679 seconds
Native extension for WindowsStandalone target not found
Native extension for Android target not found
Native extension for WebGL target not found
Mono: successfully reloaded assembly
- Finished resetting the current domain, in  1.364 seconds
Domain Reload Profiling: 2042ms
	BeginReloadAssembly (225ms)
		ExecutionOrderSort (0ms)
		DisableScriptedObjects (11ms)
		BackupInstance (0ms)
		ReleaseScriptingObjects (0ms)
		CreateAndSetChildDomain (46ms)
	RebuildCommonClasses (70ms)
	RebuildNativeTypeToScriptingClass (22ms)
	initialDomainReloadingComplete (49ms)
	LoadAllAssembliesAndSetupDomain (311ms)
		LoadAssemblies (395ms)
		RebuildTransferFunctionScriptingTraits (0ms)
		AnalyzeDomain (43ms)
			TypeCache.Refresh (14ms)
				TypeCache.ScanAssembly (1ms)
			ScanForSourceGeneratedMonoScriptInfo (13ms)
			ResolveRequiredComponents (12ms)
	FinalizeReload (1364ms)
		ReleaseScriptCaches (0ms)
		RebuildScriptCaches (0ms)
		SetupLoadedEditorAssemblies (656ms)
			LogAssemblyErrors (0ms)
			InitializePlatformSupportModulesInManaged (29ms)
			SetLoadedEditorAssemblies (8ms)
			RefreshPlugins (0ms)
			BeforeProcessingInitializeOnLoad (100ms)
			ProcessInitializeOnLoadAttributes (498ms)
			ProcessInitializeOnLoadMethodAttributes (18ms)
			AfterProcessingInitializeOnLoad (2ms)
			EditorAssembliesLoaded (0ms)
		ExecutionOrderSort2 (0ms)
		AwakeInstancesAfterBackupRestoration (6ms)
Refreshing native plugins compatible for Editor in 4.10 ms, found 6 plugins.
Preloading 0 native plugins for Editor in 0.00 ms.
Unloading 3343 Unused Serialized files (Serialized files now loaded: 0)
Unloading 14 unused Assets / (28.5 KB). Loaded Objects now: 3874.
Memory consumption went from 124.4 MB to 124.4 MB.
Total: 5.295100 ms (FindLiveObjects: 0.541600 ms CreateObjectMapping: 0.141700 ms MarkObjects: 4.549400 ms  DeleteObjects: 0.061100 ms)

Prepare: number of updated asset objects reloaded= 0
AssetImportParameters requested are different than current active one (requested -> active):
  custom:scripting/monoscript/fileName/SkewTextExample.cs: f96859e31fd6dde308d9dc2a2488dcff -> c142d02d70a129e0533975f7c2f96956
  custom:container-demuxer-ogg: 62fdf1f143b41e24485cea50d1cbac27 -> 
  custom:scripting/monoscript/fileName/TMP_TextEventHandler.cs: d0f86a17d6fd3e9995db934eaaf34f18 -> f5cd9d5a43bfefc8f4fec80e6de896a4
  custom:scripting/monoscript/fileName/TextMeshProFloatingText.cs: 5a37842f75734e7729f89af9a8145a1a -> 92608fa4a6315cd0786d82205e77b697
  custom:scripting/monoscript/fileName/VertexZoom.cs: 2da4737d79388c0362c64482e9ee50d2 -> 650ab1e81d40126e3edcf737cce646e4
  custom:video-codec-MediaFoundation-h265: 746d11721c4dcdbdad8f713fa42b33f4 -> 
  custom:scripting/monoscript/fileName/VertexShakeA.cs: 16900906a98712c9660b9823af1f2500 -> 63ec564c588058369499638dd899e05b
  custom:scripting/monoscript/fileName/TMP_ExampleScript_01.cs: 59997facf165601d8c6263ace2a973a5 -> a9d4be556104ff54e7d240529b3e01dc
  custom:video-decoder-ogg-theora: a1e56fd34408186e4bbccfd4996cb3dc -> 
  custom:scripting/monoscript/fileName/TMP_TextEventCheck.cs: 7ee93fce990cec7a5b67b504d0259dce -> 13505d917eab5868c435e0c2986dadfa
  custom:scripting/monoscript/fileName/TMP_TextSelector_B.cs: c0db108de9ffc9b6f619f3d00162b1c2 -> ba2be21a7486d37b1011342977a2e49d
  custom:scripting/monoscript/fileName/Benchmark01.cs: 1fef48c763f4be76a973f061699dd041 -> 2d3e2cd961730ab95f139a49a673bace
  custom:framework-win-MediaFoundation: 216162199b28c13a410421893ffa2e32 -> 
  custom:scripting/monoscript/fileName/Benchmark02.cs: 92dcd0c0a469d0c0690d8ca0bfe95e6f -> 5640963252ce70910e726415f869ced6
  custom:scripting/monoscript/fileName/DropdownSample.cs: b4fe7efb027fdd4854f643ad764daa8c -> 0a92251794e5f10400149f96c3c59e5d
  custom:scripting/monoscript/fileName/WarpTextExample.cs: c5431dac938081648a3a3ac553c1029b -> 2663459c266363641981c7d17b698d7f
  custom:CustomObjectIndexerAttribute: 9a22284fe3817be447336de3de66b15e -> 
  custom:container-demuxer-webm: 4f35f7cbe854078d1ac9338744f61a02 -> 
  custom:scripting/monoscript/fileName/MainMenuButton.cs: e28869a6863284e74946ac915bb193f6 -> 
  custom:scripting/monoscript/fileName/ChatController.cs: ff21b89493e3dffcbe018a2cc5a10bae -> 876d5ccae6e345dd5d9450eb0a748f16
  custom:scripting/monoscript/fileName/TextMeshSpawner.cs: c0f20e5855e88374db1098a5acc68df4 -> 76f28e2ddb031571e6ec62b018f65fa8
  custom:scripting/monoscript/fileName/TeleType.cs: c18e16db35615314900dbe198d0144e7 -> 31fa97821c4c70f157ec81d507aa6b62
  custom:scripting/monoscript/fileName/Benchmark04.cs: 86dfb70824307c4cf164687df2489226 -> 32220b148620e52aa81c13a114862bf4
  custom:container-muxer-webm: aa71ff27fc2769a1b78a27578f13a17b -> 
  custom:video-decoder-webm-vp8: 9c59270c3fd7afecdb556c50c9e8de78 -> 
  custom:scripting/monoscript/fileName/TMP_PhoneNumberValidator.cs: b4c1c54136dffeb4e2962027ebaa6b1f -> 7c3049f481e464c6a9a15dee56c3126f
  custom:SearchIndexIgnoredProperties: e643bd26f0fe6173181afceb89e7c659 -> 
  custom:AudioImporter_EditorPlatform: d09bf68614088b80899f8185d706f6e7 -> 
  custom:scripting/monoscript/fileName/EnvMapAnimator.cs: 08e040d459cd881082c0dd5daba5f85c -> 1b4f61c17e4b7283c3ac351aacff9d26
  custom:scripting/monoscript/fileName/ShaderPropAnimator.cs: 88b70bc5bbc15375387323f48f0661cf -> 55ce425812446482e623ff2695c94cb2
  custom:scripting/monoscript/fileName/SimpleScript.cs: dcd92cf7399b0d08e25e4a66ab57e91e -> 454caab0c6c050f29b39d82e1d66d0fa
  custom:scripting/monoscript/fileName/ObjectSpin.cs: b34dd4d17018731600f920d50ca840f7 -> 2b96bb2079dd7fa5108d981627a28e1e
  custom:scripting/monoscript/fileName/CameraController.cs: 8d43c2def3a67efed518259a2232b470 -> 34b6be4e23ce86dc89786916c5983296
  custom:scripting/monoscript/fileName/TMP_TextInfoDebugTool.cs: 7aad42023b6f5112c90650ae13bd6dd8 -> 3f1709cfb2cc628169113a35b5e9be3f
  custom:scripting/monoscript/fileName/TMP_TextSelector_A.cs: 088357b4acdc1e6288d897936d29c8d3 -> 347309a09d56e367b188a6978f75b424
  custom:video-encoder-webm-vp8: eb34c28f22e8b96e1ab97ce403110664 -> 
  custom:audio-decoder-ogg-vorbis: bf7c407c2cedff20999df2af8eb42d56 -> 
  custom:scripting/monoscript/fileName/VertexJitter.cs: 6330f950b41eff6e5970f129864ecd6c -> d27eb5498e48714a66aece98da065133
  custom:scripting/monoscript/fileName/TextConsoleSimulator.cs: f2c8898b26c0cf2b0a1c7d12d99e6769 -> 33fc311abb20b5b0ed8f00e4d86b574e
  custom:scripting/monoscript/fileName/VertexColorCycler.cs: 135fb0ebdaf256193ccc08218c426c64 -> 5f984ca91cf3609293aecc6bc5641572
  custom:scripting/monoscript/fileName/TMP_FrameRateCounter.cs: 8afeb6f0251e063dcfff2bd827f92c62 -> 46f655df8cb483ac5958307137b1585a
  custom:scripting/monoscript/fileName/VertexShakeB.cs: 587e5b2aecc39120c2c9ff69742ce897 -> a6f78c4fcda1a29a1a1c1baefedba9e7
  custom:scripting/monoscript/fileName/TMP_UiFrameRateCounter.cs: 8fa3bcf761bb5076fd90d0361518d59c -> b01021aea19247f14a98ab338907956a
  custom:scripting/monoscript/fileName/TMPro_InstructionOverlay.cs: 194f3617683541355a9c6c8193e87b1c -> b626d2270e6ebd5c4311585c18b58d8d
  custom:scripting/monoscript/fileName/TMP_DigitValidator.cs: 4e5cde653ae28b90ab257e866c94dfce -> ac02af96215ae3951a3cce9e1a8c6085
  custom:audio-encoder-webm-vorbis: bf7c407c2cedff20999df2af8eb42d56 -> 
  custom:scripting/monoscript/fileName/Benchmark01_UGUI.cs: 52a24b07fcdd062ef495404efdb65870 -> 6148cfe2627b7708298f301788144139
  custom:scripting/precompiled-assembly-types:Assembly-CSharp: d6dbaa4c869d194b03c2f976e23ca9b2 -> f39d0e8e1a2bdc72903fb33acfa56b16
  custom:scripting/monoscript/fileName/Benchmark03.cs: 520976d641c2b7cf395e30b045f5a45d -> 17cc87e0529ac71d909a946afb47a274
========================================================================
Received Prepare
Caller must complete domain reload
Begin MonoManager ReloadAssembly
- Loaded All Assemblies, in  0.439 seconds
Native extension for WindowsStandalone target not found
Native extension for Android target not found
Native extension for WebGL target not found
Mono: successfully reloaded assembly
- Finished resetting the current domain, in  1.101 seconds
Domain Reload Profiling: 1540ms
	BeginReloadAssembly (162ms)
		ExecutionOrderSort (0ms)
		DisableScriptedObjects (6ms)
		BackupInstance (0ms)
		ReleaseScriptingObjects (0ms)
		CreateAndSetChildDomain (41ms)
	RebuildCommonClasses (40ms)
	RebuildNativeTypeToScriptingClass (13ms)
	initialDomainReloadingComplete (25ms)
	LoadAllAssembliesAndSetupDomain (198ms)
		LoadAssemblies (261ms)
		RebuildTransferFunctionScriptingTraits (0ms)
		AnalyzeDomain (19ms)
			TypeCache.Refresh (7ms)
				TypeCache.ScanAssembly (0ms)
			ScanForSourceGeneratedMonoScriptInfo (0ms)
			ResolveRequiredComponents (10ms)
	FinalizeReload (1101ms)
		ReleaseScriptCaches (0ms)
		RebuildScriptCaches (0ms)
		SetupLoadedEditorAssemblies (580ms)
			LogAssemblyErrors (0ms)
			InitializePlatformSupportModulesInManaged (16ms)
			SetLoadedEditorAssemblies (5ms)
			RefreshPlugins (0ms)
			BeforeProcessingInitializeOnLoad (67ms)
			ProcessInitializeOnLoadAttributes (463ms)
			ProcessInitializeOnLoadMethodAttributes (23ms)
			AfterProcessingInitializeOnLoad (6ms)
			EditorAssembliesLoaded (0ms)
		ExecutionOrderSort2 (0ms)
		AwakeInstancesAfterBackupRestoration (6ms)
Refreshing native plugins compatible for Editor in 4.50 ms, found 6 plugins.
Preloading 0 native plugins for Editor in 0.00 ms.
Unloading 3343 Unused Serialized files (Serialized files now loaded: 0)
Unloading 14 unused Assets / (28.5 KB). Loaded Objects now: 3877.
Memory consumption went from 124.4 MB to 124.4 MB.
Total: 6.669300 ms (FindLiveObjects: 0.471000 ms CreateObjectMapping: 0.132300 ms MarkObjects: 5.993800 ms  DeleteObjects: 0.070400 ms)

Prepare: number of updated asset objects reloaded= 0
AssetImportParameters requested are different than current active one (requested -> active):
  custom:scripting/monoscript/fileName/SkewTextExample.cs: f96859e31fd6dde308d9dc2a2488dcff -> c142d02d70a129e0533975f7c2f96956
  custom:container-demuxer-ogg: 62fdf1f143b41e24485cea50d1cbac27 -> 
  custom:scripting/monoscript/fileName/TMP_TextEventHandler.cs: d0f86a17d6fd3e9995db934eaaf34f18 -> f5cd9d5a43bfefc8f4fec80e6de896a4
  custom:scripting/monoscript/fileName/TextMeshProFloatingText.cs: 5a37842f75734e7729f89af9a8145a1a -> 92608fa4a6315cd0786d82205e77b697
  custom:scripting/monoscript/fileName/VertexZoom.cs: 2da4737d79388c0362c64482e9ee50d2 -> 650ab1e81d40126e3edcf737cce646e4
  custom:video-codec-MediaFoundation-h265: 746d11721c4dcdbdad8f713fa42b33f4 -> 
  custom:scripting/monoscript/fileName/VertexShakeA.cs: 16900906a98712c9660b9823af1f2500 -> 63ec564c588058369499638dd899e05b
  custom:scripting/monoscript/fileName/TMP_ExampleScript_01.cs: 59997facf165601d8c6263ace2a973a5 -> a9d4be556104ff54e7d240529b3e01dc
  custom:video-decoder-ogg-theora: a1e56fd34408186e4bbccfd4996cb3dc -> 
  custom:scripting/monoscript/fileName/TMP_TextEventCheck.cs: 7ee93fce990cec7a5b67b504d0259dce -> 13505d917eab5868c435e0c2986dadfa
  custom:scripting/monoscript/fileName/TMP_TextSelector_B.cs: c0db108de9ffc9b6f619f3d00162b1c2 -> ba2be21a7486d37b1011342977a2e49d
  custom:scripting/monoscript/fileName/Benchmark01.cs: 1fef48c763f4be76a973f061699dd041 -> 2d3e2cd961730ab95f139a49a673bace
  custom:framework-win-MediaFoundation: 216162199b28c13a410421893ffa2e32 -> 
  custom:scripting/monoscript/fileName/Benchmark02.cs: 92dcd0c0a469d0c0690d8ca0bfe95e6f -> 5640963252ce70910e726415f869ced6
  custom:scripting/monoscript/fileName/DropdownSample.cs: b4fe7efb027fdd4854f643ad764daa8c -> 0a92251794e5f10400149f96c3c59e5d
  custom:scripting/monoscript/fileName/WarpTextExample.cs: c5431dac938081648a3a3ac553c1029b -> 2663459c266363641981c7d17b698d7f
  custom:CustomObjectIndexerAttribute: 9a22284fe3817be447336de3de66b15e -> 
  custom:container-demuxer-webm: 4f35f7cbe854078d1ac9338744f61a02 -> 
  custom:scripting/monoscript/fileName/MainMenuButton.cs: e28869a6863284e74946ac915bb193f6 -> 
  custom:scripting/monoscript/fileName/ChatController.cs: ff21b89493e3dffcbe018a2cc5a10bae -> 876d5ccae6e345dd5d9450eb0a748f16
  custom:scripting/monoscript/fileName/TextMeshSpawner.cs: c0f20e5855e88374db1098a5acc68df4 -> 76f28e2ddb031571e6ec62b018f65fa8
  custom:scripting/monoscript/fileName/TeleType.cs: c18e16db35615314900dbe198d0144e7 -> 31fa97821c4c70f157ec81d507aa6b62
  custom:scripting/monoscript/fileName/Benchmark04.cs: 86dfb70824307c4cf164687df2489226 -> 32220b148620e52aa81c13a114862bf4
  custom:container-muxer-webm: aa71ff27fc2769a1b78a27578f13a17b -> 
  custom:video-decoder-webm-vp8: 9c59270c3fd7afecdb556c50c9e8de78 -> 
  custom:scripting/monoscript/fileName/TMP_PhoneNumberValidator.cs: b4c1c54136dffeb4e2962027ebaa6b1f -> 7c3049f481e464c6a9a15dee56c3126f
  custom:SearchIndexIgnoredProperties: e643bd26f0fe6173181afceb89e7c659 -> 
  custom:AudioImporter_EditorPlatform: d09bf68614088b80899f8185d706f6e7 -> 
  custom:scripting/monoscript/fileName/EnvMapAnimator.cs: 08e040d459cd881082c0dd5daba5f85c -> 1b4f61c17e4b7283c3ac351aacff9d26
  custom:scripting/monoscript/fileName/ShaderPropAnimator.cs: 88b70bc5bbc15375387323f48f0661cf -> 55ce425812446482e623ff2695c94cb2
  custom:scripting/monoscript/fileName/SimpleScript.cs: dcd92cf7399b0d08e25e4a66ab57e91e -> 454caab0c6c050f29b39d82e1d66d0fa
  custom:scripting/monoscript/fileName/ObjectSpin.cs: b34dd4d17018731600f920d50ca840f7 -> 2b96bb2079dd7fa5108d981627a28e1e
  custom:scripting/monoscript/fileName/CameraController.cs: 8d43c2def3a67efed518259a2232b470 -> 34b6be4e23ce86dc89786916c5983296
  custom:scripting/monoscript/fileName/TMP_TextInfoDebugTool.cs: 7aad42023b6f5112c90650ae13bd6dd8 -> 3f1709cfb2cc628169113a35b5e9be3f
  custom:scripting/monoscript/fileName/TMP_TextSelector_A.cs: 088357b4acdc1e6288d897936d29c8d3 -> 347309a09d56e367b188a6978f75b424
  custom:video-encoder-webm-vp8: eb34c28f22e8b96e1ab97ce403110664 -> 
  custom:audio-decoder-ogg-vorbis: bf7c407c2cedff20999df2af8eb42d56 -> 
  custom:scripting/monoscript/fileName/VertexJitter.cs: 6330f950b41eff6e5970f129864ecd6c -> d27eb5498e48714a66aece98da065133
  custom:scripting/monoscript/fileName/TextConsoleSimulator.cs: f2c8898b26c0cf2b0a1c7d12d99e6769 -> 33fc311abb20b5b0ed8f00e4d86b574e
  custom:scripting/monoscript/fileName/VertexColorCycler.cs: 135fb0ebdaf256193ccc08218c426c64 -> 5f984ca91cf3609293aecc6bc5641572
  custom:scripting/monoscript/fileName/TMP_FrameRateCounter.cs: 8afeb6f0251e063dcfff2bd827f92c62 -> 46f655df8cb483ac5958307137b1585a
  custom:scripting/monoscript/fileName/VertexShakeB.cs: 587e5b2aecc39120c2c9ff69742ce897 -> a6f78c4fcda1a29a1a1c1baefedba9e7
  custom:scripting/monoscript/fileName/TMP_UiFrameRateCounter.cs: 8fa3bcf761bb5076fd90d0361518d59c -> b01021aea19247f14a98ab338907956a
  custom:scripting/monoscript/fileName/TMPro_InstructionOverlay.cs: 194f3617683541355a9c6c8193e87b1c -> b626d2270e6ebd5c4311585c18b58d8d
  custom:scripting/monoscript/fileName/TMP_DigitValidator.cs: 4e5cde653ae28b90ab257e866c94dfce -> ac02af96215ae3951a3cce9e1a8c6085
  custom:audio-encoder-webm-vorbis: bf7c407c2cedff20999df2af8eb42d56 -> 
  custom:scripting/monoscript/fileName/Benchmark01_UGUI.cs: 52a24b07fcdd062ef495404efdb65870 -> 6148cfe2627b7708298f301788144139
  custom:scripting/precompiled-assembly-types:Assembly-CSharp: d6dbaa4c869d194b03c2f976e23ca9b2 -> f39d0e8e1a2bdc72903fb33acfa56b16
  custom:scripting/monoscript/fileName/Benchmark03.cs: 520976d641c2b7cf395e30b045f5a45d -> 17cc87e0529ac71d909a946afb47a274
========================================================================
Received Prepare
Caller must complete domain reload
Begin MonoManager ReloadAssembly
- Loaded All Assemblies, in  0.482 seconds
Native extension for WindowsStandalone target not found
Native extension for Android target not found
Native extension for WebGL target not found
Mono: successfully reloaded assembly
- Finished resetting the current domain, in  1.173 seconds
Domain Reload Profiling: 1655ms
	BeginReloadAssembly (179ms)
		ExecutionOrderSort (0ms)
		DisableScriptedObjects (8ms)
		BackupInstance (0ms)
		ReleaseScriptingObjects (0ms)
		CreateAndSetChildDomain (47ms)
	RebuildCommonClasses (39ms)
	RebuildNativeTypeToScriptingClass (10ms)
	initialDomainReloadingComplete (26ms)
	LoadAllAssembliesAndSetupDomain (228ms)
		LoadAssemblies (298ms)
		RebuildTransferFunctionScriptingTraits (0ms)
		AnalyzeDomain (18ms)
			TypeCache.Refresh (7ms)
				TypeCache.ScanAssembly (0ms)
			ScanForSourceGeneratedMonoScriptInfo (0ms)
			ResolveRequiredComponents (9ms)
	FinalizeReload (1173ms)
		ReleaseScriptCaches (0ms)
		RebuildScriptCaches (0ms)
		SetupLoadedEditorAssemblies (651ms)
			LogAssemblyErrors (0ms)
			InitializePlatformSupportModulesInManaged (20ms)
			SetLoadedEditorAssemblies (5ms)
			RefreshPlugins (0ms)
			BeforeProcessingInitializeOnLoad (71ms)
			ProcessInitializeOnLoadAttributes (529ms)
			ProcessInitializeOnLoadMethodAttributes (22ms)
			AfterProcessingInitializeOnLoad (2ms)
			EditorAssembliesLoaded (0ms)
		ExecutionOrderSort2 (0ms)
		AwakeInstancesAfterBackupRestoration (8ms)
Refreshing native plugins compatible for Editor in 4.70 ms, found 6 plugins.
Preloading 0 native plugins for Editor in 0.00 ms.
Unloading 3343 Unused Serialized files (Serialized files now loaded: 0)
Unloading 14 unused Assets / (28.5 KB). Loaded Objects now: 3880.
Memory consumption went from 124.4 MB to 124.4 MB.
Total: 5.345500 ms (FindLiveObjects: 0.497000 ms CreateObjectMapping: 0.150000 ms MarkObjects: 4.613900 ms  DeleteObjects: 0.082700 ms)

Prepare: number of updated asset objects reloaded= 0
AssetImportParameters requested are different than current active one (requested -> active):
  custom:scripting/monoscript/fileName/SkewTextExample.cs: f96859e31fd6dde308d9dc2a2488dcff -> c142d02d70a129e0533975f7c2f96956
  custom:container-demuxer-ogg: 62fdf1f143b41e24485cea50d1cbac27 -> 
  custom:scripting/monoscript/fileName/TMP_TextEventHandler.cs: d0f86a17d6fd3e9995db934eaaf34f18 -> f5cd9d5a43bfefc8f4fec80e6de896a4
  custom:scripting/monoscript/fileName/TextMeshProFloatingText.cs: 5a37842f75734e7729f89af9a8145a1a -> 92608fa4a6315cd0786d82205e77b697
  custom:scripting/monoscript/fileName/VertexZoom.cs: 2da4737d79388c0362c64482e9ee50d2 -> 650ab1e81d40126e3edcf737cce646e4
  custom:video-codec-MediaFoundation-h265: 746d11721c4dcdbdad8f713fa42b33f4 -> 
  custom:scripting/monoscript/fileName/VertexShakeA.cs: 16900906a98712c9660b9823af1f2500 -> 63ec564c588058369499638dd899e05b
  custom:scripting/monoscript/fileName/TMP_ExampleScript_01.cs: 59997facf165601d8c6263ace2a973a5 -> a9d4be556104ff54e7d240529b3e01dc
  custom:video-decoder-ogg-theora: a1e56fd34408186e4bbccfd4996cb3dc -> 
  custom:scripting/monoscript/fileName/TMP_TextEventCheck.cs: 7ee93fce990cec7a5b67b504d0259dce -> 13505d917eab5868c435e0c2986dadfa
  custom:scripting/monoscript/fileName/TMP_TextSelector_B.cs: c0db108de9ffc9b6f619f3d00162b1c2 -> ba2be21a7486d37b1011342977a2e49d
  custom:scripting/monoscript/fileName/Benchmark01.cs: 1fef48c763f4be76a973f061699dd041 -> 2d3e2cd961730ab95f139a49a673bace
  custom:framework-win-MediaFoundation: 216162199b28c13a410421893ffa2e32 -> 
  custom:scripting/monoscript/fileName/Benchmark02.cs: 92dcd0c0a469d0c0690d8ca0bfe95e6f -> 5640963252ce70910e726415f869ced6
  custom:scripting/monoscript/fileName/DropdownSample.cs: b4fe7efb027fdd4854f643ad764daa8c -> 0a92251794e5f10400149f96c3c59e5d
  custom:scripting/monoscript/fileName/WarpTextExample.cs: c5431dac938081648a3a3ac553c1029b -> 2663459c266363641981c7d17b698d7f
  custom:CustomObjectIndexerAttribute: 9a22284fe3817be447336de3de66b15e -> 
  custom:container-demuxer-webm: 4f35f7cbe854078d1ac9338744f61a02 -> 
  custom:scripting/monoscript/fileName/MainMenuButton.cs: e28869a6863284e74946ac915bb193f6 -> 
  custom:scripting/monoscript/fileName/ChatController.cs: ff21b89493e3dffcbe018a2cc5a10bae -> 876d5ccae6e345dd5d9450eb0a748f16
  custom:scripting/monoscript/fileName/TextMeshSpawner.cs: c0f20e5855e88374db1098a5acc68df4 -> 76f28e2ddb031571e6ec62b018f65fa8
  custom:scripting/monoscript/fileName/TeleType.cs: c18e16db35615314900dbe198d0144e7 -> 31fa97821c4c70f157ec81d507aa6b62
  custom:scripting/monoscript/fileName/Benchmark04.cs: 86dfb70824307c4cf164687df2489226 -> 32220b148620e52aa81c13a114862bf4
  custom:container-muxer-webm: aa71ff27fc2769a1b78a27578f13a17b -> 
  custom:video-decoder-webm-vp8: 9c59270c3fd7afecdb556c50c9e8de78 -> 
  custom:scripting/monoscript/fileName/TMP_PhoneNumberValidator.cs: b4c1c54136dffeb4e2962027ebaa6b1f -> 7c3049f481e464c6a9a15dee56c3126f
  custom:SearchIndexIgnoredProperties: e643bd26f0fe6173181afceb89e7c659 -> 
  custom:AudioImporter_EditorPlatform: d09bf68614088b80899f8185d706f6e7 -> 
  custom:scripting/monoscript/fileName/EnvMapAnimator.cs: 08e040d459cd881082c0dd5daba5f85c -> 1b4f61c17e4b7283c3ac351aacff9d26
  custom:scripting/monoscript/fileName/ShaderPropAnimator.cs: 88b70bc5bbc15375387323f48f0661cf -> 55ce425812446482e623ff2695c94cb2
  custom:scripting/monoscript/fileName/SimpleScript.cs: dcd92cf7399b0d08e25e4a66ab57e91e -> 454caab0c6c050f29b39d82e1d66d0fa
  custom:scripting/monoscript/fileName/ObjectSpin.cs: b34dd4d17018731600f920d50ca840f7 -> 2b96bb2079dd7fa5108d981627a28e1e
  custom:scripting/monoscript/fileName/CameraController.cs: 8d43c2def3a67efed518259a2232b470 -> 34b6be4e23ce86dc89786916c5983296
  custom:scripting/monoscript/fileName/TMP_TextInfoDebugTool.cs: 7aad42023b6f5112c90650ae13bd6dd8 -> 3f1709cfb2cc628169113a35b5e9be3f
  custom:scripting/monoscript/fileName/TMP_TextSelector_A.cs: 088357b4acdc1e6288d897936d29c8d3 -> 347309a09d56e367b188a6978f75b424
  custom:video-encoder-webm-vp8: eb34c28f22e8b96e1ab97ce403110664 -> 
  custom:audio-decoder-ogg-vorbis: bf7c407c2cedff20999df2af8eb42d56 -> 
  custom:scripting/monoscript/fileName/VertexJitter.cs: 6330f950b41eff6e5970f129864ecd6c -> d27eb5498e48714a66aece98da065133
  custom:scripting/monoscript/fileName/TextConsoleSimulator.cs: f2c8898b26c0cf2b0a1c7d12d99e6769 -> 33fc311abb20b5b0ed8f00e4d86b574e
  custom:scripting/monoscript/fileName/VertexColorCycler.cs: 135fb0ebdaf256193ccc08218c426c64 -> 5f984ca91cf3609293aecc6bc5641572
  custom:scripting/monoscript/fileName/TMP_FrameRateCounter.cs: 8afeb6f0251e063dcfff2bd827f92c62 -> 46f655df8cb483ac5958307137b1585a
  custom:scripting/monoscript/fileName/VertexShakeB.cs: 587e5b2aecc39120c2c9ff69742ce897 -> a6f78c4fcda1a29a1a1c1baefedba9e7
  custom:scripting/monoscript/fileName/TMP_UiFrameRateCounter.cs: 8fa3bcf761bb5076fd90d0361518d59c -> b01021aea19247f14a98ab338907956a
  custom:scripting/monoscript/fileName/TMPro_InstructionOverlay.cs: 194f3617683541355a9c6c8193e87b1c -> b626d2270e6ebd5c4311585c18b58d8d
  custom:scripting/monoscript/fileName/TMP_DigitValidator.cs: 4e5cde653ae28b90ab257e866c94dfce -> ac02af96215ae3951a3cce9e1a8c6085
  custom:audio-encoder-webm-vorbis: bf7c407c2cedff20999df2af8eb42d56 -> 
  custom:scripting/monoscript/fileName/Benchmark01_UGUI.cs: 52a24b07fcdd062ef495404efdb65870 -> 6148cfe2627b7708298f301788144139
  custom:scripting/precompiled-assembly-types:Assembly-CSharp: d6dbaa4c869d194b03c2f976e23ca9b2 -> f39d0e8e1a2bdc72903fb33acfa56b16
  custom:scripting/monoscript/fileName/Benchmark03.cs: 520976d641c2b7cf395e30b045f5a45d -> 17cc87e0529ac71d909a946afb47a274
========================================================================
Received Prepare
Caller must complete domain reload
Begin MonoManager ReloadAssembly
- Loaded All Assemblies, in  0.444 seconds
Native extension for WindowsStandalone target not found
Native extension for Android target not found
Native extension for WebGL target not found
Mono: successfully reloaded assembly
- Finished resetting the current domain, in  0.974 seconds
Domain Reload Profiling: 1418ms
	BeginReloadAssembly (165ms)
		ExecutionOrderSort (0ms)
		DisableScriptedObjects (6ms)
		BackupInstance (0ms)
		ReleaseScriptingObjects (0ms)
		CreateAndSetChildDomain (36ms)
	RebuildCommonClasses (33ms)
	RebuildNativeTypeToScriptingClass (10ms)
	initialDomainReloadingComplete (25ms)
	LoadAllAssembliesAndSetupDomain (210ms)
		LoadAssemblies (283ms)
		RebuildTransferFunctionScriptingTraits (0ms)
		AnalyzeDomain (23ms)
			TypeCache.Refresh (9ms)
				TypeCache.ScanAssembly (1ms)
			ScanForSourceGeneratedMonoScriptInfo (6ms)
			ResolveRequiredComponents (6ms)
	FinalizeReload (975ms)
		ReleaseScriptCaches (0ms)
		RebuildScriptCaches (0ms)
		SetupLoadedEditorAssemblies (540ms)
			LogAssemblyErrors (0ms)
			InitializePlatformSupportModulesInManaged (14ms)
			SetLoadedEditorAssemblies (4ms)
			RefreshPlugins (0ms)
			BeforeProcessingInitializeOnLoad (59ms)
			ProcessInitializeOnLoadAttributes (439ms)
			ProcessInitializeOnLoadMethodAttributes (22ms)
			AfterProcessingInitializeOnLoad (2ms)
			EditorAssembliesLoaded (0ms)
		ExecutionOrderSort2 (0ms)
		AwakeInstancesAfterBackupRestoration (8ms)
Refreshing native plugins compatible for Editor in 4.36 ms, found 6 plugins.
Preloading 0 native plugins for Editor in 0.00 ms.
Unloading 3343 Unused Serialized files (Serialized files now loaded: 0)
Unloading 14 unused Assets / (28.5 KB). Loaded Objects now: 3883.
Memory consumption went from 124.4 MB to 124.4 MB.
Total: 6.841800 ms (FindLiveObjects: 0.665500 ms CreateObjectMapping: 0.201000 ms MarkObjects: 5.904200 ms  DeleteObjects: 0.069800 ms)

Prepare: number of updated asset objects reloaded= 0
AssetImportParameters requested are different than current active one (requested -> active):
  custom:scripting/monoscript/fileName/SkewTextExample.cs: f96859e31fd6dde308d9dc2a2488dcff -> c142d02d70a129e0533975f7c2f96956
  custom:container-demuxer-ogg: 62fdf1f143b41e24485cea50d1cbac27 -> 
  custom:scripting/monoscript/fileName/TMP_TextEventHandler.cs: d0f86a17d6fd3e9995db934eaaf34f18 -> f5cd9d5a43bfefc8f4fec80e6de896a4
  custom:scripting/monoscript/fileName/TextMeshProFloatingText.cs: 5a37842f75734e7729f89af9a8145a1a -> 92608fa4a6315cd0786d82205e77b697
  custom:scripting/monoscript/fileName/VertexZoom.cs: 2da4737d79388c0362c64482e9ee50d2 -> 650ab1e81d40126e3edcf737cce646e4
  custom:video-codec-MediaFoundation-h265: 746d11721c4dcdbdad8f713fa42b33f4 -> 
  custom:scripting/monoscript/fileName/VertexShakeA.cs: 16900906a98712c9660b9823af1f2500 -> 63ec564c588058369499638dd899e05b
  custom:scripting/monoscript/fileName/TMP_ExampleScript_01.cs: 59997facf165601d8c6263ace2a973a5 -> a9d4be556104ff54e7d240529b3e01dc
  custom:video-decoder-ogg-theora: a1e56fd34408186e4bbccfd4996cb3dc -> 
  custom:scripting/monoscript/fileName/TMP_TextEventCheck.cs: 7ee93fce990cec7a5b67b504d0259dce -> 13505d917eab5868c435e0c2986dadfa
  custom:scripting/monoscript/fileName/TMP_TextSelector_B.cs: c0db108de9ffc9b6f619f3d00162b1c2 -> ba2be21a7486d37b1011342977a2e49d
  custom:scripting/monoscript/fileName/Benchmark01.cs: 1fef48c763f4be76a973f061699dd041 -> 2d3e2cd961730ab95f139a49a673bace
  custom:framework-win-MediaFoundation: 216162199b28c13a410421893ffa2e32 -> 
  custom:scripting/monoscript/fileName/Benchmark02.cs: 92dcd0c0a469d0c0690d8ca0bfe95e6f -> 5640963252ce70910e726415f869ced6
  custom:scripting/monoscript/fileName/DropdownSample.cs: b4fe7efb027fdd4854f643ad764daa8c -> 0a92251794e5f10400149f96c3c59e5d
  custom:scripting/monoscript/fileName/WarpTextExample.cs: c5431dac938081648a3a3ac553c1029b -> 2663459c266363641981c7d17b698d7f
  custom:CustomObjectIndexerAttribute: 9a22284fe3817be447336de3de66b15e -> 
  custom:container-demuxer-webm: 4f35f7cbe854078d1ac9338744f61a02 -> 
  custom:scripting/monoscript/fileName/MainMenuButton.cs: e28869a6863284e74946ac915bb193f6 -> 
  custom:scripting/monoscript/fileName/ChatController.cs: ff21b89493e3dffcbe018a2cc5a10bae -> 876d5ccae6e345dd5d9450eb0a748f16
  custom:scripting/monoscript/fileName/TextMeshSpawner.cs: c0f20e5855e88374db1098a5acc68df4 -> 76f28e2ddb031571e6ec62b018f65fa8
  custom:scripting/monoscript/fileName/TeleType.cs: c18e16db35615314900dbe198d0144e7 -> 31fa97821c4c70f157ec81d507aa6b62
  custom:scripting/monoscript/fileName/Benchmark04.cs: 86dfb70824307c4cf164687df2489226 -> 32220b148620e52aa81c13a114862bf4
  custom:container-muxer-webm: aa71ff27fc2769a1b78a27578f13a17b -> 
  custom:video-decoder-webm-vp8: 9c59270c3fd7afecdb556c50c9e8de78 -> 
  custom:scripting/monoscript/fileName/TMP_PhoneNumberValidator.cs: b4c1c54136dffeb4e2962027ebaa6b1f -> 7c3049f481e464c6a9a15dee56c3126f
  custom:SearchIndexIgnoredProperties: e643bd26f0fe6173181afceb89e7c659 -> 
  custom:AudioImporter_EditorPlatform: d09bf68614088b80899f8185d706f6e7 -> 
  custom:scripting/monoscript/fileName/EnvMapAnimator.cs: 08e040d459cd881082c0dd5daba5f85c -> 1b4f61c17e4b7283c3ac351aacff9d26
  custom:scripting/monoscript/fileName/ShaderPropAnimator.cs: 88b70bc5bbc15375387323f48f0661cf -> 55ce425812446482e623ff2695c94cb2
  custom:scripting/monoscript/fileName/SimpleScript.cs: dcd92cf7399b0d08e25e4a66ab57e91e -> 454caab0c6c050f29b39d82e1d66d0fa
  custom:scripting/monoscript/fileName/ObjectSpin.cs: b34dd4d17018731600f920d50ca840f7 -> 2b96bb2079dd7fa5108d981627a28e1e
  custom:scripting/monoscript/fileName/CameraController.cs: 8d43c2def3a67efed518259a2232b470 -> 34b6be4e23ce86dc89786916c5983296
  custom:scripting/monoscript/fileName/TMP_TextInfoDebugTool.cs: 7aad42023b6f5112c90650ae13bd6dd8 -> 3f1709cfb2cc628169113a35b5e9be3f
  custom:scripting/monoscript/fileName/TMP_TextSelector_A.cs: 088357b4acdc1e6288d897936d29c8d3 -> 347309a09d56e367b188a6978f75b424
  custom:video-encoder-webm-vp8: eb34c28f22e8b96e1ab97ce403110664 -> 
  custom:audio-decoder-ogg-vorbis: bf7c407c2cedff20999df2af8eb42d56 -> 
  custom:scripting/monoscript/fileName/VertexJitter.cs: 6330f950b41eff6e5970f129864ecd6c -> d27eb5498e48714a66aece98da065133
  custom:scripting/monoscript/fileName/TextConsoleSimulator.cs: f2c8898b26c0cf2b0a1c7d12d99e6769 -> 33fc311abb20b5b0ed8f00e4d86b574e
  custom:scripting/monoscript/fileName/VertexColorCycler.cs: 135fb0ebdaf256193ccc08218c426c64 -> 5f984ca91cf3609293aecc6bc5641572
  custom:scripting/monoscript/fileName/TMP_FrameRateCounter.cs: 8afeb6f0251e063dcfff2bd827f92c62 -> 46f655df8cb483ac5958307137b1585a
  custom:scripting/monoscript/fileName/VertexShakeB.cs: 587e5b2aecc39120c2c9ff69742ce897 -> a6f78c4fcda1a29a1a1c1baefedba9e7
  custom:scripting/monoscript/fileName/TMP_UiFrameRateCounter.cs: 8fa3bcf761bb5076fd90d0361518d59c -> b01021aea19247f14a98ab338907956a
  custom:scripting/monoscript/fileName/TMPro_InstructionOverlay.cs: 194f3617683541355a9c6c8193e87b1c -> b626d2270e6ebd5c4311585c18b58d8d
  custom:scripting/monoscript/fileName/TMP_DigitValidator.cs: 4e5cde653ae28b90ab257e866c94dfce -> ac02af96215ae3951a3cce9e1a8c6085
  custom:audio-encoder-webm-vorbis: bf7c407c2cedff20999df2af8eb42d56 -> 
  custom:scripting/monoscript/fileName/Benchmark01_UGUI.cs: 52a24b07fcdd062ef495404efdb65870 -> 6148cfe2627b7708298f301788144139
  custom:scripting/precompiled-assembly-types:Assembly-CSharp: d6dbaa4c869d194b03c2f976e23ca9b2 -> f39d0e8e1a2bdc72903fb33acfa56b16
  custom:scripting/monoscript/fileName/Benchmark03.cs: 520976d641c2b7cf395e30b045f5a45d -> 17cc87e0529ac71d909a946afb47a274
========================================================================
Received Prepare
Caller must complete domain reload
Begin MonoManager ReloadAssembly
- Loaded All Assemblies, in  0.436 seconds
Native extension for WindowsStandalone target not found
Native extension for Android target not found
Native extension for WebGL target not found
Mono: successfully reloaded assembly
- Finished resetting the current domain, in  1.030 seconds
Domain Reload Profiling: 1466ms
	BeginReloadAssembly (168ms)
		ExecutionOrderSort (0ms)
		DisableScriptedObjects (9ms)
		BackupInstance (0ms)
		ReleaseScriptingObjects (0ms)
		CreateAndSetChildDomain (41ms)
	RebuildCommonClasses (36ms)
	RebuildNativeTypeToScriptingClass (12ms)
	initialDomainReloadingComplete (27ms)
	LoadAllAssembliesAndSetupDomain (192ms)
		LoadAssemblies (253ms)
		RebuildTransferFunctionScriptingTraits (0ms)
		AnalyzeDomain (23ms)
			TypeCache.Refresh (10ms)
				TypeCache.ScanAssembly (0ms)
			ScanForSourceGeneratedMonoScriptInfo (0ms)
			ResolveRequiredComponents (11ms)
	FinalizeReload (1031ms)
		ReleaseScriptCaches (0ms)
		RebuildScriptCaches (0ms)
		SetupLoadedEditorAssemblies (562ms)
			LogAssemblyErrors (0ms)
			InitializePlatformSupportModulesInManaged (17ms)
			SetLoadedEditorAssemblies (6ms)
			RefreshPlugins (0ms)
			BeforeProcessingInitializeOnLoad (68ms)
			ProcessInitializeOnLoadAttributes (447ms)
			ProcessInitializeOnLoadMethodAttributes (22ms)
			AfterProcessingInitializeOnLoad (2ms)
			EditorAssembliesLoaded (0ms)
		ExecutionOrderSort2 (0ms)
		AwakeInstancesAfterBackupRestoration (8ms)
Refreshing native plugins compatible for Editor in 4.46 ms, found 6 plugins.
Preloading 0 native plugins for Editor in 0.00 ms.
Unloading 3343 Unused Serialized files (Serialized files now loaded: 0)
Unloading 14 unused Assets / (28.6 KB). Loaded Objects now: 3886.
Memory consumption went from 124.4 MB to 124.4 MB.
Total: 6.273700 ms (FindLiveObjects: 0.655000 ms CreateObjectMapping: 0.292800 ms MarkObjects: 5.216100 ms  DeleteObjects: 0.106400 ms)

Prepare: number of updated asset objects reloaded= 0
AssetImportParameters requested are different than current active one (requested -> active):
  custom:scripting/monoscript/fileName/SkewTextExample.cs: f96859e31fd6dde308d9dc2a2488dcff -> c142d02d70a129e0533975f7c2f96956
  custom:container-demuxer-ogg: 62fdf1f143b41e24485cea50d1cbac27 -> 
  custom:scripting/monoscript/fileName/TMP_TextEventHandler.cs: d0f86a17d6fd3e9995db934eaaf34f18 -> f5cd9d5a43bfefc8f4fec80e6de896a4
  custom:scripting/monoscript/fileName/TextMeshProFloatingText.cs: 5a37842f75734e7729f89af9a8145a1a -> 92608fa4a6315cd0786d82205e77b697
  custom:scripting/monoscript/fileName/VertexZoom.cs: 2da4737d79388c0362c64482e9ee50d2 -> 650ab1e81d40126e3edcf737cce646e4
  custom:video-codec-MediaFoundation-h265: 746d11721c4dcdbdad8f713fa42b33f4 -> 
  custom:scripting/monoscript/fileName/VertexShakeA.cs: 16900906a98712c9660b9823af1f2500 -> 63ec564c588058369499638dd899e05b
  custom:scripting/monoscript/fileName/TMP_ExampleScript_01.cs: 59997facf165601d8c6263ace2a973a5 -> a9d4be556104ff54e7d240529b3e01dc
  custom:video-decoder-ogg-theora: a1e56fd34408186e4bbccfd4996cb3dc -> 
  custom:scripting/monoscript/fileName/TMP_TextEventCheck.cs: 7ee93fce990cec7a5b67b504d0259dce -> 13505d917eab5868c435e0c2986dadfa
  custom:scripting/monoscript/fileName/TMP_TextSelector_B.cs: c0db108de9ffc9b6f619f3d00162b1c2 -> ba2be21a7486d37b1011342977a2e49d
  custom:scripting/monoscript/fileName/Benchmark01.cs: 1fef48c763f4be76a973f061699dd041 -> 2d3e2cd961730ab95f139a49a673bace
  custom:framework-win-MediaFoundation: 216162199b28c13a410421893ffa2e32 -> 
  custom:scripting/monoscript/fileName/Benchmark02.cs: 92dcd0c0a469d0c0690d8ca0bfe95e6f -> 5640963252ce70910e726415f869ced6
  custom:scripting/monoscript/fileName/DropdownSample.cs: b4fe7efb027fdd4854f643ad764daa8c -> 0a92251794e5f10400149f96c3c59e5d
  custom:scripting/monoscript/fileName/WarpTextExample.cs: c5431dac938081648a3a3ac553c1029b -> 2663459c266363641981c7d17b698d7f
  custom:CustomObjectIndexerAttribute: 9a22284fe3817be447336de3de66b15e -> 
  custom:container-demuxer-webm: 4f35f7cbe854078d1ac9338744f61a02 -> 
  custom:scripting/monoscript/fileName/MainMenuButton.cs: e28869a6863284e74946ac915bb193f6 -> 
  custom:scripting/monoscript/fileName/ChatController.cs: ff21b89493e3dffcbe018a2cc5a10bae -> 876d5ccae6e345dd5d9450eb0a748f16
  custom:scripting/monoscript/fileName/TextMeshSpawner.cs: c0f20e5855e88374db1098a5acc68df4 -> 76f28e2ddb031571e6ec62b018f65fa8
  custom:scripting/monoscript/fileName/TeleType.cs: c18e16db35615314900dbe198d0144e7 -> 31fa97821c4c70f157ec81d507aa6b62
  custom:scripting/monoscript/fileName/Benchmark04.cs: 86dfb70824307c4cf164687df2489226 -> 32220b148620e52aa81c13a114862bf4
  custom:container-muxer-webm: aa71ff27fc2769a1b78a27578f13a17b -> 
  custom:video-decoder-webm-vp8: 9c59270c3fd7afecdb556c50c9e8de78 -> 
  custom:scripting/monoscript/fileName/TMP_PhoneNumberValidator.cs: b4c1c54136dffeb4e2962027ebaa6b1f -> 7c3049f481e464c6a9a15dee56c3126f
  custom:SearchIndexIgnoredProperties: e643bd26f0fe6173181afceb89e7c659 -> 
  custom:AudioImporter_EditorPlatform: d09bf68614088b80899f8185d706f6e7 -> 
  custom:scripting/monoscript/fileName/EnvMapAnimator.cs: 08e040d459cd881082c0dd5daba5f85c -> 1b4f61c17e4b7283c3ac351aacff9d26
  custom:scripting/monoscript/fileName/ShaderPropAnimator.cs: 88b70bc5bbc15375387323f48f0661cf -> 55ce425812446482e623ff2695c94cb2
  custom:scripting/monoscript/fileName/SimpleScript.cs: dcd92cf7399b0d08e25e4a66ab57e91e -> 454caab0c6c050f29b39d82e1d66d0fa
  custom:scripting/monoscript/fileName/ObjectSpin.cs: b34dd4d17018731600f920d50ca840f7 -> 2b96bb2079dd7fa5108d981627a28e1e
  custom:scripting/monoscript/fileName/CameraController.cs: 8d43c2def3a67efed518259a2232b470 -> 34b6be4e23ce86dc89786916c5983296
  custom:scripting/monoscript/fileName/TMP_TextInfoDebugTool.cs: 7aad42023b6f5112c90650ae13bd6dd8 -> 3f1709cfb2cc628169113a35b5e9be3f
  custom:scripting/monoscript/fileName/TMP_TextSelector_A.cs: 088357b4acdc1e6288d897936d29c8d3 -> 347309a09d56e367b188a6978f75b424
  custom:video-encoder-webm-vp8: eb34c28f22e8b96e1ab97ce403110664 -> 
  custom:audio-decoder-ogg-vorbis: bf7c407c2cedff20999df2af8eb42d56 -> 
  custom:scripting/monoscript/fileName/VertexJitter.cs: 6330f950b41eff6e5970f129864ecd6c -> d27eb5498e48714a66aece98da065133
  custom:scripting/monoscript/fileName/TextConsoleSimulator.cs: f2c8898b26c0cf2b0a1c7d12d99e6769 -> 33fc311abb20b5b0ed8f00e4d86b574e
  custom:scripting/monoscript/fileName/VertexColorCycler.cs: 135fb0ebdaf256193ccc08218c426c64 -> 5f984ca91cf3609293aecc6bc5641572
  custom:scripting/monoscript/fileName/TMP_FrameRateCounter.cs: 8afeb6f0251e063dcfff2bd827f92c62 -> 46f655df8cb483ac5958307137b1585a
  custom:scripting/monoscript/fileName/VertexShakeB.cs: 587e5b2aecc39120c2c9ff69742ce897 -> a6f78c4fcda1a29a1a1c1baefedba9e7
  custom:scripting/monoscript/fileName/TMP_UiFrameRateCounter.cs: 8fa3bcf761bb5076fd90d0361518d59c -> b01021aea19247f14a98ab338907956a
  custom:scripting/monoscript/fileName/TMPro_InstructionOverlay.cs: 194f3617683541355a9c6c8193e87b1c -> b626d2270e6ebd5c4311585c18b58d8d
  custom:scripting/monoscript/fileName/TMP_DigitValidator.cs: 4e5cde653ae28b90ab257e866c94dfce -> ac02af96215ae3951a3cce9e1a8c6085
  custom:audio-encoder-webm-vorbis: bf7c407c2cedff20999df2af8eb42d56 -> 
  custom:scripting/monoscript/fileName/Benchmark01_UGUI.cs: 52a24b07fcdd062ef495404efdb65870 -> 6148cfe2627b7708298f301788144139
  custom:scripting/precompiled-assembly-types:Assembly-CSharp: d6dbaa4c869d194b03c2f976e23ca9b2 -> f39d0e8e1a2bdc72903fb33acfa56b16
  custom:scripting/monoscript/fileName/Benchmark03.cs: 520976d641c2b7cf395e30b045f5a45d -> 17cc87e0529ac71d909a946afb47a274
========================================================================
Received Prepare
Caller must complete domain reload
Begin MonoManager ReloadAssembly
- Loaded All Assemblies, in  0.698 seconds
Native extension for WindowsStandalone target not found
Native extension for Android target not found
Native extension for WebGL target not found
Mono: successfully reloaded assembly
- Finished resetting the current domain, in  1.447 seconds
Domain Reload Profiling: 2145ms
	BeginReloadAssembly (262ms)
		ExecutionOrderSort (0ms)
		DisableScriptedObjects (11ms)
		BackupInstance (0ms)
		ReleaseScriptingObjects (0ms)
		CreateAndSetChildDomain (58ms)
	RebuildCommonClasses (83ms)
	RebuildNativeTypeToScriptingClass (20ms)
	initialDomainReloadingComplete (49ms)
	LoadAllAssembliesAndSetupDomain (283ms)
		LoadAssemblies (404ms)
		RebuildTransferFunctionScriptingTraits (0ms)
		AnalyzeDomain (28ms)
			TypeCache.Refresh (11ms)
				TypeCache.ScanAssembly (2ms)
			ScanForSourceGeneratedMonoScriptInfo (8ms)
			ResolveRequiredComponents (7ms)
	FinalizeReload (1448ms)
		ReleaseScriptCaches (0ms)
		RebuildScriptCaches (0ms)
		SetupLoadedEditorAssemblies (795ms)
			LogAssemblyErrors (0ms)
			InitializePlatformSupportModulesInManaged (26ms)
			SetLoadedEditorAssemblies (6ms)
			RefreshPlugins (0ms)
			BeforeProcessingInitializeOnLoad (81ms)
			ProcessInitializeOnLoadAttributes (649ms)
			ProcessInitializeOnLoadMethodAttributes (31ms)
			AfterProcessingInitializeOnLoad (3ms)
			EditorAssembliesLoaded (0ms)
		ExecutionOrderSort2 (0ms)
		AwakeInstancesAfterBackupRestoration (8ms)
Refreshing native plugins compatible for Editor in 5.60 ms, found 6 plugins.
Preloading 0 native plugins for Editor in 0.00 ms.
Unloading 3344 Unused Serialized files (Serialized files now loaded: 0)
Unloading 14 unused Assets / (28.5 KB). Loaded Objects now: 3890.
Memory consumption went from 124.5 MB to 124.4 MB.
Total: 7.142500 ms (FindLiveObjects: 0.609400 ms CreateObjectMapping: 0.197400 ms MarkObjects: 6.256200 ms  DeleteObjects: 0.077500 ms)

Prepare: number of updated asset objects reloaded= 0
AssetImportParameters requested are different than current active one (requested -> active):
  custom:scripting/monoscript/fileName/SkewTextExample.cs: f96859e31fd6dde308d9dc2a2488dcff -> c142d02d70a129e0533975f7c2f96956
  custom:container-demuxer-ogg: 62fdf1f143b41e24485cea50d1cbac27 -> 
  custom:scripting/monoscript/fileName/TMP_TextEventHandler.cs: d0f86a17d6fd3e9995db934eaaf34f18 -> f5cd9d5a43bfefc8f4fec80e6de896a4
  custom:scripting/monoscript/fileName/TextMeshProFloatingText.cs: 5a37842f75734e7729f89af9a8145a1a -> 92608fa4a6315cd0786d82205e77b697
  custom:scripting/monoscript/fileName/VertexZoom.cs: 2da4737d79388c0362c64482e9ee50d2 -> 650ab1e81d40126e3edcf737cce646e4
  custom:video-codec-MediaFoundation-h265: 746d11721c4dcdbdad8f713fa42b33f4 -> 
  custom:scripting/monoscript/fileName/VertexShakeA.cs: 16900906a98712c9660b9823af1f2500 -> 63ec564c588058369499638dd899e05b
  custom:scripting/monoscript/fileName/TMP_ExampleScript_01.cs: 59997facf165601d8c6263ace2a973a5 -> a9d4be556104ff54e7d240529b3e01dc
  custom:video-decoder-ogg-theora: a1e56fd34408186e4bbccfd4996cb3dc -> 
  custom:scripting/monoscript/fileName/TMP_TextEventCheck.cs: 7ee93fce990cec7a5b67b504d0259dce -> 13505d917eab5868c435e0c2986dadfa
  custom:scripting/monoscript/fileName/TMP_TextSelector_B.cs: c0db108de9ffc9b6f619f3d00162b1c2 -> ba2be21a7486d37b1011342977a2e49d
  custom:scripting/monoscript/fileName/Benchmark01.cs: 1fef48c763f4be76a973f061699dd041 -> 2d3e2cd961730ab95f139a49a673bace
  custom:framework-win-MediaFoundation: 216162199b28c13a410421893ffa2e32 -> 
  custom:scripting/monoscript/fileName/Benchmark02.cs: 92dcd0c0a469d0c0690d8ca0bfe95e6f -> 5640963252ce70910e726415f869ced6
  custom:scripting/monoscript/fileName/DropdownSample.cs: b4fe7efb027fdd4854f643ad764daa8c -> 0a92251794e5f10400149f96c3c59e5d
  custom:scripting/monoscript/fileName/WarpTextExample.cs: c5431dac938081648a3a3ac553c1029b -> 2663459c266363641981c7d17b698d7f
  custom:CustomObjectIndexerAttribute: 9a22284fe3817be447336de3de66b15e -> 
  custom:container-demuxer-webm: 4f35f7cbe854078d1ac9338744f61a02 -> 
  custom:scripting/monoscript/fileName/MainMenuButton.cs: e28869a6863284e74946ac915bb193f6 -> 
  custom:scripting/monoscript/fileName/ChatController.cs: ff21b89493e3dffcbe018a2cc5a10bae -> 876d5ccae6e345dd5d9450eb0a748f16
  custom:scripting/monoscript/fileName/TextMeshSpawner.cs: c0f20e5855e88374db1098a5acc68df4 -> 76f28e2ddb031571e6ec62b018f65fa8
  custom:scripting/monoscript/fileName/TeleType.cs: c18e16db35615314900dbe198d0144e7 -> 31fa97821c4c70f157ec81d507aa6b62
  custom:scripting/monoscript/fileName/Benchmark04.cs: 86dfb70824307c4cf164687df2489226 -> 32220b148620e52aa81c13a114862bf4
  custom:container-muxer-webm: aa71ff27fc2769a1b78a27578f13a17b -> 
  custom:video-decoder-webm-vp8: 9c59270c3fd7afecdb556c50c9e8de78 -> 
  custom:scripting/monoscript/fileName/TMP_PhoneNumberValidator.cs: b4c1c54136dffeb4e2962027ebaa6b1f -> 7c3049f481e464c6a9a15dee56c3126f
  custom:SearchIndexIgnoredProperties: e643bd26f0fe6173181afceb89e7c659 -> 
  custom:AudioImporter_EditorPlatform: d09bf68614088b80899f8185d706f6e7 -> 
  custom:scripting/monoscript/fileName/EnvMapAnimator.cs: 08e040d459cd881082c0dd5daba5f85c -> 1b4f61c17e4b7283c3ac351aacff9d26
  custom:scripting/monoscript/fileName/ShaderPropAnimator.cs: 88b70bc5bbc15375387323f48f0661cf -> 55ce425812446482e623ff2695c94cb2
  custom:scripting/monoscript/fileName/SimpleScript.cs: dcd92cf7399b0d08e25e4a66ab57e91e -> 454caab0c6c050f29b39d82e1d66d0fa
  custom:scripting/monoscript/fileName/ObjectSpin.cs: b34dd4d17018731600f920d50ca840f7 -> 2b96bb2079dd7fa5108d981627a28e1e
  custom:scripting/monoscript/fileName/CameraController.cs: 8d43c2def3a67efed518259a2232b470 -> 34b6be4e23ce86dc89786916c5983296
  custom:scripting/monoscript/fileName/TMP_TextInfoDebugTool.cs: 7aad42023b6f5112c90650ae13bd6dd8 -> 3f1709cfb2cc628169113a35b5e9be3f
  custom:scripting/monoscript/fileName/TMP_TextSelector_A.cs: 088357b4acdc1e6288d897936d29c8d3 -> 347309a09d56e367b188a6978f75b424
  custom:video-encoder-webm-vp8: eb34c28f22e8b96e1ab97ce403110664 -> 
  custom:audio-decoder-ogg-vorbis: bf7c407c2cedff20999df2af8eb42d56 -> 
  custom:scripting/monoscript/fileName/VertexJitter.cs: 6330f950b41eff6e5970f129864ecd6c -> d27eb5498e48714a66aece98da065133
  custom:scripting/monoscript/fileName/TextConsoleSimulator.cs: f2c8898b26c0cf2b0a1c7d12d99e6769 -> 33fc311abb20b5b0ed8f00e4d86b574e
  custom:scripting/monoscript/fileName/VertexColorCycler.cs: 135fb0ebdaf256193ccc08218c426c64 -> 5f984ca91cf3609293aecc6bc5641572
  custom:scripting/monoscript/fileName/TMP_FrameRateCounter.cs: 8afeb6f0251e063dcfff2bd827f92c62 -> 46f655df8cb483ac5958307137b1585a
  custom:scripting/monoscript/fileName/VertexShakeB.cs: 587e5b2aecc39120c2c9ff69742ce897 -> a6f78c4fcda1a29a1a1c1baefedba9e7
  custom:scripting/monoscript/fileName/TMP_UiFrameRateCounter.cs: 8fa3bcf761bb5076fd90d0361518d59c -> b01021aea19247f14a98ab338907956a
  custom:scripting/monoscript/fileName/TMPro_InstructionOverlay.cs: 194f3617683541355a9c6c8193e87b1c -> b626d2270e6ebd5c4311585c18b58d8d
  custom:scripting/monoscript/fileName/TMP_DigitValidator.cs: 4e5cde653ae28b90ab257e866c94dfce -> ac02af96215ae3951a3cce9e1a8c6085
  custom:audio-encoder-webm-vorbis: bf7c407c2cedff20999df2af8eb42d56 -> 
  custom:scripting/monoscript/fileName/Cube_Controller.cs: acd00592fa72aff7217b78bae7072f77 -> 
  custom:scripting/monoscript/fileName/Benchmark01_UGUI.cs: 52a24b07fcdd062ef495404efdb65870 -> 6148cfe2627b7708298f301788144139
  custom:scripting/precompiled-assembly-types:Assembly-CSharp: 754cd9f06af01cd0a75bb0e26b5e1d58 -> f39d0e8e1a2bdc72903fb33acfa56b16
  custom:scripting/monoscript/fileName/Benchmark03.cs: 520976d641c2b7cf395e30b045f5a45d -> 17cc87e0529ac71d909a946afb47a274
========================================================================
Received Import Request.
  Time since last request: 3130.370189 seconds.
  path: Assets/Crion/Scripts/Cube_Controller.cs
  artifactKey: Guid(10c3d3f701cc57d4dbc040eb9394c98f) Importer(815301076,1909f56bfc062723c751e8b465ee728b)
Start importing Assets/Crion/Scripts/Cube_Controller.cs using Guid(10c3d3f701cc57d4dbc040eb9394c98f) Importer(815301076,1909f56bfc062723c751e8b465ee728b) [PhysX] Initialized MultithreadedTaskDispatcher with 16 workers.
 -> (artifact id: '4b145e7055449d21b44d618bacd1df9d') in 0.004831 seconds
Number of updated asset objects reloaded before import = 0
Number of asset objects unloaded after import = 0
========================================================================
Received Prepare
Caller must complete domain reload
Begin MonoManager ReloadAssembly
- Loaded All Assemblies, in  0.407 seconds
Native extension for WindowsStandalone target not found
Native extension for Android target not found
Native extension for WebGL target not found
Mono: successfully reloaded assembly
- Finished resetting the current domain, in  1.030 seconds
Domain Reload Profiling: 1436ms
	BeginReloadAssembly (157ms)
		ExecutionOrderSort (0ms)
		DisableScriptedObjects (5ms)
		BackupInstance (0ms)
		ReleaseScriptingObjects (0ms)
		CreateAndSetChildDomain (37ms)
	RebuildCommonClasses (40ms)
	RebuildNativeTypeToScriptingClass (10ms)
	initialDomainReloadingComplete (25ms)
	LoadAllAssembliesAndSetupDomain (174ms)
		LoadAssemblies (242ms)
		RebuildTransferFunctionScriptingTraits (0ms)
		AnalyzeDomain (20ms)
			TypeCache.Refresh (8ms)
				TypeCache.ScanAssembly (1ms)
			ScanForSourceGeneratedMonoScriptInfo (6ms)
			ResolveRequiredComponents (4ms)
	FinalizeReload (1030ms)
		ReleaseScriptCaches (0ms)
		RebuildScriptCaches (0ms)
		SetupLoadedEditorAssemblies (575ms)
			LogAssemblyErrors (0ms)
			InitializePlatformSupportModulesInManaged (17ms)
			SetLoadedEditorAssemblies (5ms)
			RefreshPlugins (0ms)
			BeforeProcessingInitializeOnLoad (60ms)
			ProcessInitializeOnLoadAttributes (469ms)
			ProcessInitializeOnLoadMethodAttributes (22ms)
			AfterProcessingInitializeOnLoad (2ms)
			EditorAssembliesLoaded (0ms)
		ExecutionOrderSort2 (0ms)
		AwakeInstancesAfterBackupRestoration (6ms)
Refreshing native plugins compatible for Editor in 6.55 ms, found 6 plugins.
Preloading 0 native plugins for Editor in 0.00 ms.
Unloading 3343 Unused Serialized files (Serialized files now loaded: 0)
Unloading 14 unused Assets / (28.5 KB). Loaded Objects now: 3893.
Memory consumption went from 124.2 MB to 124.2 MB.
Total: 6.361800 ms (FindLiveObjects: 0.496300 ms CreateObjectMapping: 0.130600 ms MarkObjects: 5.643500 ms  DeleteObjects: 0.090300 ms)

Prepare: number of updated asset objects reloaded= 0
AssetImportParameters requested are different than current active one (requested -> active):
  custom:scripting/monoscript/fileName/SkewTextExample.cs: f96859e31fd6dde308d9dc2a2488dcff -> c142d02d70a129e0533975f7c2f96956
  custom:container-demuxer-ogg: 62fdf1f143b41e24485cea50d1cbac27 -> 
  custom:scripting/monoscript/fileName/TMP_TextEventHandler.cs: d0f86a17d6fd3e9995db934eaaf34f18 -> f5cd9d5a43bfefc8f4fec80e6de896a4
  custom:scripting/monoscript/fileName/TextMeshProFloatingText.cs: 5a37842f75734e7729f89af9a8145a1a -> 92608fa4a6315cd0786d82205e77b697
  custom:scripting/monoscript/fileName/VertexZoom.cs: 2da4737d79388c0362c64482e9ee50d2 -> 650ab1e81d40126e3edcf737cce646e4
  custom:video-codec-MediaFoundation-h265: 746d11721c4dcdbdad8f713fa42b33f4 -> 
  custom:scripting/monoscript/fileName/VertexShakeA.cs: 16900906a98712c9660b9823af1f2500 -> 63ec564c588058369499638dd899e05b
  custom:scripting/monoscript/fileName/TMP_ExampleScript_01.cs: 59997facf165601d8c6263ace2a973a5 -> a9d4be556104ff54e7d240529b3e01dc
  custom:video-decoder-ogg-theora: a1e56fd34408186e4bbccfd4996cb3dc -> 
  custom:scripting/monoscript/fileName/TMP_TextEventCheck.cs: 7ee93fce990cec7a5b67b504d0259dce -> 13505d917eab5868c435e0c2986dadfa
  custom:scripting/monoscript/fileName/TMP_TextSelector_B.cs: c0db108de9ffc9b6f619f3d00162b1c2 -> ba2be21a7486d37b1011342977a2e49d
  custom:scripting/monoscript/fileName/Benchmark01.cs: 1fef48c763f4be76a973f061699dd041 -> 2d3e2cd961730ab95f139a49a673bace
  custom:framework-win-MediaFoundation: 216162199b28c13a410421893ffa2e32 -> 
  custom:scripting/monoscript/fileName/Benchmark02.cs: 92dcd0c0a469d0c0690d8ca0bfe95e6f -> 5640963252ce70910e726415f869ced6
  custom:scripting/monoscript/fileName/DropdownSample.cs: b4fe7efb027fdd4854f643ad764daa8c -> 0a92251794e5f10400149f96c3c59e5d
  custom:scripting/monoscript/fileName/WarpTextExample.cs: c5431dac938081648a3a3ac553c1029b -> 2663459c266363641981c7d17b698d7f
  custom:CustomObjectIndexerAttribute: 9a22284fe3817be447336de3de66b15e -> 
  custom:container-demuxer-webm: 4f35f7cbe854078d1ac9338744f61a02 -> 
  custom:scripting/monoscript/fileName/MainMenuButton.cs: e28869a6863284e74946ac915bb193f6 -> 
  custom:scripting/monoscript/fileName/ChatController.cs: ff21b89493e3dffcbe018a2cc5a10bae -> 876d5ccae6e345dd5d9450eb0a748f16
  custom:scripting/monoscript/fileName/TextMeshSpawner.cs: c0f20e5855e88374db1098a5acc68df4 -> 76f28e2ddb031571e6ec62b018f65fa8
  custom:scripting/monoscript/fileName/TeleType.cs: c18e16db35615314900dbe198d0144e7 -> 31fa97821c4c70f157ec81d507aa6b62
  custom:scripting/monoscript/fileName/Benchmark04.cs: 86dfb70824307c4cf164687df2489226 -> 32220b148620e52aa81c13a114862bf4
  custom:container-muxer-webm: aa71ff27fc2769a1b78a27578f13a17b -> 
  custom:video-decoder-webm-vp8: 9c59270c3fd7afecdb556c50c9e8de78 -> 
  custom:scripting/monoscript/fileName/TMP_PhoneNumberValidator.cs: b4c1c54136dffeb4e2962027ebaa6b1f -> 7c3049f481e464c6a9a15dee56c3126f
  custom:SearchIndexIgnoredProperties: e643bd26f0fe6173181afceb89e7c659 -> 
  custom:AudioImporter_EditorPlatform: d09bf68614088b80899f8185d706f6e7 -> 
  custom:scripting/monoscript/fileName/EnvMapAnimator.cs: 08e040d459cd881082c0dd5daba5f85c -> 1b4f61c17e4b7283c3ac351aacff9d26
  custom:scripting/monoscript/fileName/ShaderPropAnimator.cs: 88b70bc5bbc15375387323f48f0661cf -> 55ce425812446482e623ff2695c94cb2
  custom:scripting/monoscript/fileName/SimpleScript.cs: dcd92cf7399b0d08e25e4a66ab57e91e -> 454caab0c6c050f29b39d82e1d66d0fa
  custom:scripting/monoscript/fileName/ObjectSpin.cs: b34dd4d17018731600f920d50ca840f7 -> 2b96bb2079dd7fa5108d981627a28e1e
  custom:scripting/monoscript/fileName/CameraController.cs: 8d43c2def3a67efed518259a2232b470 -> 34b6be4e23ce86dc89786916c5983296
  custom:scripting/monoscript/fileName/TMP_TextInfoDebugTool.cs: 7aad42023b6f5112c90650ae13bd6dd8 -> 3f1709cfb2cc628169113a35b5e9be3f
  custom:scripting/monoscript/fileName/TMP_TextSelector_A.cs: 088357b4acdc1e6288d897936d29c8d3 -> 347309a09d56e367b188a6978f75b424
  custom:video-encoder-webm-vp8: eb34c28f22e8b96e1ab97ce403110664 -> 
  custom:audio-decoder-ogg-vorbis: bf7c407c2cedff20999df2af8eb42d56 -> 
  custom:scripting/monoscript/fileName/VertexJitter.cs: 6330f950b41eff6e5970f129864ecd6c -> d27eb5498e48714a66aece98da065133
  custom:scripting/monoscript/fileName/TextConsoleSimulator.cs: f2c8898b26c0cf2b0a1c7d12d99e6769 -> 33fc311abb20b5b0ed8f00e4d86b574e
  custom:scripting/monoscript/fileName/VertexColorCycler.cs: 135fb0ebdaf256193ccc08218c426c64 -> 5f984ca91cf3609293aecc6bc5641572
  custom:scripting/monoscript/fileName/TMP_FrameRateCounter.cs: 8afeb6f0251e063dcfff2bd827f92c62 -> 46f655df8cb483ac5958307137b1585a
  custom:scripting/monoscript/fileName/VertexShakeB.cs: 587e5b2aecc39120c2c9ff69742ce897 -> a6f78c4fcda1a29a1a1c1baefedba9e7
  custom:scripting/monoscript/fileName/TMP_UiFrameRateCounter.cs: 8fa3bcf761bb5076fd90d0361518d59c -> b01021aea19247f14a98ab338907956a
  custom:scripting/monoscript/fileName/TMPro_InstructionOverlay.cs: 194f3617683541355a9c6c8193e87b1c -> b626d2270e6ebd5c4311585c18b58d8d
  custom:scripting/monoscript/fileName/TMP_DigitValidator.cs: 4e5cde653ae28b90ab257e866c94dfce -> ac02af96215ae3951a3cce9e1a8c6085
  custom:audio-encoder-webm-vorbis: bf7c407c2cedff20999df2af8eb42d56 -> 
  custom:scripting/monoscript/fileName/Cube_Controller.cs: acd00592fa72aff7217b78bae7072f77 -> 
  custom:scripting/monoscript/fileName/Benchmark01_UGUI.cs: 52a24b07fcdd062ef495404efdb65870 -> 6148cfe2627b7708298f301788144139
  custom:scripting/precompiled-assembly-types:Assembly-CSharp: 754cd9f06af01cd0a75bb0e26b5e1d58 -> f39d0e8e1a2bdc72903fb33acfa56b16
  custom:scripting/monoscript/fileName/Benchmark03.cs: 520976d641c2b7cf395e30b045f5a45d -> 17cc87e0529ac71d909a946afb47a274
========================================================================
Received Prepare
Caller must complete domain reload
Begin MonoManager ReloadAssembly
- Loaded All Assemblies, in  0.764 seconds
Native extension for WindowsStandalone target not found
Native extension for Android target not found
Native extension for WebGL target not found
Mono: successfully reloaded assembly
- Finished resetting the current domain, in  2.018 seconds
Domain Reload Profiling: 2781ms
	BeginReloadAssembly (273ms)
		ExecutionOrderSort (0ms)
		DisableScriptedObjects (12ms)
		BackupInstance (0ms)
		ReleaseScriptingObjects (0ms)
		CreateAndSetChildDomain (52ms)
	RebuildCommonClasses (78ms)
	RebuildNativeTypeToScriptingClass (26ms)
	initialDomainReloadingComplete (52ms)
	LoadAllAssembliesAndSetupDomain (334ms)
		LoadAssemblies (455ms)
		RebuildTransferFunctionScriptingTraits (0ms)
		AnalyzeDomain (40ms)
			TypeCache.Refresh (14ms)
				TypeCache.ScanAssembly (1ms)
			ScanForSourceGeneratedMonoScriptInfo (12ms)
			ResolveRequiredComponents (11ms)
	FinalizeReload (2019ms)
		ReleaseScriptCaches (0ms)
		RebuildScriptCaches (0ms)
		SetupLoadedEditorAssemblies (1103ms)
			LogAssemblyErrors (0ms)
			InitializePlatformSupportModulesInManaged (31ms)
			SetLoadedEditorAssemblies (8ms)
			RefreshPlugins (0ms)
			BeforeProcessingInitializeOnLoad (108ms)
			ProcessInitializeOnLoadAttributes (912ms)
			ProcessInitializeOnLoadMethodAttributes (40ms)
			AfterProcessingInitializeOnLoad (5ms)
			EditorAssembliesLoaded (0ms)
		ExecutionOrderSort2 (0ms)
		AwakeInstancesAfterBackupRestoration (12ms)
Refreshing native plugins compatible for Editor in 8.32 ms, found 6 plugins.
Preloading 0 native plugins for Editor in 0.00 ms.
Unloading 3344 Unused Serialized files (Serialized files now loaded: 0)
Unloading 14 unused Assets / (28.5 KB). Loaded Objects now: 3896.
Memory consumption went from 124.5 MB to 124.4 MB.
Total: 6.136900 ms (FindLiveObjects: 0.545000 ms CreateObjectMapping: 0.179800 ms MarkObjects: 5.331100 ms  DeleteObjects: 0.079700 ms)

Prepare: number of updated asset objects reloaded= 0
AssetImportParameters requested are different than current active one (requested -> active):
  custom:scripting/monoscript/fileName/SkewTextExample.cs: f96859e31fd6dde308d9dc2a2488dcff -> c142d02d70a129e0533975f7c2f96956
  custom:container-demuxer-ogg: 62fdf1f143b41e24485cea50d1cbac27 -> 
  custom:scripting/monoscript/fileName/TMP_TextEventHandler.cs: d0f86a17d6fd3e9995db934eaaf34f18 -> f5cd9d5a43bfefc8f4fec80e6de896a4
  custom:scripting/monoscript/fileName/TextMeshProFloatingText.cs: 5a37842f75734e7729f89af9a8145a1a -> 92608fa4a6315cd0786d82205e77b697
  custom:scripting/monoscript/fileName/VertexZoom.cs: 2da4737d79388c0362c64482e9ee50d2 -> 650ab1e81d40126e3edcf737cce646e4
  custom:video-codec-MediaFoundation-h265: 746d11721c4dcdbdad8f713fa42b33f4 -> 
  custom:scripting/monoscript/fileName/VertexShakeA.cs: 16900906a98712c9660b9823af1f2500 -> 63ec564c588058369499638dd899e05b
  custom:scripting/monoscript/fileName/TMP_ExampleScript_01.cs: 59997facf165601d8c6263ace2a973a5 -> a9d4be556104ff54e7d240529b3e01dc
  custom:video-decoder-ogg-theora: a1e56fd34408186e4bbccfd4996cb3dc -> 
  custom:scripting/monoscript/fileName/TMP_TextEventCheck.cs: 7ee93fce990cec7a5b67b504d0259dce -> 13505d917eab5868c435e0c2986dadfa
  custom:scripting/monoscript/fileName/TMP_TextSelector_B.cs: c0db108de9ffc9b6f619f3d00162b1c2 -> ba2be21a7486d37b1011342977a2e49d
  custom:scripting/monoscript/fileName/Benchmark01.cs: 1fef48c763f4be76a973f061699dd041 -> 2d3e2cd961730ab95f139a49a673bace
  custom:framework-win-MediaFoundation: 216162199b28c13a410421893ffa2e32 -> 
  custom:scripting/monoscript/fileName/Benchmark02.cs: 92dcd0c0a469d0c0690d8ca0bfe95e6f -> 5640963252ce70910e726415f869ced6
  custom:scripting/monoscript/fileName/DropdownSample.cs: b4fe7efb027fdd4854f643ad764daa8c -> 0a92251794e5f10400149f96c3c59e5d
  custom:scripting/monoscript/fileName/WarpTextExample.cs: c5431dac938081648a3a3ac553c1029b -> 2663459c266363641981c7d17b698d7f
  custom:CustomObjectIndexerAttribute: 9a22284fe3817be447336de3de66b15e -> 
  custom:container-demuxer-webm: 4f35f7cbe854078d1ac9338744f61a02 -> 
  custom:scripting/monoscript/fileName/MainMenuButton.cs: e28869a6863284e74946ac915bb193f6 -> 
  custom:scripting/monoscript/fileName/ChatController.cs: ff21b89493e3dffcbe018a2cc5a10bae -> 876d5ccae6e345dd5d9450eb0a748f16
  custom:scripting/monoscript/fileName/TextMeshSpawner.cs: c0f20e5855e88374db1098a5acc68df4 -> 76f28e2ddb031571e6ec62b018f65fa8
  custom:scripting/monoscript/fileName/TeleType.cs: c18e16db35615314900dbe198d0144e7 -> 31fa97821c4c70f157ec81d507aa6b62
  custom:scripting/monoscript/fileName/Benchmark04.cs: 86dfb70824307c4cf164687df2489226 -> 32220b148620e52aa81c13a114862bf4
  custom:container-muxer-webm: aa71ff27fc2769a1b78a27578f13a17b -> 
  custom:video-decoder-webm-vp8: 9c59270c3fd7afecdb556c50c9e8de78 -> 
  custom:scripting/monoscript/fileName/TMP_PhoneNumberValidator.cs: b4c1c54136dffeb4e2962027ebaa6b1f -> 7c3049f481e464c6a9a15dee56c3126f
  custom:SearchIndexIgnoredProperties: e643bd26f0fe6173181afceb89e7c659 -> 
  custom:AudioImporter_EditorPlatform: d09bf68614088b80899f8185d706f6e7 -> 
  custom:scripting/monoscript/fileName/EnvMapAnimator.cs: 08e040d459cd881082c0dd5daba5f85c -> 1b4f61c17e4b7283c3ac351aacff9d26
  custom:scripting/monoscript/fileName/ShaderPropAnimator.cs: 88b70bc5bbc15375387323f48f0661cf -> 55ce425812446482e623ff2695c94cb2
  custom:scripting/monoscript/fileName/SimpleScript.cs: dcd92cf7399b0d08e25e4a66ab57e91e -> 454caab0c6c050f29b39d82e1d66d0fa
  custom:scripting/monoscript/fileName/ObjectSpin.cs: b34dd4d17018731600f920d50ca840f7 -> 2b96bb2079dd7fa5108d981627a28e1e
  custom:scripting/monoscript/fileName/CameraController.cs: 8d43c2def3a67efed518259a2232b470 -> 34b6be4e23ce86dc89786916c5983296
  custom:scripting/monoscript/fileName/TMP_TextInfoDebugTool.cs: 7aad42023b6f5112c90650ae13bd6dd8 -> 3f1709cfb2cc628169113a35b5e9be3f
  custom:scripting/monoscript/fileName/TMP_TextSelector_A.cs: 088357b4acdc1e6288d897936d29c8d3 -> 347309a09d56e367b188a6978f75b424
  custom:video-encoder-webm-vp8: eb34c28f22e8b96e1ab97ce403110664 -> 
  custom:audio-decoder-ogg-vorbis: bf7c407c2cedff20999df2af8eb42d56 -> 
  custom:scripting/monoscript/fileName/VertexJitter.cs: 6330f950b41eff6e5970f129864ecd6c -> d27eb5498e48714a66aece98da065133
  custom:scripting/monoscript/fileName/TextConsoleSimulator.cs: f2c8898b26c0cf2b0a1c7d12d99e6769 -> 33fc311abb20b5b0ed8f00e4d86b574e
  custom:scripting/monoscript/fileName/VertexColorCycler.cs: 135fb0ebdaf256193ccc08218c426c64 -> 5f984ca91cf3609293aecc6bc5641572
  custom:scripting/monoscript/fileName/TMP_FrameRateCounter.cs: 8afeb6f0251e063dcfff2bd827f92c62 -> 46f655df8cb483ac5958307137b1585a
  custom:scripting/monoscript/fileName/VertexShakeB.cs: 587e5b2aecc39120c2c9ff69742ce897 -> a6f78c4fcda1a29a1a1c1baefedba9e7
  custom:scripting/monoscript/fileName/TMP_UiFrameRateCounter.cs: 8fa3bcf761bb5076fd90d0361518d59c -> b01021aea19247f14a98ab338907956a
  custom:scripting/monoscript/fileName/TMPro_InstructionOverlay.cs: 194f3617683541355a9c6c8193e87b1c -> b626d2270e6ebd5c4311585c18b58d8d
  custom:scripting/monoscript/fileName/TMP_DigitValidator.cs: 4e5cde653ae28b90ab257e866c94dfce -> ac02af96215ae3951a3cce9e1a8c6085
  custom:audio-encoder-webm-vorbis: bf7c407c2cedff20999df2af8eb42d56 -> 
  custom:scripting/monoscript/fileName/Cube_Controller.cs: acd00592fa72aff7217b78bae7072f77 -> 
  custom:scripting/monoscript/fileName/Benchmark01_UGUI.cs: 52a24b07fcdd062ef495404efdb65870 -> 6148cfe2627b7708298f301788144139
  custom:scripting/precompiled-assembly-types:Assembly-CSharp: 754cd9f06af01cd0a75bb0e26b5e1d58 -> f39d0e8e1a2bdc72903fb33acfa56b16
  custom:scripting/monoscript/fileName/Benchmark03.cs: 520976d641c2b7cf395e30b045f5a45d -> 17cc87e0529ac71d909a946afb47a274
========================================================================
Received Prepare
Caller must complete domain reload
Begin MonoManager ReloadAssembly
- Loaded All Assemblies, in  0.788 seconds
Native extension for WindowsStandalone target not found
Native extension for Android target not found
Native extension for WebGL target not found
Mono: successfully reloaded assembly
- Finished resetting the current domain, in  1.989 seconds
Domain Reload Profiling: 2778ms
	BeginReloadAssembly (272ms)
		ExecutionOrderSort (0ms)
		DisableScriptedObjects (12ms)
		BackupInstance (0ms)
		ReleaseScriptingObjects (0ms)
		CreateAndSetChildDomain (52ms)
	RebuildCommonClasses (73ms)
	RebuildNativeTypeToScriptingClass (21ms)
	initialDomainReloadingComplete (47ms)
	LoadAllAssembliesAndSetupDomain (372ms)
		LoadAssemblies (488ms)
		RebuildTransferFunctionScriptingTraits (0ms)
		AnalyzeDomain (44ms)
			TypeCache.Refresh (14ms)
				TypeCache.ScanAssembly (1ms)
			ScanForSourceGeneratedMonoScriptInfo (15ms)
			ResolveRequiredComponents (12ms)
	FinalizeReload (1991ms)
		ReleaseScriptCaches (0ms)
		RebuildScriptCaches (0ms)
		SetupLoadedEditorAssemblies (1092ms)
			LogAssemblyErrors (0ms)
			InitializePlatformSupportModulesInManaged (38ms)
			SetLoadedEditorAssemblies (9ms)
			RefreshPlugins (0ms)
			BeforeProcessingInitializeOnLoad (127ms)
			ProcessInitializeOnLoadAttributes (873ms)
			ProcessInitializeOnLoadMethodAttributes (40ms)
			AfterProcessingInitializeOnLoad (4ms)
			EditorAssembliesLoaded (0ms)
		ExecutionOrderSort2 (0ms)
		AwakeInstancesAfterBackupRestoration (11ms)
Refreshing native plugins compatible for Editor in 5.60 ms, found 6 plugins.
Preloading 0 native plugins for Editor in 0.00 ms.
Unloading 3344 Unused Serialized files (Serialized files now loaded: 0)
Unloading 14 unused Assets / (28.5 KB). Loaded Objects now: 3899.
Memory consumption went from 124.5 MB to 124.4 MB.
Total: 7.633200 ms (FindLiveObjects: 0.626400 ms CreateObjectMapping: 0.177500 ms MarkObjects: 6.750200 ms  DeleteObjects: 0.077300 ms)

Prepare: number of updated asset objects reloaded= 0
AssetImportParameters requested are different than current active one (requested -> active):
  custom:scripting/monoscript/fileName/SkewTextExample.cs: f96859e31fd6dde308d9dc2a2488dcff -> c142d02d70a129e0533975f7c2f96956
  custom:container-demuxer-ogg: 62fdf1f143b41e24485cea50d1cbac27 -> 
  custom:scripting/monoscript/fileName/TMP_TextEventHandler.cs: d0f86a17d6fd3e9995db934eaaf34f18 -> f5cd9d5a43bfefc8f4fec80e6de896a4
  custom:scripting/monoscript/fileName/TextMeshProFloatingText.cs: 5a37842f75734e7729f89af9a8145a1a -> 92608fa4a6315cd0786d82205e77b697
  custom:scripting/monoscript/fileName/VertexZoom.cs: 2da4737d79388c0362c64482e9ee50d2 -> 650ab1e81d40126e3edcf737cce646e4
  custom:video-codec-MediaFoundation-h265: 746d11721c4dcdbdad8f713fa42b33f4 -> 
  custom:scripting/monoscript/fileName/VertexShakeA.cs: 16900906a98712c9660b9823af1f2500 -> 63ec564c588058369499638dd899e05b
  custom:scripting/monoscript/fileName/TMP_ExampleScript_01.cs: 59997facf165601d8c6263ace2a973a5 -> a9d4be556104ff54e7d240529b3e01dc
  custom:video-decoder-ogg-theora: a1e56fd34408186e4bbccfd4996cb3dc -> 
  custom:scripting/monoscript/fileName/TMP_TextEventCheck.cs: 7ee93fce990cec7a5b67b504d0259dce -> 13505d917eab5868c435e0c2986dadfa
  custom:scripting/monoscript/fileName/TMP_TextSelector_B.cs: c0db108de9ffc9b6f619f3d00162b1c2 -> ba2be21a7486d37b1011342977a2e49d
  custom:scripting/monoscript/fileName/Benchmark01.cs: 1fef48c763f4be76a973f061699dd041 -> 2d3e2cd961730ab95f139a49a673bace
  custom:framework-win-MediaFoundation: 216162199b28c13a410421893ffa2e32 -> 
  custom:scripting/monoscript/fileName/Benchmark02.cs: 92dcd0c0a469d0c0690d8ca0bfe95e6f -> 5640963252ce70910e726415f869ced6
  custom:scripting/monoscript/fileName/DropdownSample.cs: b4fe7efb027fdd4854f643ad764daa8c -> 0a92251794e5f10400149f96c3c59e5d
  custom:scripting/monoscript/fileName/WarpTextExample.cs: c5431dac938081648a3a3ac553c1029b -> 2663459c266363641981c7d17b698d7f
  custom:CustomObjectIndexerAttribute: 9a22284fe3817be447336de3de66b15e -> 
  custom:container-demuxer-webm: 4f35f7cbe854078d1ac9338744f61a02 -> 
  custom:scripting/monoscript/fileName/MainMenuButton.cs: e28869a6863284e74946ac915bb193f6 -> 
  custom:scripting/monoscript/fileName/ChatController.cs: ff21b89493e3dffcbe018a2cc5a10bae -> 876d5ccae6e345dd5d9450eb0a748f16
  custom:scripting/monoscript/fileName/TextMeshSpawner.cs: c0f20e5855e88374db1098a5acc68df4 -> 76f28e2ddb031571e6ec62b018f65fa8
  custom:scripting/monoscript/fileName/TeleType.cs: c18e16db35615314900dbe198d0144e7 -> 31fa97821c4c70f157ec81d507aa6b62
  custom:scripting/monoscript/fileName/Benchmark04.cs: 86dfb70824307c4cf164687df2489226 -> 32220b148620e52aa81c13a114862bf4
  custom:container-muxer-webm: aa71ff27fc2769a1b78a27578f13a17b -> 
  custom:video-decoder-webm-vp8: 9c59270c3fd7afecdb556c50c9e8de78 -> 
  custom:scripting/monoscript/fileName/TMP_PhoneNumberValidator.cs: b4c1c54136dffeb4e2962027ebaa6b1f -> 7c3049f481e464c6a9a15dee56c3126f
  custom:SearchIndexIgnoredProperties: e643bd26f0fe6173181afceb89e7c659 -> 
  custom:AudioImporter_EditorPlatform: d09bf68614088b80899f8185d706f6e7 -> 
  custom:scripting/monoscript/fileName/EnvMapAnimator.cs: 08e040d459cd881082c0dd5daba5f85c -> 1b4f61c17e4b7283c3ac351aacff9d26
  custom:scripting/monoscript/fileName/ShaderPropAnimator.cs: 88b70bc5bbc15375387323f48f0661cf -> 55ce425812446482e623ff2695c94cb2
  custom:scripting/monoscript/fileName/SimpleScript.cs: dcd92cf7399b0d08e25e4a66ab57e91e -> 454caab0c6c050f29b39d82e1d66d0fa
  custom:scripting/monoscript/fileName/ObjectSpin.cs: b34dd4d17018731600f920d50ca840f7 -> 2b96bb2079dd7fa5108d981627a28e1e
  custom:scripting/monoscript/fileName/CameraController.cs: 8d43c2def3a67efed518259a2232b470 -> 34b6be4e23ce86dc89786916c5983296
  custom:scripting/monoscript/fileName/TMP_TextInfoDebugTool.cs: 7aad42023b6f5112c90650ae13bd6dd8 -> 3f1709cfb2cc628169113a35b5e9be3f
  custom:scripting/monoscript/fileName/TMP_TextSelector_A.cs: 088357b4acdc1e6288d897936d29c8d3 -> 347309a09d56e367b188a6978f75b424
  custom:video-encoder-webm-vp8: eb34c28f22e8b96e1ab97ce403110664 -> 
  custom:audio-decoder-ogg-vorbis: bf7c407c2cedff20999df2af8eb42d56 -> 
  custom:scripting/monoscript/fileName/VertexJitter.cs: 6330f950b41eff6e5970f129864ecd6c -> d27eb5498e48714a66aece98da065133
  custom:scripting/monoscript/fileName/TextConsoleSimulator.cs: f2c8898b26c0cf2b0a1c7d12d99e6769 -> 33fc311abb20b5b0ed8f00e4d86b574e
  custom:scripting/monoscript/fileName/VertexColorCycler.cs: 135fb0ebdaf256193ccc08218c426c64 -> 5f984ca91cf3609293aecc6bc5641572
  custom:scripting/monoscript/fileName/TMP_FrameRateCounter.cs: 8afeb6f0251e063dcfff2bd827f92c62 -> 46f655df8cb483ac5958307137b1585a
  custom:scripting/monoscript/fileName/VertexShakeB.cs: 587e5b2aecc39120c2c9ff69742ce897 -> a6f78c4fcda1a29a1a1c1baefedba9e7
  custom:scripting/monoscript/fileName/TMP_UiFrameRateCounter.cs: 8fa3bcf761bb5076fd90d0361518d59c -> b01021aea19247f14a98ab338907956a
  custom:scripting/monoscript/fileName/TMPro_InstructionOverlay.cs: 194f3617683541355a9c6c8193e87b1c -> b626d2270e6ebd5c4311585c18b58d8d
  custom:scripting/monoscript/fileName/TMP_DigitValidator.cs: 4e5cde653ae28b90ab257e866c94dfce -> ac02af96215ae3951a3cce9e1a8c6085
  custom:audio-encoder-webm-vorbis: bf7c407c2cedff20999df2af8eb42d56 -> 
  custom:scripting/monoscript/fileName/Cube_Controller.cs: acd00592fa72aff7217b78bae7072f77 -> 
  custom:scripting/monoscript/fileName/Benchmark01_UGUI.cs: 52a24b07fcdd062ef495404efdb65870 -> 6148cfe2627b7708298f301788144139
  custom:scripting/precompiled-assembly-types:Assembly-CSharp: 754cd9f06af01cd0a75bb0e26b5e1d58 -> f39d0e8e1a2bdc72903fb33acfa56b16
  custom:scripting/monoscript/fileName/Benchmark03.cs: 520976d641c2b7cf395e30b045f5a45d -> 17cc87e0529ac71d909a946afb47a274
========================================================================
Received Prepare
Caller must complete domain reload
Begin MonoManager ReloadAssembly
- Loaded All Assemblies, in  0.669 seconds
Native extension for WindowsStandalone target not found
Native extension for Android target not found
Native extension for WebGL target not found
Mono: successfully reloaded assembly
- Finished resetting the current domain, in  1.173 seconds
Domain Reload Profiling: 1841ms
	BeginReloadAssembly (248ms)
		ExecutionOrderSort (0ms)
		DisableScriptedObjects (8ms)
		BackupInstance (0ms)
		ReleaseScriptingObjects (0ms)
		CreateAndSetChildDomain (51ms)
	RebuildCommonClasses (59ms)
	RebuildNativeTypeToScriptingClass (18ms)
	initialDomainReloadingComplete (44ms)
	LoadAllAssembliesAndSetupDomain (299ms)
		LoadAssemblies (403ms)
		RebuildTransferFunctionScriptingTraits (0ms)
		AnalyzeDomain (40ms)
			TypeCache.Refresh (15ms)
				TypeCache.ScanAssembly (1ms)
			ScanForSourceGeneratedMonoScriptInfo (13ms)
			ResolveRequiredComponents (10ms)
	FinalizeReload (1174ms)
		ReleaseScriptCaches (0ms)
		RebuildScriptCaches (0ms)
		SetupLoadedEditorAssemblies (596ms)
			LogAssemblyErrors (0ms)
			InitializePlatformSupportModulesInManaged (15ms)
			SetLoadedEditorAssemblies (5ms)
			RefreshPlugins (0ms)
			BeforeProcessingInitializeOnLoad (63ms)
			ProcessInitializeOnLoadAttributes (490ms)
			ProcessInitializeOnLoadMethodAttributes (20ms)
			AfterProcessingInitializeOnLoad (2ms)
			EditorAssembliesLoaded (0ms)
		ExecutionOrderSort2 (0ms)
		AwakeInstancesAfterBackupRestoration (8ms)
Refreshing native plugins compatible for Editor in 4.46 ms, found 6 plugins.
Preloading 0 native plugins for Editor in 0.00 ms.
Unloading 3344 Unused Serialized files (Serialized files now loaded: 0)
Unloading 14 unused Assets / (28.5 KB). Loaded Objects now: 3902.
Memory consumption went from 124.5 MB to 124.4 MB.
Total: 6.653000 ms (FindLiveObjects: 0.576400 ms CreateObjectMapping: 0.525300 ms MarkObjects: 5.427000 ms  DeleteObjects: 0.122800 ms)

Prepare: number of updated asset objects reloaded= 0
AssetImportParameters requested are different than current active one (requested -> active):
  custom:scripting/monoscript/fileName/SkewTextExample.cs: f96859e31fd6dde308d9dc2a2488dcff -> c142d02d70a129e0533975f7c2f96956
  custom:container-demuxer-ogg: 62fdf1f143b41e24485cea50d1cbac27 -> 
  custom:scripting/monoscript/fileName/TMP_TextEventHandler.cs: d0f86a17d6fd3e9995db934eaaf34f18 -> f5cd9d5a43bfefc8f4fec80e6de896a4
  custom:scripting/monoscript/fileName/TextMeshProFloatingText.cs: 5a37842f75734e7729f89af9a8145a1a -> 92608fa4a6315cd0786d82205e77b697
  custom:scripting/monoscript/fileName/VertexZoom.cs: 2da4737d79388c0362c64482e9ee50d2 -> 650ab1e81d40126e3edcf737cce646e4
  custom:video-codec-MediaFoundation-h265: 746d11721c4dcdbdad8f713fa42b33f4 -> 
  custom:scripting/monoscript/fileName/VertexShakeA.cs: 16900906a98712c9660b9823af1f2500 -> 63ec564c588058369499638dd899e05b
  custom:scripting/monoscript/fileName/TMP_ExampleScript_01.cs: 59997facf165601d8c6263ace2a973a5 -> a9d4be556104ff54e7d240529b3e01dc
  custom:video-decoder-ogg-theora: a1e56fd34408186e4bbccfd4996cb3dc -> 
  custom:scripting/monoscript/fileName/TMP_TextEventCheck.cs: 7ee93fce990cec7a5b67b504d0259dce -> 13505d917eab5868c435e0c2986dadfa
  custom:scripting/monoscript/fileName/TMP_TextSelector_B.cs: c0db108de9ffc9b6f619f3d00162b1c2 -> ba2be21a7486d37b1011342977a2e49d
  custom:scripting/monoscript/fileName/Benchmark01.cs: 1fef48c763f4be76a973f061699dd041 -> 2d3e2cd961730ab95f139a49a673bace
  custom:framework-win-MediaFoundation: 216162199b28c13a410421893ffa2e32 -> 
  custom:scripting/monoscript/fileName/Benchmark02.cs: 92dcd0c0a469d0c0690d8ca0bfe95e6f -> 5640963252ce70910e726415f869ced6
  custom:scripting/monoscript/fileName/DropdownSample.cs: b4fe7efb027fdd4854f643ad764daa8c -> 0a92251794e5f10400149f96c3c59e5d
  custom:scripting/monoscript/fileName/WarpTextExample.cs: c5431dac938081648a3a3ac553c1029b -> 2663459c266363641981c7d17b698d7f
  custom:CustomObjectIndexerAttribute: 9a22284fe3817be447336de3de66b15e -> 
  custom:container-demuxer-webm: 4f35f7cbe854078d1ac9338744f61a02 -> 
  custom:scripting/monoscript/fileName/MainMenuButton.cs: e28869a6863284e74946ac915bb193f6 -> 
  custom:scripting/monoscript/fileName/ChatController.cs: ff21b89493e3dffcbe018a2cc5a10bae -> 876d5ccae6e345dd5d9450eb0a748f16
  custom:scripting/monoscript/fileName/TextMeshSpawner.cs: c0f20e5855e88374db1098a5acc68df4 -> 76f28e2ddb031571e6ec62b018f65fa8
  custom:scripting/monoscript/fileName/TeleType.cs: c18e16db35615314900dbe198d0144e7 -> 31fa97821c4c70f157ec81d507aa6b62
  custom:scripting/monoscript/fileName/Benchmark04.cs: 86dfb70824307c4cf164687df2489226 -> 32220b148620e52aa81c13a114862bf4
  custom:container-muxer-webm: aa71ff27fc2769a1b78a27578f13a17b -> 
  custom:video-decoder-webm-vp8: 9c59270c3fd7afecdb556c50c9e8de78 -> 
  custom:scripting/monoscript/fileName/TMP_PhoneNumberValidator.cs: b4c1c54136dffeb4e2962027ebaa6b1f -> 7c3049f481e464c6a9a15dee56c3126f
  custom:SearchIndexIgnoredProperties: e643bd26f0fe6173181afceb89e7c659 -> 
  custom:AudioImporter_EditorPlatform: d09bf68614088b80899f8185d706f6e7 -> 
  custom:scripting/monoscript/fileName/EnvMapAnimator.cs: 08e040d459cd881082c0dd5daba5f85c -> 1b4f61c17e4b7283c3ac351aacff9d26
  custom:scripting/monoscript/fileName/ShaderPropAnimator.cs: 88b70bc5bbc15375387323f48f0661cf -> 55ce425812446482e623ff2695c94cb2
  custom:scripting/monoscript/fileName/SimpleScript.cs: dcd92cf7399b0d08e25e4a66ab57e91e -> 454caab0c6c050f29b39d82e1d66d0fa
  custom:scripting/monoscript/fileName/ObjectSpin.cs: b34dd4d17018731600f920d50ca840f7 -> 2b96bb2079dd7fa5108d981627a28e1e
  custom:scripting/monoscript/fileName/CameraController.cs: 8d43c2def3a67efed518259a2232b470 -> 34b6be4e23ce86dc89786916c5983296
  custom:scripting/monoscript/fileName/TMP_TextInfoDebugTool.cs: 7aad42023b6f5112c90650ae13bd6dd8 -> 3f1709cfb2cc628169113a35b5e9be3f
  custom:scripting/monoscript/fileName/TMP_TextSelector_A.cs: 088357b4acdc1e6288d897936d29c8d3 -> 347309a09d56e367b188a6978f75b424
  custom:video-encoder-webm-vp8: eb34c28f22e8b96e1ab97ce403110664 -> 
  custom:audio-decoder-ogg-vorbis: bf7c407c2cedff20999df2af8eb42d56 -> 
  custom:scripting/monoscript/fileName/VertexJitter.cs: 6330f950b41eff6e5970f129864ecd6c -> d27eb5498e48714a66aece98da065133
  custom:scripting/monoscript/fileName/TextConsoleSimulator.cs: f2c8898b26c0cf2b0a1c7d12d99e6769 -> 33fc311abb20b5b0ed8f00e4d86b574e
  custom:scripting/monoscript/fileName/VertexColorCycler.cs: 135fb0ebdaf256193ccc08218c426c64 -> 5f984ca91cf3609293aecc6bc5641572
  custom:scripting/monoscript/fileName/TMP_FrameRateCounter.cs: 8afeb6f0251e063dcfff2bd827f92c62 -> 46f655df8cb483ac5958307137b1585a
  custom:scripting/monoscript/fileName/VertexShakeB.cs: 587e5b2aecc39120c2c9ff69742ce897 -> a6f78c4fcda1a29a1a1c1baefedba9e7
  custom:scripting/monoscript/fileName/TMP_UiFrameRateCounter.cs: 8fa3bcf761bb5076fd90d0361518d59c -> b01021aea19247f14a98ab338907956a
  custom:scripting/monoscript/fileName/TMPro_InstructionOverlay.cs: 194f3617683541355a9c6c8193e87b1c -> b626d2270e6ebd5c4311585c18b58d8d
  custom:scripting/monoscript/fileName/TMP_DigitValidator.cs: 4e5cde653ae28b90ab257e866c94dfce -> ac02af96215ae3951a3cce9e1a8c6085
  custom:audio-encoder-webm-vorbis: bf7c407c2cedff20999df2af8eb42d56 -> 
  custom:scripting/monoscript/fileName/Cube_Controller.cs: acd00592fa72aff7217b78bae7072f77 -> 
  custom:scripting/monoscript/fileName/Benchmark01_UGUI.cs: 52a24b07fcdd062ef495404efdb65870 -> 6148cfe2627b7708298f301788144139
  custom:scripting/precompiled-assembly-types:Assembly-CSharp: 754cd9f06af01cd0a75bb0e26b5e1d58 -> f39d0e8e1a2bdc72903fb33acfa56b16
  custom:scripting/monoscript/fileName/Benchmark03.cs: 520976d641c2b7cf395e30b045f5a45d -> 17cc87e0529ac71d909a946afb47a274
========================================================================
Received Prepare
Caller must complete domain reload
Begin MonoManager ReloadAssembly
- Loaded All Assemblies, in  0.456 seconds
Native extension for WindowsStandalone target not found
Native extension for Android target not found
Native extension for WebGL target not found
Mono: successfully reloaded assembly
- Finished resetting the current domain, in  1.134 seconds
Domain Reload Profiling: 1590ms
	BeginReloadAssembly (151ms)
		ExecutionOrderSort (0ms)
		DisableScriptedObjects (6ms)
		BackupInstance (0ms)
		ReleaseScriptingObjects (0ms)
		CreateAndSetChildDomain (36ms)
	RebuildCommonClasses (37ms)
	RebuildNativeTypeToScriptingClass (10ms)
	initialDomainReloadingComplete (28ms)
	LoadAllAssembliesAndSetupDomain (229ms)
		LoadAssemblies (289ms)
		RebuildTransferFunctionScriptingTraits (0ms)
		AnalyzeDomain (19ms)
			TypeCache.Refresh (7ms)
				TypeCache.ScanAssembly (0ms)
			ScanForSourceGeneratedMonoScriptInfo (0ms)
			ResolveRequiredComponents (9ms)
	FinalizeReload (1134ms)
		ReleaseScriptCaches (0ms)
		RebuildScriptCaches (0ms)
		SetupLoadedEditorAssemblies (618ms)
			LogAssemblyErrors (0ms)
			InitializePlatformSupportModulesInManaged (20ms)
			SetLoadedEditorAssemblies (5ms)
			RefreshPlugins (0ms)
			BeforeProcessingInitializeOnLoad (69ms)
			ProcessInitializeOnLoadAttributes (498ms)
			ProcessInitializeOnLoadMethodAttributes (23ms)
			AfterProcessingInitializeOnLoad (2ms)
			EditorAssembliesLoaded (0ms)
		ExecutionOrderSort2 (0ms)
		AwakeInstancesAfterBackupRestoration (6ms)
Refreshing native plugins compatible for Editor in 4.07 ms, found 6 plugins.
Preloading 0 native plugins for Editor in 0.00 ms.
Unloading 3344 Unused Serialized files (Serialized files now loaded: 0)
Unloading 14 unused Assets / (28.5 KB). Loaded Objects now: 3905.
Memory consumption went from 124.5 MB to 124.5 MB.
Total: 8.257600 ms (FindLiveObjects: 0.507000 ms CreateObjectMapping: 0.177900 ms MarkObjects: 7.420500 ms  DeleteObjects: 0.150200 ms)

Prepare: number of updated asset objects reloaded= 0
AssetImportParameters requested are different than current active one (requested -> active):
  custom:scripting/monoscript/fileName/SkewTextExample.cs: f96859e31fd6dde308d9dc2a2488dcff -> c142d02d70a129e0533975f7c2f96956
  custom:container-demuxer-ogg: 62fdf1f143b41e24485cea50d1cbac27 -> 
  custom:scripting/monoscript/fileName/TMP_TextEventHandler.cs: d0f86a17d6fd3e9995db934eaaf34f18 -> f5cd9d5a43bfefc8f4fec80e6de896a4
  custom:scripting/monoscript/fileName/TextMeshProFloatingText.cs: 5a37842f75734e7729f89af9a8145a1a -> 92608fa4a6315cd0786d82205e77b697
  custom:scripting/monoscript/fileName/VertexZoom.cs: 2da4737d79388c0362c64482e9ee50d2 -> 650ab1e81d40126e3edcf737cce646e4
  custom:video-codec-MediaFoundation-h265: 746d11721c4dcdbdad8f713fa42b33f4 -> 
  custom:scripting/monoscript/fileName/VertexShakeA.cs: 16900906a98712c9660b9823af1f2500 -> 63ec564c588058369499638dd899e05b
  custom:scripting/monoscript/fileName/TMP_ExampleScript_01.cs: 59997facf165601d8c6263ace2a973a5 -> a9d4be556104ff54e7d240529b3e01dc
  custom:video-decoder-ogg-theora: a1e56fd34408186e4bbccfd4996cb3dc -> 
  custom:scripting/monoscript/fileName/TMP_TextEventCheck.cs: 7ee93fce990cec7a5b67b504d0259dce -> 13505d917eab5868c435e0c2986dadfa
  custom:scripting/monoscript/fileName/TMP_TextSelector_B.cs: c0db108de9ffc9b6f619f3d00162b1c2 -> ba2be21a7486d37b1011342977a2e49d
  custom:scripting/monoscript/fileName/Benchmark01.cs: 1fef48c763f4be76a973f061699dd041 -> 2d3e2cd961730ab95f139a49a673bace
  custom:framework-win-MediaFoundation: 216162199b28c13a410421893ffa2e32 -> 
  custom:scripting/monoscript/fileName/Benchmark02.cs: 92dcd0c0a469d0c0690d8ca0bfe95e6f -> 5640963252ce70910e726415f869ced6
  custom:scripting/monoscript/fileName/DropdownSample.cs: b4fe7efb027fdd4854f643ad764daa8c -> 0a92251794e5f10400149f96c3c59e5d
  custom:scripting/monoscript/fileName/WarpTextExample.cs: c5431dac938081648a3a3ac553c1029b -> 2663459c266363641981c7d17b698d7f
  custom:CustomObjectIndexerAttribute: 9a22284fe3817be447336de3de66b15e -> 
  custom:container-demuxer-webm: 4f35f7cbe854078d1ac9338744f61a02 -> 
  custom:scripting/monoscript/fileName/MainMenuButton.cs: e28869a6863284e74946ac915bb193f6 -> 
  custom:scripting/monoscript/fileName/ChatController.cs: ff21b89493e3dffcbe018a2cc5a10bae -> 876d5ccae6e345dd5d9450eb0a748f16
  custom:scripting/monoscript/fileName/TextMeshSpawner.cs: c0f20e5855e88374db1098a5acc68df4 -> 76f28e2ddb031571e6ec62b018f65fa8
  custom:scripting/monoscript/fileName/TeleType.cs: c18e16db35615314900dbe198d0144e7 -> 31fa97821c4c70f157ec81d507aa6b62
  custom:scripting/monoscript/fileName/Benchmark04.cs: 86dfb70824307c4cf164687df2489226 -> 32220b148620e52aa81c13a114862bf4
  custom:container-muxer-webm: aa71ff27fc2769a1b78a27578f13a17b -> 
  custom:video-decoder-webm-vp8: 9c59270c3fd7afecdb556c50c9e8de78 -> 
  custom:scripting/monoscript/fileName/TMP_PhoneNumberValidator.cs: b4c1c54136dffeb4e2962027ebaa6b1f -> 7c3049f481e464c6a9a15dee56c3126f
  custom:SearchIndexIgnoredProperties: e643bd26f0fe6173181afceb89e7c659 -> 
  custom:AudioImporter_EditorPlatform: d09bf68614088b80899f8185d706f6e7 -> 
  custom:scripting/monoscript/fileName/EnvMapAnimator.cs: 08e040d459cd881082c0dd5daba5f85c -> 1b4f61c17e4b7283c3ac351aacff9d26
  custom:scripting/monoscript/fileName/ShaderPropAnimator.cs: 88b70bc5bbc15375387323f48f0661cf -> 55ce425812446482e623ff2695c94cb2
  custom:scripting/monoscript/fileName/SimpleScript.cs: dcd92cf7399b0d08e25e4a66ab57e91e -> 454caab0c6c050f29b39d82e1d66d0fa
  custom:scripting/monoscript/fileName/ObjectSpin.cs: b34dd4d17018731600f920d50ca840f7 -> 2b96bb2079dd7fa5108d981627a28e1e
  custom:scripting/monoscript/fileName/CameraController.cs: 8d43c2def3a67efed518259a2232b470 -> 34b6be4e23ce86dc89786916c5983296
  custom:scripting/monoscript/fileName/TMP_TextInfoDebugTool.cs: 7aad42023b6f5112c90650ae13bd6dd8 -> 3f1709cfb2cc628169113a35b5e9be3f
  custom:scripting/monoscript/fileName/TMP_TextSelector_A.cs: 088357b4acdc1e6288d897936d29c8d3 -> 347309a09d56e367b188a6978f75b424
  custom:video-encoder-webm-vp8: eb34c28f22e8b96e1ab97ce403110664 -> 
  custom:audio-decoder-ogg-vorbis: bf7c407c2cedff20999df2af8eb42d56 -> 
  custom:scripting/monoscript/fileName/VertexJitter.cs: 6330f950b41eff6e5970f129864ecd6c -> d27eb5498e48714a66aece98da065133
  custom:scripting/monoscript/fileName/TextConsoleSimulator.cs: f2c8898b26c0cf2b0a1c7d12d99e6769 -> 33fc311abb20b5b0ed8f00e4d86b574e
  custom:scripting/monoscript/fileName/VertexColorCycler.cs: 135fb0ebdaf256193ccc08218c426c64 -> 5f984ca91cf3609293aecc6bc5641572
  custom:scripting/monoscript/fileName/TMP_FrameRateCounter.cs: 8afeb6f0251e063dcfff2bd827f92c62 -> 46f655df8cb483ac5958307137b1585a
  custom:scripting/monoscript/fileName/VertexShakeB.cs: 587e5b2aecc39120c2c9ff69742ce897 -> a6f78c4fcda1a29a1a1c1baefedba9e7
  custom:scripting/monoscript/fileName/TMP_UiFrameRateCounter.cs: 8fa3bcf761bb5076fd90d0361518d59c -> b01021aea19247f14a98ab338907956a
  custom:scripting/monoscript/fileName/TMPro_InstructionOverlay.cs: 194f3617683541355a9c6c8193e87b1c -> b626d2270e6ebd5c4311585c18b58d8d
  custom:scripting/monoscript/fileName/TMP_DigitValidator.cs: 4e5cde653ae28b90ab257e866c94dfce -> ac02af96215ae3951a3cce9e1a8c6085
  custom:audio-encoder-webm-vorbis: bf7c407c2cedff20999df2af8eb42d56 -> 
  custom:scripting/monoscript/fileName/Cube_Controller.cs: acd00592fa72aff7217b78bae7072f77 -> 
  custom:scripting/monoscript/fileName/Benchmark01_UGUI.cs: 52a24b07fcdd062ef495404efdb65870 -> 6148cfe2627b7708298f301788144139
  custom:scripting/precompiled-assembly-types:Assembly-CSharp: 754cd9f06af01cd0a75bb0e26b5e1d58 -> f39d0e8e1a2bdc72903fb33acfa56b16
  custom:scripting/monoscript/fileName/Benchmark03.cs: 520976d641c2b7cf395e30b045f5a45d -> 17cc87e0529ac71d909a946afb47a274
========================================================================
Received Prepare
Caller must complete domain reload
Begin MonoManager ReloadAssembly
- Loaded All Assemblies, in  0.678 seconds
Native extension for WindowsStandalone target not found
Native extension for Android target not found
Native extension for WebGL target not found
Mono: successfully reloaded assembly
- Finished resetting the current domain, in  1.705 seconds
Domain Reload Profiling: 2383ms
	BeginReloadAssembly (244ms)
		ExecutionOrderSort (0ms)
		DisableScriptedObjects (12ms)
		BackupInstance (0ms)
		ReleaseScriptingObjects (0ms)
		CreateAndSetChildDomain (48ms)
	RebuildCommonClasses (65ms)
	RebuildNativeTypeToScriptingClass (19ms)
	initialDomainReloadingComplete (43ms)
	LoadAllAssembliesAndSetupDomain (307ms)
		LoadAssemblies (419ms)
		RebuildTransferFunctionScriptingTraits (0ms)
		AnalyzeDomain (30ms)
			TypeCache.Refresh (11ms)
				TypeCache.ScanAssembly (1ms)
			ScanForSourceGeneratedMonoScriptInfo (9ms)
			ResolveRequiredComponents (7ms)
	FinalizeReload (1705ms)
		ReleaseScriptCaches (0ms)
		RebuildScriptCaches (0ms)
		SetupLoadedEditorAssemblies (938ms)
			LogAssemblyErrors (0ms)
			InitializePlatformSupportModulesInManaged (23ms)
			SetLoadedEditorAssemblies (7ms)
			RefreshPlugins (0ms)
			BeforeProcessingInitializeOnLoad (92ms)
			ProcessInitializeOnLoadAttributes (779ms)
			ProcessInitializeOnLoadMethodAttributes (33ms)
			AfterProcessingInitializeOnLoad (4ms)
			EditorAssembliesLoaded (0ms)
		ExecutionOrderSort2 (0ms)
		AwakeInstancesAfterBackupRestoration (10ms)
Refreshing native plugins compatible for Editor in 6.55 ms, found 6 plugins.
Preloading 0 native plugins for Editor in 0.00 ms.
Unloading 3344 Unused Serialized files (Serialized files now loaded: 0)
Unloading 14 unused Assets / (28.5 KB). Loaded Objects now: 3908.
Memory consumption went from 124.5 MB to 124.5 MB.
Total: 6.142100 ms (FindLiveObjects: 0.669300 ms CreateObjectMapping: 0.312600 ms MarkObjects: 5.095400 ms  DeleteObjects: 0.063400 ms)

Prepare: number of updated asset objects reloaded= 0
AssetImportParameters requested are different than current active one (requested -> active):
  custom:scripting/monoscript/fileName/SkewTextExample.cs: f96859e31fd6dde308d9dc2a2488dcff -> c142d02d70a129e0533975f7c2f96956
  custom:container-demuxer-ogg: 62fdf1f143b41e24485cea50d1cbac27 -> 
  custom:scripting/monoscript/fileName/TMP_TextEventHandler.cs: d0f86a17d6fd3e9995db934eaaf34f18 -> f5cd9d5a43bfefc8f4fec80e6de896a4
  custom:scripting/monoscript/fileName/TextMeshProFloatingText.cs: 5a37842f75734e7729f89af9a8145a1a -> 92608fa4a6315cd0786d82205e77b697
  custom:scripting/monoscript/fileName/VertexZoom.cs: 2da4737d79388c0362c64482e9ee50d2 -> 650ab1e81d40126e3edcf737cce646e4
  custom:video-codec-MediaFoundation-h265: 746d11721c4dcdbdad8f713fa42b33f4 -> 
  custom:scripting/monoscript/fileName/VertexShakeA.cs: 16900906a98712c9660b9823af1f2500 -> 63ec564c588058369499638dd899e05b
  custom:scripting/monoscript/fileName/TMP_ExampleScript_01.cs: 59997facf165601d8c6263ace2a973a5 -> a9d4be556104ff54e7d240529b3e01dc
  custom:video-decoder-ogg-theora: a1e56fd34408186e4bbccfd4996cb3dc -> 
  custom:scripting/monoscript/fileName/TMP_TextEventCheck.cs: 7ee93fce990cec7a5b67b504d0259dce -> 13505d917eab5868c435e0c2986dadfa
  custom:scripting/monoscript/fileName/TMP_TextSelector_B.cs: c0db108de9ffc9b6f619f3d00162b1c2 -> ba2be21a7486d37b1011342977a2e49d
  custom:scripting/monoscript/fileName/Benchmark01.cs: 1fef48c763f4be76a973f061699dd041 -> 2d3e2cd961730ab95f139a49a673bace
  custom:framework-win-MediaFoundation: 216162199b28c13a410421893ffa2e32 -> 
  custom:scripting/monoscript/fileName/Benchmark02.cs: 92dcd0c0a469d0c0690d8ca0bfe95e6f -> 5640963252ce70910e726415f869ced6
  custom:scripting/monoscript/fileName/DropdownSample.cs: b4fe7efb027fdd4854f643ad764daa8c -> 0a92251794e5f10400149f96c3c59e5d
  custom:scripting/monoscript/fileName/WarpTextExample.cs: c5431dac938081648a3a3ac553c1029b -> 2663459c266363641981c7d17b698d7f
  custom:CustomObjectIndexerAttribute: 9a22284fe3817be447336de3de66b15e -> 
  custom:container-demuxer-webm: 4f35f7cbe854078d1ac9338744f61a02 -> 
  custom:scripting/monoscript/fileName/MainMenuButton.cs: e28869a6863284e74946ac915bb193f6 -> 
  custom:scripting/monoscript/fileName/ChatController.cs: ff21b89493e3dffcbe018a2cc5a10bae -> 876d5ccae6e345dd5d9450eb0a748f16
  custom:scripting/monoscript/fileName/TextMeshSpawner.cs: c0f20e5855e88374db1098a5acc68df4 -> 76f28e2ddb031571e6ec62b018f65fa8
  custom:scripting/monoscript/fileName/TeleType.cs: c18e16db35615314900dbe198d0144e7 -> 31fa97821c4c70f157ec81d507aa6b62
  custom:scripting/monoscript/fileName/Benchmark04.cs: 86dfb70824307c4cf164687df2489226 -> 32220b148620e52aa81c13a114862bf4
  custom:container-muxer-webm: aa71ff27fc2769a1b78a27578f13a17b -> 
  custom:video-decoder-webm-vp8: 9c59270c3fd7afecdb556c50c9e8de78 -> 
  custom:scripting/monoscript/fileName/TMP_PhoneNumberValidator.cs: b4c1c54136dffeb4e2962027ebaa6b1f -> 7c3049f481e464c6a9a15dee56c3126f
  custom:SearchIndexIgnoredProperties: e643bd26f0fe6173181afceb89e7c659 -> 
  custom:AudioImporter_EditorPlatform: d09bf68614088b80899f8185d706f6e7 -> 
  custom:scripting/monoscript/fileName/EnvMapAnimator.cs: 08e040d459cd881082c0dd5daba5f85c -> 1b4f61c17e4b7283c3ac351aacff9d26
  custom:scripting/monoscript/fileName/ShaderPropAnimator.cs: 88b70bc5bbc15375387323f48f0661cf -> 55ce425812446482e623ff2695c94cb2
  custom:scripting/monoscript/fileName/SimpleScript.cs: dcd92cf7399b0d08e25e4a66ab57e91e -> 454caab0c6c050f29b39d82e1d66d0fa
  custom:scripting/monoscript/fileName/ObjectSpin.cs: b34dd4d17018731600f920d50ca840f7 -> 2b96bb2079dd7fa5108d981627a28e1e
  custom:scripting/monoscript/fileName/CameraController.cs: 8d43c2def3a67efed518259a2232b470 -> 34b6be4e23ce86dc89786916c5983296
  custom:scripting/monoscript/fileName/TMP_TextInfoDebugTool.cs: 7aad42023b6f5112c90650ae13bd6dd8 -> 3f1709cfb2cc628169113a35b5e9be3f
  custom:scripting/monoscript/fileName/TMP_TextSelector_A.cs: 088357b4acdc1e6288d897936d29c8d3 -> 347309a09d56e367b188a6978f75b424
  custom:video-encoder-webm-vp8: eb34c28f22e8b96e1ab97ce403110664 -> 
  custom:audio-decoder-ogg-vorbis: bf7c407c2cedff20999df2af8eb42d56 -> 
  custom:scripting/monoscript/fileName/VertexJitter.cs: 6330f950b41eff6e5970f129864ecd6c -> d27eb5498e48714a66aece98da065133
  custom:scripting/monoscript/fileName/TextConsoleSimulator.cs: f2c8898b26c0cf2b0a1c7d12d99e6769 -> 33fc311abb20b5b0ed8f00e4d86b574e
  custom:scripting/monoscript/fileName/VertexColorCycler.cs: 135fb0ebdaf256193ccc08218c426c64 -> 5f984ca91cf3609293aecc6bc5641572
  custom:scripting/monoscript/fileName/TMP_FrameRateCounter.cs: 8afeb6f0251e063dcfff2bd827f92c62 -> 46f655df8cb483ac5958307137b1585a
  custom:scripting/monoscript/fileName/VertexShakeB.cs: 587e5b2aecc39120c2c9ff69742ce897 -> a6f78c4fcda1a29a1a1c1baefedba9e7
  custom:scripting/monoscript/fileName/TMP_UiFrameRateCounter.cs: 8fa3bcf761bb5076fd90d0361518d59c -> b01021aea19247f14a98ab338907956a
  custom:scripting/monoscript/fileName/TMPro_InstructionOverlay.cs: 194f3617683541355a9c6c8193e87b1c -> b626d2270e6ebd5c4311585c18b58d8d
  custom:scripting/monoscript/fileName/TMP_DigitValidator.cs: 4e5cde653ae28b90ab257e866c94dfce -> ac02af96215ae3951a3cce9e1a8c6085
  custom:audio-encoder-webm-vorbis: bf7c407c2cedff20999df2af8eb42d56 -> 
  custom:scripting/monoscript/fileName/Cube_Controller.cs: acd00592fa72aff7217b78bae7072f77 -> 
  custom:scripting/monoscript/fileName/Benchmark01_UGUI.cs: 52a24b07fcdd062ef495404efdb65870 -> 6148cfe2627b7708298f301788144139
  custom:scripting/precompiled-assembly-types:Assembly-CSharp: 754cd9f06af01cd0a75bb0e26b5e1d58 -> f39d0e8e1a2bdc72903fb33acfa56b16
  custom:scripting/monoscript/fileName/Benchmark03.cs: 520976d641c2b7cf395e30b045f5a45d -> 17cc87e0529ac71d909a946afb47a274
========================================================================
Received Prepare
Caller must complete domain reload
Begin MonoManager ReloadAssembly
- Loaded All Assemblies, in  0.672 seconds
Native extension for WindowsStandalone target not found
Native extension for Android target not found
Native extension for WebGL target not found
Mono: successfully reloaded assembly
- Finished resetting the current domain, in  1.178 seconds
Domain Reload Profiling: 1850ms
	BeginReloadAssembly (256ms)
		ExecutionOrderSort (0ms)
		DisableScriptedObjects (11ms)
		BackupInstance (0ms)
		ReleaseScriptingObjects (0ms)
		CreateAndSetChildDomain (69ms)
	RebuildCommonClasses (63ms)
	RebuildNativeTypeToScriptingClass (25ms)
	initialDomainReloadingComplete (43ms)
	LoadAllAssembliesAndSetupDomain (283ms)
		LoadAssemblies (397ms)
		RebuildTransferFunctionScriptingTraits (0ms)
		AnalyzeDomain (24ms)
			TypeCache.Refresh (10ms)
				TypeCache.ScanAssembly (0ms)
			ScanForSourceGeneratedMonoScriptInfo (0ms)
			ResolveRequiredComponents (9ms)
	FinalizeReload (1179ms)
		ReleaseScriptCaches (0ms)
		RebuildScriptCaches (0ms)
		SetupLoadedEditorAssemblies (550ms)
			LogAssemblyErrors (0ms)
			InitializePlatformSupportModulesInManaged (19ms)
			SetLoadedEditorAssemblies (5ms)
			RefreshPlugins (0ms)
			BeforeProcessingInitializeOnLoad (59ms)
			ProcessInitializeOnLoadAttributes (445ms)
			ProcessInitializeOnLoadMethodAttributes (20ms)
			AfterProcessingInitializeOnLoad (2ms)
			EditorAssembliesLoaded (0ms)
		ExecutionOrderSort2 (0ms)
		AwakeInstancesAfterBackupRestoration (6ms)
Refreshing native plugins compatible for Editor in 4.24 ms, found 6 plugins.
Preloading 0 native plugins for Editor in 0.00 ms.
Unloading 3344 Unused Serialized files (Serialized files now loaded: 0)
Unloading 14 unused Assets / (28.5 KB). Loaded Objects now: 3911.
Memory consumption went from 124.5 MB to 124.5 MB.
Total: 21.812500 ms (FindLiveObjects: 0.492900 ms CreateObjectMapping: 0.161600 ms MarkObjects: 21.090800 ms  DeleteObjects: 0.065300 ms)

Prepare: number of updated asset objects reloaded= 0
AssetImportParameters requested are different than current active one (requested -> active):
  custom:scripting/monoscript/fileName/SkewTextExample.cs: f96859e31fd6dde308d9dc2a2488dcff -> c142d02d70a129e0533975f7c2f96956
  custom:container-demuxer-ogg: 62fdf1f143b41e24485cea50d1cbac27 -> 
  custom:scripting/monoscript/fileName/TMP_TextEventHandler.cs: d0f86a17d6fd3e9995db934eaaf34f18 -> f5cd9d5a43bfefc8f4fec80e6de896a4
  custom:scripting/monoscript/fileName/TextMeshProFloatingText.cs: 5a37842f75734e7729f89af9a8145a1a -> 92608fa4a6315cd0786d82205e77b697
  custom:scripting/monoscript/fileName/VertexZoom.cs: 2da4737d79388c0362c64482e9ee50d2 -> 650ab1e81d40126e3edcf737cce646e4
  custom:video-codec-MediaFoundation-h265: 746d11721c4dcdbdad8f713fa42b33f4 -> 
  custom:scripting/monoscript/fileName/VertexShakeA.cs: 16900906a98712c9660b9823af1f2500 -> 63ec564c588058369499638dd899e05b
  custom:scripting/monoscript/fileName/TMP_ExampleScript_01.cs: 59997facf165601d8c6263ace2a973a5 -> a9d4be556104ff54e7d240529b3e01dc
  custom:video-decoder-ogg-theora: a1e56fd34408186e4bbccfd4996cb3dc -> 
  custom:scripting/monoscript/fileName/TMP_TextEventCheck.cs: 7ee93fce990cec7a5b67b504d0259dce -> 13505d917eab5868c435e0c2986dadfa
  custom:scripting/monoscript/fileName/TMP_TextSelector_B.cs: c0db108de9ffc9b6f619f3d00162b1c2 -> ba2be21a7486d37b1011342977a2e49d
  custom:scripting/monoscript/fileName/Benchmark01.cs: 1fef48c763f4be76a973f061699dd041 -> 2d3e2cd961730ab95f139a49a673bace
  custom:framework-win-MediaFoundation: 216162199b28c13a410421893ffa2e32 -> 
  custom:scripting/monoscript/fileName/Benchmark02.cs: 92dcd0c0a469d0c0690d8ca0bfe95e6f -> 5640963252ce70910e726415f869ced6
  custom:scripting/monoscript/fileName/DropdownSample.cs: b4fe7efb027fdd4854f643ad764daa8c -> 0a92251794e5f10400149f96c3c59e5d
  custom:scripting/monoscript/fileName/WarpTextExample.cs: c5431dac938081648a3a3ac553c1029b -> 2663459c266363641981c7d17b698d7f
  custom:CustomObjectIndexerAttribute: 9a22284fe3817be447336de3de66b15e -> 
  custom:container-demuxer-webm: 4f35f7cbe854078d1ac9338744f61a02 -> 
  custom:scripting/monoscript/fileName/MainMenuButton.cs: e28869a6863284e74946ac915bb193f6 -> 
  custom:scripting/monoscript/fileName/ChatController.cs: ff21b89493e3dffcbe018a2cc5a10bae -> 876d5ccae6e345dd5d9450eb0a748f16
  custom:scripting/monoscript/fileName/TextMeshSpawner.cs: c0f20e5855e88374db1098a5acc68df4 -> 76f28e2ddb031571e6ec62b018f65fa8
  custom:scripting/monoscript/fileName/TeleType.cs: c18e16db35615314900dbe198d0144e7 -> 31fa97821c4c70f157ec81d507aa6b62
  custom:scripting/monoscript/fileName/Benchmark04.cs: 86dfb70824307c4cf164687df2489226 -> 32220b148620e52aa81c13a114862bf4
  custom:container-muxer-webm: aa71ff27fc2769a1b78a27578f13a17b -> 
  custom:video-decoder-webm-vp8: 9c59270c3fd7afecdb556c50c9e8de78 -> 
  custom:scripting/monoscript/fileName/TMP_PhoneNumberValidator.cs: b4c1c54136dffeb4e2962027ebaa6b1f -> 7c3049f481e464c6a9a15dee56c3126f
  custom:SearchIndexIgnoredProperties: e643bd26f0fe6173181afceb89e7c659 -> 
  custom:AudioImporter_EditorPlatform: d09bf68614088b80899f8185d706f6e7 -> 
  custom:scripting/monoscript/fileName/EnvMapAnimator.cs: 08e040d459cd881082c0dd5daba5f85c -> 1b4f61c17e4b7283c3ac351aacff9d26
  custom:scripting/monoscript/fileName/ShaderPropAnimator.cs: 88b70bc5bbc15375387323f48f0661cf -> 55ce425812446482e623ff2695c94cb2
  custom:scripting/monoscript/fileName/SimpleScript.cs: dcd92cf7399b0d08e25e4a66ab57e91e -> 454caab0c6c050f29b39d82e1d66d0fa
  custom:scripting/monoscript/fileName/ObjectSpin.cs: b34dd4d17018731600f920d50ca840f7 -> 2b96bb2079dd7fa5108d981627a28e1e
  custom:scripting/monoscript/fileName/CameraController.cs: 8d43c2def3a67efed518259a2232b470 -> 34b6be4e23ce86dc89786916c5983296
  custom:scripting/monoscript/fileName/TMP_TextInfoDebugTool.cs: 7aad42023b6f5112c90650ae13bd6dd8 -> 3f1709cfb2cc628169113a35b5e9be3f
  custom:scripting/monoscript/fileName/TMP_TextSelector_A.cs: 088357b4acdc1e6288d897936d29c8d3 -> 347309a09d56e367b188a6978f75b424
  custom:video-encoder-webm-vp8: eb34c28f22e8b96e1ab97ce403110664 -> 
  custom:audio-decoder-ogg-vorbis: bf7c407c2cedff20999df2af8eb42d56 -> 
  custom:scripting/monoscript/fileName/VertexJitter.cs: 6330f950b41eff6e5970f129864ecd6c -> d27eb5498e48714a66aece98da065133
  custom:scripting/monoscript/fileName/TextConsoleSimulator.cs: f2c8898b26c0cf2b0a1c7d12d99e6769 -> 33fc311abb20b5b0ed8f00e4d86b574e
  custom:scripting/monoscript/fileName/VertexColorCycler.cs: 135fb0ebdaf256193ccc08218c426c64 -> 5f984ca91cf3609293aecc6bc5641572
  custom:scripting/monoscript/fileName/TMP_FrameRateCounter.cs: 8afeb6f0251e063dcfff2bd827f92c62 -> 46f655df8cb483ac5958307137b1585a
  custom:scripting/monoscript/fileName/VertexShakeB.cs: 587e5b2aecc39120c2c9ff69742ce897 -> a6f78c4fcda1a29a1a1c1baefedba9e7
  custom:scripting/monoscript/fileName/TMP_UiFrameRateCounter.cs: 8fa3bcf761bb5076fd90d0361518d59c -> b01021aea19247f14a98ab338907956a
  custom:scripting/monoscript/fileName/TMPro_InstructionOverlay.cs: 194f3617683541355a9c6c8193e87b1c -> b626d2270e6ebd5c4311585c18b58d8d
  custom:scripting/monoscript/fileName/TMP_DigitValidator.cs: 4e5cde653ae28b90ab257e866c94dfce -> ac02af96215ae3951a3cce9e1a8c6085
  custom:audio-encoder-webm-vorbis: bf7c407c2cedff20999df2af8eb42d56 -> 
  custom:scripting/monoscript/fileName/Cube_Controller.cs: acd00592fa72aff7217b78bae7072f77 -> 
  custom:scripting/monoscript/fileName/Benchmark01_UGUI.cs: 52a24b07fcdd062ef495404efdb65870 -> 6148cfe2627b7708298f301788144139
  custom:scripting/precompiled-assembly-types:Assembly-CSharp: 754cd9f06af01cd0a75bb0e26b5e1d58 -> f39d0e8e1a2bdc72903fb33acfa56b16
  custom:scripting/monoscript/fileName/Benchmark03.cs: 520976d641c2b7cf395e30b045f5a45d -> 17cc87e0529ac71d909a946afb47a274
========================================================================
Received Import Request.
  Time since last request: 1093.501550 seconds.
  path: Assets/Crion/TextMesh Pro/Examples & Extras/Textures/Brushed Metal 3.jpg
  artifactKey: Guid(f88677df267a41d6be1e7a6133e7d227) Importer(815301076,1909f56bfc062723c751e8b465ee728b)
Start importing Assets/Crion/TextMesh Pro/Examples & Extras/Textures/Brushed Metal 3.jpg using Guid(f88677df267a41d6be1e7a6133e7d227) Importer(815301076,1909f56bfc062723c751e8b465ee728b) [PhysX] Initialized MultithreadedTaskDispatcher with 16 workers.
[PhysX] Initialized MultithreadedTaskDispatcher with 16 workers.
 -> (artifact id: 'de888e3c65d30b6c9a166531cdb0b59c') in 0.090218 seconds
Number of updated asset objects reloaded before import = 0
Number of asset objects unloaded after import = 2
========================================================================
Received Prepare
Caller must complete domain reload
Begin MonoManager ReloadAssembly
- Loaded All Assemblies, in  0.464 seconds
Native extension for WindowsStandalone target not found
Native extension for Android target not found
Native extension for WebGL target not found
Mono: successfully reloaded assembly
- Finished resetting the current domain, in  1.159 seconds
Domain Reload Profiling: 1623ms
	BeginReloadAssembly (166ms)
		ExecutionOrderSort (0ms)
		DisableScriptedObjects (6ms)
		BackupInstance (0ms)
		ReleaseScriptingObjects (0ms)
		CreateAndSetChildDomain (36ms)
	RebuildCommonClasses (37ms)
	RebuildNativeTypeToScriptingClass (17ms)
	initialDomainReloadingComplete (32ms)
	LoadAllAssembliesAndSetupDomain (211ms)
		LoadAssemblies (286ms)
		RebuildTransferFunctionScriptingTraits (0ms)
		AnalyzeDomain (18ms)
			TypeCache.Refresh (5ms)
				TypeCache.ScanAssembly (0ms)
			ScanForSourceGeneratedMonoScriptInfo (0ms)
			ResolveRequiredComponents (10ms)
	FinalizeReload (1159ms)
		ReleaseScriptCaches (0ms)
		RebuildScriptCaches (0ms)
		SetupLoadedEditorAssemblies (636ms)
			LogAssemblyErrors (0ms)
			InitializePlatformSupportModulesInManaged (17ms)
			SetLoadedEditorAssemblies (5ms)
			RefreshPlugins (0ms)
			BeforeProcessingInitializeOnLoad (71ms)
			ProcessInitializeOnLoadAttributes (519ms)
			ProcessInitializeOnLoadMethodAttributes (21ms)
			AfterProcessingInitializeOnLoad (2ms)
			EditorAssembliesLoaded (0ms)
		ExecutionOrderSort2 (0ms)
		AwakeInstancesAfterBackupRestoration (7ms)
Refreshing native plugins compatible for Editor in 4.87 ms, found 6 plugins.
Preloading 0 native plugins for Editor in 0.00 ms.
Unloading 3343 Unused Serialized files (Serialized files now loaded: 0)
Unloading 14 unused Assets / (28.6 KB). Loaded Objects now: 3917.
Memory consumption went from 124.3 MB to 124.2 MB.
Total: 5.808500 ms (FindLiveObjects: 0.515300 ms CreateObjectMapping: 0.190500 ms MarkObjects: 4.988000 ms  DeleteObjects: 0.113400 ms)

Prepare: number of updated asset objects reloaded= 0
AssetImportParameters requested are different than current active one (requested -> active):
  custom:scripting/monoscript/fileName/SkewTextExample.cs: f96859e31fd6dde308d9dc2a2488dcff -> c142d02d70a129e0533975f7c2f96956
  custom:container-demuxer-ogg: 62fdf1f143b41e24485cea50d1cbac27 -> 
  custom:scripting/monoscript/fileName/TMP_TextEventHandler.cs: d0f86a17d6fd3e9995db934eaaf34f18 -> f5cd9d5a43bfefc8f4fec80e6de896a4
  custom:scripting/monoscript/fileName/TextMeshProFloatingText.cs: 5a37842f75734e7729f89af9a8145a1a -> 92608fa4a6315cd0786d82205e77b697
  custom:scripting/monoscript/fileName/VertexZoom.cs: 2da4737d79388c0362c64482e9ee50d2 -> 650ab1e81d40126e3edcf737cce646e4
  custom:video-codec-MediaFoundation-h265: 746d11721c4dcdbdad8f713fa42b33f4 -> 
  custom:scripting/monoscript/fileName/VertexShakeA.cs: 16900906a98712c9660b9823af1f2500 -> 63ec564c588058369499638dd899e05b
  custom:scripting/monoscript/fileName/TMP_ExampleScript_01.cs: 59997facf165601d8c6263ace2a973a5 -> a9d4be556104ff54e7d240529b3e01dc
  custom:video-decoder-ogg-theora: a1e56fd34408186e4bbccfd4996cb3dc -> 
  custom:scripting/monoscript/fileName/TMP_TextEventCheck.cs: 7ee93fce990cec7a5b67b504d0259dce -> 13505d917eab5868c435e0c2986dadfa
  custom:scripting/monoscript/fileName/TMP_TextSelector_B.cs: c0db108de9ffc9b6f619f3d00162b1c2 -> ba2be21a7486d37b1011342977a2e49d
  custom:scripting/monoscript/fileName/Benchmark01.cs: 1fef48c763f4be76a973f061699dd041 -> 2d3e2cd961730ab95f139a49a673bace
  custom:framework-win-MediaFoundation: 216162199b28c13a410421893ffa2e32 -> 
  custom:scripting/monoscript/fileName/Benchmark02.cs: 92dcd0c0a469d0c0690d8ca0bfe95e6f -> 5640963252ce70910e726415f869ced6
  custom:scripting/monoscript/fileName/DropdownSample.cs: b4fe7efb027fdd4854f643ad764daa8c -> 0a92251794e5f10400149f96c3c59e5d
  custom:scripting/monoscript/fileName/WarpTextExample.cs: c5431dac938081648a3a3ac553c1029b -> 2663459c266363641981c7d17b698d7f
  custom:CustomObjectIndexerAttribute: 9a22284fe3817be447336de3de66b15e -> 
  custom:container-demuxer-webm: 4f35f7cbe854078d1ac9338744f61a02 -> 
  custom:scripting/monoscript/fileName/MainMenuButton.cs: e28869a6863284e74946ac915bb193f6 -> 
  custom:scripting/monoscript/fileName/ChatController.cs: ff21b89493e3dffcbe018a2cc5a10bae -> 876d5ccae6e345dd5d9450eb0a748f16
  custom:scripting/monoscript/fileName/TextMeshSpawner.cs: c0f20e5855e88374db1098a5acc68df4 -> 76f28e2ddb031571e6ec62b018f65fa8
  custom:scripting/monoscript/fileName/TeleType.cs: c18e16db35615314900dbe198d0144e7 -> 31fa97821c4c70f157ec81d507aa6b62
  custom:scripting/monoscript/fileName/Benchmark04.cs: 86dfb70824307c4cf164687df2489226 -> 32220b148620e52aa81c13a114862bf4
  custom:container-muxer-webm: aa71ff27fc2769a1b78a27578f13a17b -> 
  custom:video-decoder-webm-vp8: 9c59270c3fd7afecdb556c50c9e8de78 -> 
  custom:scripting/monoscript/fileName/TMP_PhoneNumberValidator.cs: b4c1c54136dffeb4e2962027ebaa6b1f -> 7c3049f481e464c6a9a15dee56c3126f
  custom:SearchIndexIgnoredProperties: e643bd26f0fe6173181afceb89e7c659 -> 
  custom:AudioImporter_EditorPlatform: d09bf68614088b80899f8185d706f6e7 -> 
  custom:scripting/monoscript/fileName/EnvMapAnimator.cs: 08e040d459cd881082c0dd5daba5f85c -> 1b4f61c17e4b7283c3ac351aacff9d26
  custom:scripting/monoscript/fileName/ShaderPropAnimator.cs: 88b70bc5bbc15375387323f48f0661cf -> 55ce425812446482e623ff2695c94cb2
  custom:scripting/monoscript/fileName/SimpleScript.cs: dcd92cf7399b0d08e25e4a66ab57e91e -> 454caab0c6c050f29b39d82e1d66d0fa
  custom:scripting/monoscript/fileName/ObjectSpin.cs: b34dd4d17018731600f920d50ca840f7 -> 2b96bb2079dd7fa5108d981627a28e1e
  custom:scripting/monoscript/fileName/CameraController.cs: 8d43c2def3a67efed518259a2232b470 -> 34b6be4e23ce86dc89786916c5983296
  custom:scripting/monoscript/fileName/TMP_TextInfoDebugTool.cs: 7aad42023b6f5112c90650ae13bd6dd8 -> 3f1709cfb2cc628169113a35b5e9be3f
  custom:scripting/monoscript/fileName/TMP_TextSelector_A.cs: 088357b4acdc1e6288d897936d29c8d3 -> 347309a09d56e367b188a6978f75b424
  custom:video-encoder-webm-vp8: eb34c28f22e8b96e1ab97ce403110664 -> 
  custom:audio-decoder-ogg-vorbis: bf7c407c2cedff20999df2af8eb42d56 -> 
  custom:scripting/monoscript/fileName/VertexJitter.cs: 6330f950b41eff6e5970f129864ecd6c -> d27eb5498e48714a66aece98da065133
  custom:scripting/monoscript/fileName/TextConsoleSimulator.cs: f2c8898b26c0cf2b0a1c7d12d99e6769 -> 33fc311abb20b5b0ed8f00e4d86b574e
  custom:scripting/monoscript/fileName/VertexColorCycler.cs: 135fb0ebdaf256193ccc08218c426c64 -> 5f984ca91cf3609293aecc6bc5641572
  custom:scripting/monoscript/fileName/TMP_FrameRateCounter.cs: 8afeb6f0251e063dcfff2bd827f92c62 -> 46f655df8cb483ac5958307137b1585a
  custom:scripting/monoscript/fileName/VertexShakeB.cs: 587e5b2aecc39120c2c9ff69742ce897 -> a6f78c4fcda1a29a1a1c1baefedba9e7
  custom:scripting/monoscript/fileName/TMP_UiFrameRateCounter.cs: 8fa3bcf761bb5076fd90d0361518d59c -> b01021aea19247f14a98ab338907956a
  custom:scripting/monoscript/fileName/TMPro_InstructionOverlay.cs: 194f3617683541355a9c6c8193e87b1c -> b626d2270e6ebd5c4311585c18b58d8d
  custom:scripting/monoscript/fileName/TMP_DigitValidator.cs: 4e5cde653ae28b90ab257e866c94dfce -> ac02af96215ae3951a3cce9e1a8c6085
  custom:audio-encoder-webm-vorbis: bf7c407c2cedff20999df2af8eb42d56 -> 
  custom:scripting/monoscript/fileName/Cube_Controller.cs: acd00592fa72aff7217b78bae7072f77 -> 
  custom:scripting/monoscript/fileName/Benchmark01_UGUI.cs: 52a24b07fcdd062ef495404efdb65870 -> 6148cfe2627b7708298f301788144139
  custom:scripting/precompiled-assembly-types:Assembly-CSharp: 754cd9f06af01cd0a75bb0e26b5e1d58 -> f39d0e8e1a2bdc72903fb33acfa56b16
  custom:scripting/monoscript/fileName/Benchmark03.cs: 520976d641c2b7cf395e30b045f5a45d -> 17cc87e0529ac71d909a946afb47a274
========================================================================
Received Prepare
Caller must complete domain reload
Begin MonoManager ReloadAssembly
- Loaded All Assemblies, in  0.404 seconds
Native extension for WindowsStandalone target not found
Native extension for Android target not found
Native extension for WebGL target not found
Mono: successfully reloaded assembly
- Finished resetting the current domain, in  1.060 seconds
Domain Reload Profiling: 1464ms
	BeginReloadAssembly (155ms)
		ExecutionOrderSort (0ms)
		DisableScriptedObjects (6ms)
		BackupInstance (0ms)
		ReleaseScriptingObjects (0ms)
		CreateAndSetChildDomain (37ms)
	RebuildCommonClasses (33ms)
	RebuildNativeTypeToScriptingClass (12ms)
	initialDomainReloadingComplete (32ms)
	LoadAllAssembliesAndSetupDomain (172ms)
		LoadAssemblies (235ms)
		RebuildTransferFunctionScriptingTraits (0ms)
		AnalyzeDomain (13ms)
			TypeCache.Refresh (5ms)
				TypeCache.ScanAssembly (0ms)
			ScanForSourceGeneratedMonoScriptInfo (0ms)
			ResolveRequiredComponents (6ms)
	FinalizeReload (1061ms)
		ReleaseScriptCaches (0ms)
		RebuildScriptCaches (0ms)
		SetupLoadedEditorAssemblies (573ms)
			LogAssemblyErrors (0ms)
			InitializePlatformSupportModulesInManaged (17ms)
			SetLoadedEditorAssemblies (6ms)
			RefreshPlugins (0ms)
			BeforeProcessingInitializeOnLoad (59ms)
			ProcessInitializeOnLoadAttributes (466ms)
			ProcessInitializeOnLoadMethodAttributes (23ms)
			AfterProcessingInitializeOnLoad (3ms)
			EditorAssembliesLoaded (0ms)
		ExecutionOrderSort2 (0ms)
		AwakeInstancesAfterBackupRestoration (9ms)
Refreshing native plugins compatible for Editor in 5.59 ms, found 6 plugins.
Preloading 0 native plugins for Editor in 0.00 ms.
Unloading 3344 Unused Serialized files (Serialized files now loaded: 0)
Unloading 14 unused Assets / (28.6 KB). Loaded Objects now: 3920.
Memory consumption went from 124.5 MB to 124.5 MB.
Total: 9.897200 ms (FindLiveObjects: 1.178800 ms CreateObjectMapping: 0.221100 ms MarkObjects: 8.423000 ms  DeleteObjects: 0.071300 ms)

Prepare: number of updated asset objects reloaded= 0
AssetImportParameters requested are different than current active one (requested -> active):
  custom:scripting/monoscript/fileName/SkewTextExample.cs: f96859e31fd6dde308d9dc2a2488dcff -> c142d02d70a129e0533975f7c2f96956
  custom:container-demuxer-ogg: 62fdf1f143b41e24485cea50d1cbac27 -> 
  custom:scripting/monoscript/fileName/TMP_TextEventHandler.cs: d0f86a17d6fd3e9995db934eaaf34f18 -> f5cd9d5a43bfefc8f4fec80e6de896a4
  custom:scripting/monoscript/fileName/TextMeshProFloatingText.cs: 5a37842f75734e7729f89af9a8145a1a -> 92608fa4a6315cd0786d82205e77b697
  custom:scripting/monoscript/fileName/VertexZoom.cs: 2da4737d79388c0362c64482e9ee50d2 -> 650ab1e81d40126e3edcf737cce646e4
  custom:video-codec-MediaFoundation-h265: 746d11721c4dcdbdad8f713fa42b33f4 -> 
  custom:scripting/monoscript/fileName/VertexShakeA.cs: 16900906a98712c9660b9823af1f2500 -> 63ec564c588058369499638dd899e05b
  custom:scripting/monoscript/fileName/TMP_ExampleScript_01.cs: 59997facf165601d8c6263ace2a973a5 -> a9d4be556104ff54e7d240529b3e01dc
  custom:video-decoder-ogg-theora: a1e56fd34408186e4bbccfd4996cb3dc -> 
  custom:scripting/monoscript/fileName/TMP_TextEventCheck.cs: 7ee93fce990cec7a5b67b504d0259dce -> 13505d917eab5868c435e0c2986dadfa
  custom:scripting/monoscript/fileName/TMP_TextSelector_B.cs: c0db108de9ffc9b6f619f3d00162b1c2 -> ba2be21a7486d37b1011342977a2e49d
  custom:scripting/monoscript/fileName/Benchmark01.cs: 1fef48c763f4be76a973f061699dd041 -> 2d3e2cd961730ab95f139a49a673bace
  custom:framework-win-MediaFoundation: 216162199b28c13a410421893ffa2e32 -> 
  custom:scripting/monoscript/fileName/Benchmark02.cs: 92dcd0c0a469d0c0690d8ca0bfe95e6f -> 5640963252ce70910e726415f869ced6
  custom:scripting/monoscript/fileName/DropdownSample.cs: b4fe7efb027fdd4854f643ad764daa8c -> 0a92251794e5f10400149f96c3c59e5d
  custom:scripting/monoscript/fileName/WarpTextExample.cs: c5431dac938081648a3a3ac553c1029b -> 2663459c266363641981c7d17b698d7f
  custom:CustomObjectIndexerAttribute: 9a22284fe3817be447336de3de66b15e -> 
  custom:container-demuxer-webm: 4f35f7cbe854078d1ac9338744f61a02 -> 
  custom:scripting/monoscript/fileName/MainMenuButton.cs: e28869a6863284e74946ac915bb193f6 -> 
  custom:scripting/monoscript/fileName/ChatController.cs: ff21b89493e3dffcbe018a2cc5a10bae -> 876d5ccae6e345dd5d9450eb0a748f16
  custom:scripting/monoscript/fileName/TextMeshSpawner.cs: c0f20e5855e88374db1098a5acc68df4 -> 76f28e2ddb031571e6ec62b018f65fa8
  custom:scripting/monoscript/fileName/TeleType.cs: c18e16db35615314900dbe198d0144e7 -> 31fa97821c4c70f157ec81d507aa6b62
  custom:scripting/monoscript/fileName/Benchmark04.cs: 86dfb70824307c4cf164687df2489226 -> 32220b148620e52aa81c13a114862bf4
  custom:container-muxer-webm: aa71ff27fc2769a1b78a27578f13a17b -> 
  custom:video-decoder-webm-vp8: 9c59270c3fd7afecdb556c50c9e8de78 -> 
  custom:scripting/monoscript/fileName/TMP_PhoneNumberValidator.cs: b4c1c54136dffeb4e2962027ebaa6b1f -> 7c3049f481e464c6a9a15dee56c3126f
  custom:SearchIndexIgnoredProperties: e643bd26f0fe6173181afceb89e7c659 -> 
  custom:AudioImporter_EditorPlatform: d09bf68614088b80899f8185d706f6e7 -> 
  custom:scripting/monoscript/fileName/EnvMapAnimator.cs: 08e040d459cd881082c0dd5daba5f85c -> 1b4f61c17e4b7283c3ac351aacff9d26
  custom:scripting/monoscript/fileName/ShaderPropAnimator.cs: 88b70bc5bbc15375387323f48f0661cf -> 55ce425812446482e623ff2695c94cb2
  custom:scripting/monoscript/fileName/SimpleScript.cs: dcd92cf7399b0d08e25e4a66ab57e91e -> 454caab0c6c050f29b39d82e1d66d0fa
  custom:scripting/monoscript/fileName/ObjectSpin.cs: b34dd4d17018731600f920d50ca840f7 -> 2b96bb2079dd7fa5108d981627a28e1e
  custom:scripting/monoscript/fileName/CameraController.cs: 8d43c2def3a67efed518259a2232b470 -> 34b6be4e23ce86dc89786916c5983296
  custom:scripting/monoscript/fileName/TMP_TextInfoDebugTool.cs: 7aad42023b6f5112c90650ae13bd6dd8 -> 3f1709cfb2cc628169113a35b5e9be3f
  custom:scripting/monoscript/fileName/TMP_TextSelector_A.cs: 088357b4acdc1e6288d897936d29c8d3 -> 347309a09d56e367b188a6978f75b424
  custom:video-encoder-webm-vp8: eb34c28f22e8b96e1ab97ce403110664 -> 
  custom:audio-decoder-ogg-vorbis: bf7c407c2cedff20999df2af8eb42d56 -> 
  custom:scripting/monoscript/fileName/VertexJitter.cs: 6330f950b41eff6e5970f129864ecd6c -> d27eb5498e48714a66aece98da065133
  custom:scripting/monoscript/fileName/TextConsoleSimulator.cs: f2c8898b26c0cf2b0a1c7d12d99e6769 -> 33fc311abb20b5b0ed8f00e4d86b574e
  custom:scripting/monoscript/fileName/VertexColorCycler.cs: 135fb0ebdaf256193ccc08218c426c64 -> 5f984ca91cf3609293aecc6bc5641572
  custom:scripting/monoscript/fileName/TMP_FrameRateCounter.cs: 8afeb6f0251e063dcfff2bd827f92c62 -> 46f655df8cb483ac5958307137b1585a
  custom:scripting/monoscript/fileName/VertexShakeB.cs: 587e5b2aecc39120c2c9ff69742ce897 -> a6f78c4fcda1a29a1a1c1baefedba9e7
  custom:scripting/monoscript/fileName/TMP_UiFrameRateCounter.cs: 8fa3bcf761bb5076fd90d0361518d59c -> b01021aea19247f14a98ab338907956a
  custom:scripting/monoscript/fileName/TMPro_InstructionOverlay.cs: 194f3617683541355a9c6c8193e87b1c -> b626d2270e6ebd5c4311585c18b58d8d
  custom:scripting/monoscript/fileName/TMP_DigitValidator.cs: 4e5cde653ae28b90ab257e866c94dfce -> ac02af96215ae3951a3cce9e1a8c6085
  custom:audio-encoder-webm-vorbis: bf7c407c2cedff20999df2af8eb42d56 -> 
  custom:scripting/monoscript/fileName/Cube_Controller.cs: acd00592fa72aff7217b78bae7072f77 -> 
  custom:scripting/monoscript/fileName/Benchmark01_UGUI.cs: 52a24b07fcdd062ef495404efdb65870 -> 6148cfe2627b7708298f301788144139
  custom:scripting/precompiled-assembly-types:Assembly-CSharp: 754cd9f06af01cd0a75bb0e26b5e1d58 -> f39d0e8e1a2bdc72903fb33acfa56b16
  custom:scripting/monoscript/fileName/Benchmark03.cs: 520976d641c2b7cf395e30b045f5a45d -> 17cc87e0529ac71d909a946afb47a274
========================================================================
Received Prepare
Caller must complete domain reload
Begin MonoManager ReloadAssembly
- Loaded All Assemblies, in  0.413 seconds
Native extension for WindowsStandalone target not found
Native extension for Android target not found
Native extension for WebGL target not found
Mono: successfully reloaded assembly
- Finished resetting the current domain, in  1.117 seconds
Domain Reload Profiling: 1529ms
	BeginReloadAssembly (152ms)
		ExecutionOrderSort (0ms)
		DisableScriptedObjects (6ms)
		BackupInstance (0ms)
		ReleaseScriptingObjects (0ms)
		CreateAndSetChildDomain (35ms)
	RebuildCommonClasses (34ms)
	RebuildNativeTypeToScriptingClass (14ms)
	initialDomainReloadingComplete (29ms)
	LoadAllAssembliesAndSetupDomain (182ms)
		LoadAssemblies (249ms)
		RebuildTransferFunctionScriptingTraits (0ms)
		AnalyzeDomain (14ms)
			TypeCache.Refresh (5ms)
				TypeCache.ScanAssembly (0ms)
			ScanForSourceGeneratedMonoScriptInfo (0ms)
			ResolveRequiredComponents (6ms)
	FinalizeReload (1117ms)
		ReleaseScriptCaches (0ms)
		RebuildScriptCaches (0ms)
		SetupLoadedEditorAssemblies (615ms)
			LogAssemblyErrors (0ms)
			InitializePlatformSupportModulesInManaged (21ms)
			SetLoadedEditorAssemblies (5ms)
			RefreshPlugins (0ms)
			BeforeProcessingInitializeOnLoad (71ms)
			ProcessInitializeOnLoadAttributes (494ms)
			ProcessInitializeOnLoadMethodAttributes (23ms)
			AfterProcessingInitializeOnLoad (2ms)
			EditorAssembliesLoaded (0ms)
		ExecutionOrderSort2 (0ms)
		AwakeInstancesAfterBackupRestoration (8ms)
Refreshing native plugins compatible for Editor in 4.75 ms, found 6 plugins.
Preloading 0 native plugins for Editor in 0.00 ms.
Unloading 3344 Unused Serialized files (Serialized files now loaded: 0)
Unloading 14 unused Assets / (28.6 KB). Loaded Objects now: 3923.
Memory consumption went from 124.5 MB to 124.5 MB.
Total: 6.851100 ms (FindLiveObjects: 0.571700 ms CreateObjectMapping: 0.192200 ms MarkObjects: 5.994200 ms  DeleteObjects: 0.091900 ms)

Prepare: number of updated asset objects reloaded= 0
AssetImportParameters requested are different than current active one (requested -> active):
  custom:scripting/monoscript/fileName/SkewTextExample.cs: f96859e31fd6dde308d9dc2a2488dcff -> c142d02d70a129e0533975f7c2f96956
  custom:container-demuxer-ogg: 62fdf1f143b41e24485cea50d1cbac27 -> 
  custom:scripting/monoscript/fileName/TMP_TextEventHandler.cs: d0f86a17d6fd3e9995db934eaaf34f18 -> f5cd9d5a43bfefc8f4fec80e6de896a4
  custom:scripting/monoscript/fileName/TextMeshProFloatingText.cs: 5a37842f75734e7729f89af9a8145a1a -> 92608fa4a6315cd0786d82205e77b697
  custom:scripting/monoscript/fileName/VertexZoom.cs: 2da4737d79388c0362c64482e9ee50d2 -> 650ab1e81d40126e3edcf737cce646e4
  custom:video-codec-MediaFoundation-h265: 746d11721c4dcdbdad8f713fa42b33f4 -> 
  custom:scripting/monoscript/fileName/VertexShakeA.cs: 16900906a98712c9660b9823af1f2500 -> 63ec564c588058369499638dd899e05b
  custom:scripting/monoscript/fileName/TMP_ExampleScript_01.cs: 59997facf165601d8c6263ace2a973a5 -> a9d4be556104ff54e7d240529b3e01dc
  custom:video-decoder-ogg-theora: a1e56fd34408186e4bbccfd4996cb3dc -> 
  custom:scripting/monoscript/fileName/TMP_TextEventCheck.cs: 7ee93fce990cec7a5b67b504d0259dce -> 13505d917eab5868c435e0c2986dadfa
  custom:scripting/monoscript/fileName/TMP_TextSelector_B.cs: c0db108de9ffc9b6f619f3d00162b1c2 -> ba2be21a7486d37b1011342977a2e49d
  custom:scripting/monoscript/fileName/Benchmark01.cs: 1fef48c763f4be76a973f061699dd041 -> 2d3e2cd961730ab95f139a49a673bace
  custom:framework-win-MediaFoundation: 216162199b28c13a410421893ffa2e32 -> 
  custom:scripting/monoscript/fileName/Benchmark02.cs: 92dcd0c0a469d0c0690d8ca0bfe95e6f -> 5640963252ce70910e726415f869ced6
  custom:scripting/monoscript/fileName/DropdownSample.cs: b4fe7efb027fdd4854f643ad764daa8c -> 0a92251794e5f10400149f96c3c59e5d
  custom:scripting/monoscript/fileName/WarpTextExample.cs: c5431dac938081648a3a3ac553c1029b -> 2663459c266363641981c7d17b698d7f
  custom:CustomObjectIndexerAttribute: 9a22284fe3817be447336de3de66b15e -> 
  custom:container-demuxer-webm: 4f35f7cbe854078d1ac9338744f61a02 -> 
  custom:scripting/monoscript/fileName/MainMenuButton.cs: e28869a6863284e74946ac915bb193f6 -> 
  custom:scripting/monoscript/fileName/ChatController.cs: ff21b89493e3dffcbe018a2cc5a10bae -> 876d5ccae6e345dd5d9450eb0a748f16
  custom:scripting/monoscript/fileName/TextMeshSpawner.cs: c0f20e5855e88374db1098a5acc68df4 -> 76f28e2ddb031571e6ec62b018f65fa8
  custom:scripting/monoscript/fileName/TeleType.cs: c18e16db35615314900dbe198d0144e7 -> 31fa97821c4c70f157ec81d507aa6b62
  custom:scripting/monoscript/fileName/Benchmark04.cs: 86dfb70824307c4cf164687df2489226 -> 32220b148620e52aa81c13a114862bf4
  custom:container-muxer-webm: aa71ff27fc2769a1b78a27578f13a17b -> 
  custom:video-decoder-webm-vp8: 9c59270c3fd7afecdb556c50c9e8de78 -> 
  custom:scripting/monoscript/fileName/TMP_PhoneNumberValidator.cs: b4c1c54136dffeb4e2962027ebaa6b1f -> 7c3049f481e464c6a9a15dee56c3126f
  custom:SearchIndexIgnoredProperties: e643bd26f0fe6173181afceb89e7c659 -> 
  custom:AudioImporter_EditorPlatform: d09bf68614088b80899f8185d706f6e7 -> 
  custom:scripting/monoscript/fileName/EnvMapAnimator.cs: 08e040d459cd881082c0dd5daba5f85c -> 1b4f61c17e4b7283c3ac351aacff9d26
  custom:scripting/monoscript/fileName/ShaderPropAnimator.cs: 88b70bc5bbc15375387323f48f0661cf -> 55ce425812446482e623ff2695c94cb2
  custom:scripting/monoscript/fileName/SimpleScript.cs: dcd92cf7399b0d08e25e4a66ab57e91e -> 454caab0c6c050f29b39d82e1d66d0fa
  custom:scripting/monoscript/fileName/ObjectSpin.cs: b34dd4d17018731600f920d50ca840f7 -> 2b96bb2079dd7fa5108d981627a28e1e
  custom:scripting/monoscript/fileName/CameraController.cs: 8d43c2def3a67efed518259a2232b470 -> 34b6be4e23ce86dc89786916c5983296
  custom:scripting/monoscript/fileName/TMP_TextInfoDebugTool.cs: 7aad42023b6f5112c90650ae13bd6dd8 -> 3f1709cfb2cc628169113a35b5e9be3f
  custom:scripting/monoscript/fileName/TMP_TextSelector_A.cs: 088357b4acdc1e6288d897936d29c8d3 -> 347309a09d56e367b188a6978f75b424
  custom:video-encoder-webm-vp8: eb34c28f22e8b96e1ab97ce403110664 -> 
  custom:audio-decoder-ogg-vorbis: bf7c407c2cedff20999df2af8eb42d56 -> 
  custom:scripting/monoscript/fileName/VertexJitter.cs: 6330f950b41eff6e5970f129864ecd6c -> d27eb5498e48714a66aece98da065133
  custom:scripting/monoscript/fileName/TextConsoleSimulator.cs: f2c8898b26c0cf2b0a1c7d12d99e6769 -> 33fc311abb20b5b0ed8f00e4d86b574e
  custom:scripting/monoscript/fileName/VertexColorCycler.cs: 135fb0ebdaf256193ccc08218c426c64 -> 5f984ca91cf3609293aecc6bc5641572
  custom:scripting/monoscript/fileName/TMP_FrameRateCounter.cs: 8afeb6f0251e063dcfff2bd827f92c62 -> 46f655df8cb483ac5958307137b1585a
  custom:scripting/monoscript/fileName/VertexShakeB.cs: 587e5b2aecc39120c2c9ff69742ce897 -> a6f78c4fcda1a29a1a1c1baefedba9e7
  custom:scripting/monoscript/fileName/TMP_UiFrameRateCounter.cs: 8fa3bcf761bb5076fd90d0361518d59c -> b01021aea19247f14a98ab338907956a
  custom:scripting/monoscript/fileName/TMPro_InstructionOverlay.cs: 194f3617683541355a9c6c8193e87b1c -> b626d2270e6ebd5c4311585c18b58d8d
  custom:scripting/monoscript/fileName/TMP_DigitValidator.cs: 4e5cde653ae28b90ab257e866c94dfce -> ac02af96215ae3951a3cce9e1a8c6085
  custom:audio-encoder-webm-vorbis: bf7c407c2cedff20999df2af8eb42d56 -> 
  custom:scripting/monoscript/fileName/Cube_Controller.cs: acd00592fa72aff7217b78bae7072f77 -> 
  custom:scripting/monoscript/fileName/Benchmark01_UGUI.cs: 52a24b07fcdd062ef495404efdb65870 -> 6148cfe2627b7708298f301788144139
  custom:scripting/precompiled-assembly-types:Assembly-CSharp: 754cd9f06af01cd0a75bb0e26b5e1d58 -> f39d0e8e1a2bdc72903fb33acfa56b16
  custom:scripting/monoscript/fileName/Benchmark03.cs: 520976d641c2b7cf395e30b045f5a45d -> 17cc87e0529ac71d909a946afb47a274
========================================================================
Received Prepare
Caller must complete domain reload
Begin MonoManager ReloadAssembly
- Loaded All Assemblies, in  0.598 seconds
Native extension for WindowsStandalone target not found
Native extension for Android target not found
Native extension for WebGL target not found
Mono: successfully reloaded assembly
- Finished resetting the current domain, in  1.472 seconds
Domain Reload Profiling: 2068ms
	BeginReloadAssembly (220ms)
		ExecutionOrderSort (0ms)
		DisableScriptedObjects (9ms)
		BackupInstance (0ms)
		ReleaseScriptingObjects (0ms)
		CreateAndSetChildDomain (46ms)
	RebuildCommonClasses (69ms)
	RebuildNativeTypeToScriptingClass (21ms)
	initialDomainReloadingComplete (38ms)
	LoadAllAssembliesAndSetupDomain (246ms)
		LoadAssemblies (343ms)
		RebuildTransferFunctionScriptingTraits (0ms)
		AnalyzeDomain (31ms)
			TypeCache.Refresh (11ms)
				TypeCache.ScanAssembly (1ms)
			ScanForSourceGeneratedMonoScriptInfo (11ms)
			ResolveRequiredComponents (7ms)
	FinalizeReload (1472ms)
		ReleaseScriptCaches (0ms)
		RebuildScriptCaches (0ms)
		SetupLoadedEditorAssemblies (755ms)
			LogAssemblyErrors (0ms)
			InitializePlatformSupportModulesInManaged (30ms)
			SetLoadedEditorAssemblies (6ms)
			RefreshPlugins (0ms)
			BeforeProcessingInitializeOnLoad (102ms)
			ProcessInitializeOnLoadAttributes (592ms)
			ProcessInitializeOnLoadMethodAttributes (22ms)
			AfterProcessingInitializeOnLoad (3ms)
			EditorAssembliesLoaded (0ms)
		ExecutionOrderSort2 (0ms)
		AwakeInstancesAfterBackupRestoration (6ms)
Refreshing native plugins compatible for Editor in 4.12 ms, found 6 plugins.
Preloading 0 native plugins for Editor in 0.00 ms.
Unloading 3344 Unused Serialized files (Serialized files now loaded: 0)
Unloading 14 unused Assets / (28.6 KB). Loaded Objects now: 3926.
Memory consumption went from 124.5 MB to 124.5 MB.
Total: 6.746800 ms (FindLiveObjects: 0.543600 ms CreateObjectMapping: 0.143800 ms MarkObjects: 5.995300 ms  DeleteObjects: 0.063100 ms)

Prepare: number of updated asset objects reloaded= 0
AssetImportParameters requested are different than current active one (requested -> active):
  custom:scripting/monoscript/fileName/SkewTextExample.cs: f96859e31fd6dde308d9dc2a2488dcff -> c142d02d70a129e0533975f7c2f96956
  custom:container-demuxer-ogg: 62fdf1f143b41e24485cea50d1cbac27 -> 
  custom:scripting/monoscript/fileName/TMP_TextEventHandler.cs: d0f86a17d6fd3e9995db934eaaf34f18 -> f5cd9d5a43bfefc8f4fec80e6de896a4
  custom:scripting/monoscript/fileName/TextMeshProFloatingText.cs: 5a37842f75734e7729f89af9a8145a1a -> 92608fa4a6315cd0786d82205e77b697
  custom:scripting/monoscript/fileName/VertexZoom.cs: 2da4737d79388c0362c64482e9ee50d2 -> 650ab1e81d40126e3edcf737cce646e4
  custom:video-codec-MediaFoundation-h265: 746d11721c4dcdbdad8f713fa42b33f4 -> 
  custom:scripting/monoscript/fileName/VertexShakeA.cs: 16900906a98712c9660b9823af1f2500 -> 63ec564c588058369499638dd899e05b
  custom:scripting/monoscript/fileName/TMP_ExampleScript_01.cs: 59997facf165601d8c6263ace2a973a5 -> a9d4be556104ff54e7d240529b3e01dc
  custom:video-decoder-ogg-theora: a1e56fd34408186e4bbccfd4996cb3dc -> 
  custom:scripting/monoscript/fileName/TMP_TextEventCheck.cs: 7ee93fce990cec7a5b67b504d0259dce -> 13505d917eab5868c435e0c2986dadfa
  custom:scripting/monoscript/fileName/TMP_TextSelector_B.cs: c0db108de9ffc9b6f619f3d00162b1c2 -> ba2be21a7486d37b1011342977a2e49d
  custom:scripting/monoscript/fileName/Benchmark01.cs: 1fef48c763f4be76a973f061699dd041 -> 2d3e2cd961730ab95f139a49a673bace
  custom:framework-win-MediaFoundation: 216162199b28c13a410421893ffa2e32 -> 
  custom:scripting/monoscript/fileName/Benchmark02.cs: 92dcd0c0a469d0c0690d8ca0bfe95e6f -> 5640963252ce70910e726415f869ced6
  custom:scripting/monoscript/fileName/DropdownSample.cs: b4fe7efb027fdd4854f643ad764daa8c -> 0a92251794e5f10400149f96c3c59e5d
  custom:scripting/monoscript/fileName/WarpTextExample.cs: c5431dac938081648a3a3ac553c1029b -> 2663459c266363641981c7d17b698d7f
  custom:CustomObjectIndexerAttribute: 9a22284fe3817be447336de3de66b15e -> 
  custom:container-demuxer-webm: 4f35f7cbe854078d1ac9338744f61a02 -> 
  custom:scripting/monoscript/fileName/MainMenuButton.cs: e28869a6863284e74946ac915bb193f6 -> 
  custom:scripting/monoscript/fileName/ChatController.cs: ff21b89493e3dffcbe018a2cc5a10bae -> 876d5ccae6e345dd5d9450eb0a748f16
  custom:scripting/monoscript/fileName/TextMeshSpawner.cs: c0f20e5855e88374db1098a5acc68df4 -> 76f28e2ddb031571e6ec62b018f65fa8
  custom:scripting/monoscript/fileName/TeleType.cs: c18e16db35615314900dbe198d0144e7 -> 31fa97821c4c70f157ec81d507aa6b62
  custom:scripting/monoscript/fileName/Benchmark04.cs: 86dfb70824307c4cf164687df2489226 -> 32220b148620e52aa81c13a114862bf4
  custom:container-muxer-webm: aa71ff27fc2769a1b78a27578f13a17b -> 
  custom:video-decoder-webm-vp8: 9c59270c3fd7afecdb556c50c9e8de78 -> 
  custom:scripting/monoscript/fileName/TMP_PhoneNumberValidator.cs: b4c1c54136dffeb4e2962027ebaa6b1f -> 7c3049f481e464c6a9a15dee56c3126f
  custom:SearchIndexIgnoredProperties: e643bd26f0fe6173181afceb89e7c659 -> 
  custom:AudioImporter_EditorPlatform: d09bf68614088b80899f8185d706f6e7 -> 
  custom:scripting/monoscript/fileName/EnvMapAnimator.cs: 08e040d459cd881082c0dd5daba5f85c -> 1b4f61c17e4b7283c3ac351aacff9d26
  custom:scripting/monoscript/fileName/ShaderPropAnimator.cs: 88b70bc5bbc15375387323f48f0661cf -> 55ce425812446482e623ff2695c94cb2
  custom:scripting/monoscript/fileName/SimpleScript.cs: dcd92cf7399b0d08e25e4a66ab57e91e -> 454caab0c6c050f29b39d82e1d66d0fa
  custom:scripting/monoscript/fileName/ObjectSpin.cs: b34dd4d17018731600f920d50ca840f7 -> 2b96bb2079dd7fa5108d981627a28e1e
  custom:scripting/monoscript/fileName/CameraController.cs: 8d43c2def3a67efed518259a2232b470 -> 34b6be4e23ce86dc89786916c5983296
  custom:scripting/monoscript/fileName/TMP_TextInfoDebugTool.cs: 7aad42023b6f5112c90650ae13bd6dd8 -> 3f1709cfb2cc628169113a35b5e9be3f
  custom:scripting/monoscript/fileName/TMP_TextSelector_A.cs: 088357b4acdc1e6288d897936d29c8d3 -> 347309a09d56e367b188a6978f75b424
  custom:video-encoder-webm-vp8: eb34c28f22e8b96e1ab97ce403110664 -> 
  custom:audio-decoder-ogg-vorbis: bf7c407c2cedff20999df2af8eb42d56 -> 
  custom:scripting/monoscript/fileName/VertexJitter.cs: 6330f950b41eff6e5970f129864ecd6c -> d27eb5498e48714a66aece98da065133
  custom:scripting/monoscript/fileName/TextConsoleSimulator.cs: f2c8898b26c0cf2b0a1c7d12d99e6769 -> 33fc311abb20b5b0ed8f00e4d86b574e
  custom:scripting/monoscript/fileName/VertexColorCycler.cs: 135fb0ebdaf256193ccc08218c426c64 -> 5f984ca91cf3609293aecc6bc5641572
  custom:scripting/monoscript/fileName/TMP_FrameRateCounter.cs: 8afeb6f0251e063dcfff2bd827f92c62 -> 46f655df8cb483ac5958307137b1585a
  custom:scripting/monoscript/fileName/VertexShakeB.cs: 587e5b2aecc39120c2c9ff69742ce897 -> a6f78c4fcda1a29a1a1c1baefedba9e7
  custom:scripting/monoscript/fileName/TMP_UiFrameRateCounter.cs: 8fa3bcf761bb5076fd90d0361518d59c -> b01021aea19247f14a98ab338907956a
  custom:scripting/monoscript/fileName/TMPro_InstructionOverlay.cs: 194f3617683541355a9c6c8193e87b1c -> b626d2270e6ebd5c4311585c18b58d8d
  custom:scripting/monoscript/fileName/TMP_DigitValidator.cs: 4e5cde653ae28b90ab257e866c94dfce -> ac02af96215ae3951a3cce9e1a8c6085
  custom:audio-encoder-webm-vorbis: bf7c407c2cedff20999df2af8eb42d56 -> 
  custom:scripting/monoscript/fileName/Cube_Controller.cs: acd00592fa72aff7217b78bae7072f77 -> 
  custom:scripting/monoscript/fileName/Benchmark01_UGUI.cs: 52a24b07fcdd062ef495404efdb65870 -> 6148cfe2627b7708298f301788144139
  custom:scripting/precompiled-assembly-types:Assembly-CSharp: 754cd9f06af01cd0a75bb0e26b5e1d58 -> f39d0e8e1a2bdc72903fb33acfa56b16
  custom:scripting/monoscript/fileName/Benchmark03.cs: 520976d641c2b7cf395e30b045f5a45d -> 17cc87e0529ac71d909a946afb47a274
========================================================================
Received Prepare
Caller must complete domain reload
Begin MonoManager ReloadAssembly
- Loaded All Assemblies, in  0.414 seconds
Native extension for WindowsStandalone target not found
Native extension for Android target not found
Native extension for WebGL target not found
Mono: successfully reloaded assembly
- Finished resetting the current domain, in  1.074 seconds
Domain Reload Profiling: 1488ms
	BeginReloadAssembly (173ms)
		ExecutionOrderSort (0ms)
		DisableScriptedObjects (5ms)
		BackupInstance (0ms)
		ReleaseScriptingObjects (0ms)
		CreateAndSetChildDomain (34ms)
	RebuildCommonClasses (35ms)
	RebuildNativeTypeToScriptingClass (10ms)
	initialDomainReloadingComplete (32ms)
	LoadAllAssembliesAndSetupDomain (164ms)
		LoadAssemblies (257ms)
		RebuildTransferFunctionScriptingTraits (0ms)
		AnalyzeDomain (11ms)
			TypeCache.Refresh (5ms)
				TypeCache.ScanAssembly (0ms)
			ScanForSourceGeneratedMonoScriptInfo (0ms)
			ResolveRequiredComponents (5ms)
	FinalizeReload (1075ms)
		ReleaseScriptCaches (0ms)
		RebuildScriptCaches (0ms)
		SetupLoadedEditorAssemblies (616ms)
			LogAssemblyErrors (0ms)
			InitializePlatformSupportModulesInManaged (17ms)
			SetLoadedEditorAssemblies (4ms)
			RefreshPlugins (0ms)
			BeforeProcessingInitializeOnLoad (70ms)
			ProcessInitializeOnLoadAttributes (503ms)
			ProcessInitializeOnLoadMethodAttributes (19ms)
			AfterProcessingInitializeOnLoad (2ms)
			EditorAssembliesLoaded (0ms)
		ExecutionOrderSort2 (0ms)
		AwakeInstancesAfterBackupRestoration (6ms)
Refreshing native plugins compatible for Editor in 4.69 ms, found 6 plugins.
Preloading 0 native plugins for Editor in 0.00 ms.
Unloading 3344 Unused Serialized files (Serialized files now loaded: 0)
Unloading 14 unused Assets / (28.5 KB). Loaded Objects now: 3929.
Memory consumption went from 124.5 MB to 124.5 MB.
Total: 5.906000 ms (FindLiveObjects: 0.550600 ms CreateObjectMapping: 0.187100 ms MarkObjects: 5.089500 ms  DeleteObjects: 0.077100 ms)

Prepare: number of updated asset objects reloaded= 0
AssetImportParameters requested are different than current active one (requested -> active):
  custom:scripting/monoscript/fileName/SkewTextExample.cs: f96859e31fd6dde308d9dc2a2488dcff -> c142d02d70a129e0533975f7c2f96956
  custom:container-demuxer-ogg: 62fdf1f143b41e24485cea50d1cbac27 -> 
  custom:scripting/monoscript/fileName/TMP_TextEventHandler.cs: d0f86a17d6fd3e9995db934eaaf34f18 -> f5cd9d5a43bfefc8f4fec80e6de896a4
  custom:scripting/monoscript/fileName/TextMeshProFloatingText.cs: 5a37842f75734e7729f89af9a8145a1a -> 92608fa4a6315cd0786d82205e77b697
  custom:scripting/monoscript/fileName/VertexZoom.cs: 2da4737d79388c0362c64482e9ee50d2 -> 650ab1e81d40126e3edcf737cce646e4
  custom:video-codec-MediaFoundation-h265: 746d11721c4dcdbdad8f713fa42b33f4 -> 
  custom:scripting/monoscript/fileName/VertexShakeA.cs: 16900906a98712c9660b9823af1f2500 -> 63ec564c588058369499638dd899e05b
  custom:scripting/monoscript/fileName/TMP_ExampleScript_01.cs: 59997facf165601d8c6263ace2a973a5 -> a9d4be556104ff54e7d240529b3e01dc
  custom:video-decoder-ogg-theora: a1e56fd34408186e4bbccfd4996cb3dc -> 
  custom:scripting/monoscript/fileName/TMP_TextEventCheck.cs: 7ee93fce990cec7a5b67b504d0259dce -> 13505d917eab5868c435e0c2986dadfa
  custom:scripting/monoscript/fileName/TMP_TextSelector_B.cs: c0db108de9ffc9b6f619f3d00162b1c2 -> ba2be21a7486d37b1011342977a2e49d
  custom:scripting/monoscript/fileName/Benchmark01.cs: 1fef48c763f4be76a973f061699dd041 -> 2d3e2cd961730ab95f139a49a673bace
  custom:framework-win-MediaFoundation: 216162199b28c13a410421893ffa2e32 -> 
  custom:scripting/monoscript/fileName/Benchmark02.cs: 92dcd0c0a469d0c0690d8ca0bfe95e6f -> 5640963252ce70910e726415f869ced6
  custom:scripting/monoscript/fileName/DropdownSample.cs: b4fe7efb027fdd4854f643ad764daa8c -> 0a92251794e5f10400149f96c3c59e5d
  custom:scripting/monoscript/fileName/WarpTextExample.cs: c5431dac938081648a3a3ac553c1029b -> 2663459c266363641981c7d17b698d7f
  custom:CustomObjectIndexerAttribute: 9a22284fe3817be447336de3de66b15e -> 
  custom:container-demuxer-webm: 4f35f7cbe854078d1ac9338744f61a02 -> 
  custom:scripting/monoscript/fileName/MainMenuButton.cs: e28869a6863284e74946ac915bb193f6 -> 
  custom:scripting/monoscript/fileName/ChatController.cs: ff21b89493e3dffcbe018a2cc5a10bae -> 876d5ccae6e345dd5d9450eb0a748f16
  custom:scripting/monoscript/fileName/TextMeshSpawner.cs: c0f20e5855e88374db1098a5acc68df4 -> 76f28e2ddb031571e6ec62b018f65fa8
  custom:scripting/monoscript/fileName/TeleType.cs: c18e16db35615314900dbe198d0144e7 -> 31fa97821c4c70f157ec81d507aa6b62
  custom:scripting/monoscript/fileName/Benchmark04.cs: 86dfb70824307c4cf164687df2489226 -> 32220b148620e52aa81c13a114862bf4
  custom:container-muxer-webm: aa71ff27fc2769a1b78a27578f13a17b -> 
  custom:video-decoder-webm-vp8: 9c59270c3fd7afecdb556c50c9e8de78 -> 
  custom:scripting/monoscript/fileName/TMP_PhoneNumberValidator.cs: b4c1c54136dffeb4e2962027ebaa6b1f -> 7c3049f481e464c6a9a15dee56c3126f
  custom:SearchIndexIgnoredProperties: e643bd26f0fe6173181afceb89e7c659 -> 
  custom:AudioImporter_EditorPlatform: d09bf68614088b80899f8185d706f6e7 -> 
  custom:scripting/monoscript/fileName/EnvMapAnimator.cs: 08e040d459cd881082c0dd5daba5f85c -> 1b4f61c17e4b7283c3ac351aacff9d26
  custom:scripting/monoscript/fileName/ShaderPropAnimator.cs: 88b70bc5bbc15375387323f48f0661cf -> 55ce425812446482e623ff2695c94cb2
  custom:scripting/monoscript/fileName/SimpleScript.cs: dcd92cf7399b0d08e25e4a66ab57e91e -> 454caab0c6c050f29b39d82e1d66d0fa
  custom:scripting/monoscript/fileName/ObjectSpin.cs: b34dd4d17018731600f920d50ca840f7 -> 2b96bb2079dd7fa5108d981627a28e1e
  custom:scripting/monoscript/fileName/CameraController.cs: 8d43c2def3a67efed518259a2232b470 -> 34b6be4e23ce86dc89786916c5983296
  custom:scripting/monoscript/fileName/TMP_TextInfoDebugTool.cs: 7aad42023b6f5112c90650ae13bd6dd8 -> 3f1709cfb2cc628169113a35b5e9be3f
  custom:scripting/monoscript/fileName/TMP_TextSelector_A.cs: 088357b4acdc1e6288d897936d29c8d3 -> 347309a09d56e367b188a6978f75b424
  custom:video-encoder-webm-vp8: eb34c28f22e8b96e1ab97ce403110664 -> 
  custom:audio-decoder-ogg-vorbis: bf7c407c2cedff20999df2af8eb42d56 -> 
  custom:scripting/monoscript/fileName/VertexJitter.cs: 6330f950b41eff6e5970f129864ecd6c -> d27eb5498e48714a66aece98da065133
  custom:scripting/monoscript/fileName/TextConsoleSimulator.cs: f2c8898b26c0cf2b0a1c7d12d99e6769 -> 33fc311abb20b5b0ed8f00e4d86b574e
  custom:scripting/monoscript/fileName/VertexColorCycler.cs: 135fb0ebdaf256193ccc08218c426c64 -> 5f984ca91cf3609293aecc6bc5641572
  custom:scripting/monoscript/fileName/TMP_FrameRateCounter.cs: 8afeb6f0251e063dcfff2bd827f92c62 -> 46f655df8cb483ac5958307137b1585a
  custom:scripting/monoscript/fileName/VertexShakeB.cs: 587e5b2aecc39120c2c9ff69742ce897 -> a6f78c4fcda1a29a1a1c1baefedba9e7
  custom:scripting/monoscript/fileName/TMP_UiFrameRateCounter.cs: 8fa3bcf761bb5076fd90d0361518d59c -> b01021aea19247f14a98ab338907956a
  custom:scripting/monoscript/fileName/TMPro_InstructionOverlay.cs: 194f3617683541355a9c6c8193e87b1c -> b626d2270e6ebd5c4311585c18b58d8d
  custom:scripting/monoscript/fileName/TMP_DigitValidator.cs: 4e5cde653ae28b90ab257e866c94dfce -> ac02af96215ae3951a3cce9e1a8c6085
  custom:audio-encoder-webm-vorbis: bf7c407c2cedff20999df2af8eb42d56 -> 
  custom:scripting/monoscript/fileName/Cube_Controller.cs: acd00592fa72aff7217b78bae7072f77 -> 
  custom:scripting/monoscript/fileName/Benchmark01_UGUI.cs: 52a24b07fcdd062ef495404efdb65870 -> 6148cfe2627b7708298f301788144139
  custom:scripting/precompiled-assembly-types:Assembly-CSharp: 754cd9f06af01cd0a75bb0e26b5e1d58 -> f39d0e8e1a2bdc72903fb33acfa56b16
  custom:scripting/monoscript/fileName/Benchmark03.cs: 520976d641c2b7cf395e30b045f5a45d -> 17cc87e0529ac71d909a946afb47a274
========================================================================
Received Prepare
Caller must complete domain reload
Begin MonoManager ReloadAssembly
- Loaded All Assemblies, in  0.624 seconds
Native extension for WindowsStandalone target not found
Native extension for Android target not found
Native extension for WebGL target not found
Mono: successfully reloaded assembly
- Finished resetting the current domain, in  1.726 seconds
Domain Reload Profiling: 2349ms
	BeginReloadAssembly (225ms)
		ExecutionOrderSort (0ms)
		DisableScriptedObjects (7ms)
		BackupInstance (0ms)
		ReleaseScriptingObjects (0ms)
		CreateAndSetChildDomain (50ms)
	RebuildCommonClasses (50ms)
	RebuildNativeTypeToScriptingClass (19ms)
	initialDomainReloadingComplete (47ms)
	LoadAllAssembliesAndSetupDomain (281ms)
		LoadAssemblies (392ms)
		RebuildTransferFunctionScriptingTraits (0ms)
		AnalyzeDomain (18ms)
			TypeCache.Refresh (7ms)
				TypeCache.ScanAssembly (0ms)
			ScanForSourceGeneratedMonoScriptInfo (0ms)
			ResolveRequiredComponents (8ms)
	FinalizeReload (1726ms)
		ReleaseScriptCaches (0ms)
		RebuildScriptCaches (0ms)
		SetupLoadedEditorAssemblies (958ms)
			LogAssemblyErrors (0ms)
			InitializePlatformSupportModulesInManaged (27ms)
			SetLoadedEditorAssemblies (7ms)
			RefreshPlugins (0ms)
			BeforeProcessingInitializeOnLoad (100ms)
			ProcessInitializeOnLoadAttributes (775ms)
			ProcessInitializeOnLoadMethodAttributes (41ms)
			AfterProcessingInitializeOnLoad (6ms)
			EditorAssembliesLoaded (0ms)
		ExecutionOrderSort2 (0ms)
		AwakeInstancesAfterBackupRestoration (14ms)
Refreshing native plugins compatible for Editor in 7.87 ms, found 6 plugins.
Preloading 0 native plugins for Editor in 0.00 ms.
Unloading 3344 Unused Serialized files (Serialized files now loaded: 0)
Unloading 14 unused Assets / (28.6 KB). Loaded Objects now: 3932.
Memory consumption went from 124.5 MB to 124.5 MB.
Total: 8.782700 ms (FindLiveObjects: 0.553900 ms CreateObjectMapping: 0.204400 ms MarkObjects: 7.842600 ms  DeleteObjects: 0.180000 ms)

Prepare: number of updated asset objects reloaded= 0
AssetImportParameters requested are different than current active one (requested -> active):
  custom:scripting/monoscript/fileName/SkewTextExample.cs: f96859e31fd6dde308d9dc2a2488dcff -> c142d02d70a129e0533975f7c2f96956
  custom:container-demuxer-ogg: 62fdf1f143b41e24485cea50d1cbac27 -> 
  custom:scripting/monoscript/fileName/TMP_TextEventHandler.cs: d0f86a17d6fd3e9995db934eaaf34f18 -> f5cd9d5a43bfefc8f4fec80e6de896a4
  custom:scripting/monoscript/fileName/TextMeshProFloatingText.cs: 5a37842f75734e7729f89af9a8145a1a -> 92608fa4a6315cd0786d82205e77b697
  custom:scripting/monoscript/fileName/VertexZoom.cs: 2da4737d79388c0362c64482e9ee50d2 -> 650ab1e81d40126e3edcf737cce646e4
  custom:video-codec-MediaFoundation-h265: 746d11721c4dcdbdad8f713fa42b33f4 -> 
  custom:scripting/monoscript/fileName/VertexShakeA.cs: 16900906a98712c9660b9823af1f2500 -> 63ec564c588058369499638dd899e05b
  custom:scripting/monoscript/fileName/TMP_ExampleScript_01.cs: 59997facf165601d8c6263ace2a973a5 -> a9d4be556104ff54e7d240529b3e01dc
  custom:video-decoder-ogg-theora: a1e56fd34408186e4bbccfd4996cb3dc -> 
  custom:scripting/monoscript/fileName/TMP_TextEventCheck.cs: 7ee93fce990cec7a5b67b504d0259dce -> 13505d917eab5868c435e0c2986dadfa
  custom:scripting/monoscript/fileName/TMP_TextSelector_B.cs: c0db108de9ffc9b6f619f3d00162b1c2 -> ba2be21a7486d37b1011342977a2e49d
  custom:scripting/monoscript/fileName/Benchmark01.cs: 1fef48c763f4be76a973f061699dd041 -> 2d3e2cd961730ab95f139a49a673bace
  custom:framework-win-MediaFoundation: 216162199b28c13a410421893ffa2e32 -> 
  custom:scripting/monoscript/fileName/Benchmark02.cs: 92dcd0c0a469d0c0690d8ca0bfe95e6f -> 5640963252ce70910e726415f869ced6
  custom:scripting/monoscript/fileName/DropdownSample.cs: b4fe7efb027fdd4854f643ad764daa8c -> 0a92251794e5f10400149f96c3c59e5d
  custom:scripting/monoscript/fileName/WarpTextExample.cs: c5431dac938081648a3a3ac553c1029b -> 2663459c266363641981c7d17b698d7f
  custom:CustomObjectIndexerAttribute: 9a22284fe3817be447336de3de66b15e -> 
  custom:container-demuxer-webm: 4f35f7cbe854078d1ac9338744f61a02 -> 
  custom:scripting/monoscript/fileName/MainMenuButton.cs: e28869a6863284e74946ac915bb193f6 -> 
  custom:scripting/monoscript/fileName/ChatController.cs: ff21b89493e3dffcbe018a2cc5a10bae -> 876d5ccae6e345dd5d9450eb0a748f16
  custom:scripting/monoscript/fileName/TextMeshSpawner.cs: c0f20e5855e88374db1098a5acc68df4 -> 76f28e2ddb031571e6ec62b018f65fa8
  custom:scripting/monoscript/fileName/TeleType.cs: c18e16db35615314900dbe198d0144e7 -> 31fa97821c4c70f157ec81d507aa6b62
  custom:scripting/monoscript/fileName/Benchmark04.cs: 86dfb70824307c4cf164687df2489226 -> 32220b148620e52aa81c13a114862bf4
  custom:container-muxer-webm: aa71ff27fc2769a1b78a27578f13a17b -> 
  custom:video-decoder-webm-vp8: 9c59270c3fd7afecdb556c50c9e8de78 -> 
  custom:scripting/monoscript/fileName/TMP_PhoneNumberValidator.cs: b4c1c54136dffeb4e2962027ebaa6b1f -> 7c3049f481e464c6a9a15dee56c3126f
  custom:SearchIndexIgnoredProperties: e643bd26f0fe6173181afceb89e7c659 -> 
  custom:AudioImporter_EditorPlatform: d09bf68614088b80899f8185d706f6e7 -> 
  custom:scripting/monoscript/fileName/EnvMapAnimator.cs: 08e040d459cd881082c0dd5daba5f85c -> 1b4f61c17e4b7283c3ac351aacff9d26
  custom:scripting/monoscript/fileName/ShaderPropAnimator.cs: 88b70bc5bbc15375387323f48f0661cf -> 55ce425812446482e623ff2695c94cb2
  custom:scripting/monoscript/fileName/SimpleScript.cs: dcd92cf7399b0d08e25e4a66ab57e91e -> 454caab0c6c050f29b39d82e1d66d0fa
  custom:scripting/monoscript/fileName/ObjectSpin.cs: b34dd4d17018731600f920d50ca840f7 -> 2b96bb2079dd7fa5108d981627a28e1e
  custom:scripting/monoscript/fileName/CameraController.cs: 8d43c2def3a67efed518259a2232b470 -> 34b6be4e23ce86dc89786916c5983296
  custom:scripting/monoscript/fileName/TMP_TextInfoDebugTool.cs: 7aad42023b6f5112c90650ae13bd6dd8 -> 3f1709cfb2cc628169113a35b5e9be3f
  custom:scripting/monoscript/fileName/TMP_TextSelector_A.cs: 088357b4acdc1e6288d897936d29c8d3 -> 347309a09d56e367b188a6978f75b424
  custom:video-encoder-webm-vp8: eb34c28f22e8b96e1ab97ce403110664 -> 
  custom:audio-decoder-ogg-vorbis: bf7c407c2cedff20999df2af8eb42d56 -> 
  custom:scripting/monoscript/fileName/VertexJitter.cs: 6330f950b41eff6e5970f129864ecd6c -> d27eb5498e48714a66aece98da065133
  custom:scripting/monoscript/fileName/TextConsoleSimulator.cs: f2c8898b26c0cf2b0a1c7d12d99e6769 -> 33fc311abb20b5b0ed8f00e4d86b574e
  custom:scripting/monoscript/fileName/VertexColorCycler.cs: 135fb0ebdaf256193ccc08218c426c64 -> 5f984ca91cf3609293aecc6bc5641572
  custom:scripting/monoscript/fileName/TMP_FrameRateCounter.cs: 8afeb6f0251e063dcfff2bd827f92c62 -> 46f655df8cb483ac5958307137b1585a
  custom:scripting/monoscript/fileName/VertexShakeB.cs: 587e5b2aecc39120c2c9ff69742ce897 -> a6f78c4fcda1a29a1a1c1baefedba9e7
  custom:scripting/monoscript/fileName/TMP_UiFrameRateCounter.cs: 8fa3bcf761bb5076fd90d0361518d59c -> b01021aea19247f14a98ab338907956a
  custom:scripting/monoscript/fileName/TMPro_InstructionOverlay.cs: 194f3617683541355a9c6c8193e87b1c -> b626d2270e6ebd5c4311585c18b58d8d
  custom:scripting/monoscript/fileName/TMP_DigitValidator.cs: 4e5cde653ae28b90ab257e866c94dfce -> ac02af96215ae3951a3cce9e1a8c6085
  custom:audio-encoder-webm-vorbis: bf7c407c2cedff20999df2af8eb42d56 -> 
  custom:scripting/monoscript/fileName/Cube_Controller.cs: acd00592fa72aff7217b78bae7072f77 -> 
  custom:scripting/monoscript/fileName/Benchmark01_UGUI.cs: 52a24b07fcdd062ef495404efdb65870 -> 6148cfe2627b7708298f301788144139
  custom:scripting/precompiled-assembly-types:Assembly-CSharp: 754cd9f06af01cd0a75bb0e26b5e1d58 -> f39d0e8e1a2bdc72903fb33acfa56b16
  custom:scripting/monoscript/fileName/Benchmark03.cs: 520976d641c2b7cf395e30b045f5a45d -> 17cc87e0529ac71d909a946afb47a274
========================================================================
Received Prepare
Caller must complete domain reload
Begin MonoManager ReloadAssembly
- Loaded All Assemblies, in  0.573 seconds
Native extension for WindowsStandalone target not found
Native extension for Android target not found
Native extension for WebGL target not found
Mono: successfully reloaded assembly
- Finished resetting the current domain, in  1.760 seconds
Domain Reload Profiling: 2332ms
	BeginReloadAssembly (213ms)
		ExecutionOrderSort (0ms)
		DisableScriptedObjects (7ms)
		BackupInstance (0ms)
		ReleaseScriptingObjects (0ms)
		CreateAndSetChildDomain (48ms)
	RebuildCommonClasses (52ms)
	RebuildNativeTypeToScriptingClass (18ms)
	initialDomainReloadingComplete (36ms)
	LoadAllAssembliesAndSetupDomain (253ms)
		LoadAssemblies (350ms)
		RebuildTransferFunctionScriptingTraits (0ms)
		AnalyzeDomain (18ms)
			TypeCache.Refresh (7ms)
				TypeCache.ScanAssembly (0ms)
			ScanForSourceGeneratedMonoScriptInfo (0ms)
			ResolveRequiredComponents (7ms)
	FinalizeReload (1760ms)
		ReleaseScriptCaches (0ms)
		RebuildScriptCaches (0ms)
		SetupLoadedEditorAssemblies (997ms)
			LogAssemblyErrors (0ms)
			InitializePlatformSupportModulesInManaged (26ms)
			SetLoadedEditorAssemblies (6ms)
			RefreshPlugins (0ms)
			BeforeProcessingInitializeOnLoad (97ms)
			ProcessInitializeOnLoadAttributes (829ms)
			ProcessInitializeOnLoadMethodAttributes (34ms)
			AfterProcessingInitializeOnLoad (4ms)
			EditorAssembliesLoaded (0ms)
		ExecutionOrderSort2 (0ms)
		AwakeInstancesAfterBackupRestoration (12ms)
Refreshing native plugins compatible for Editor in 10.19 ms, found 6 plugins.
Preloading 0 native plugins for Editor in 0.00 ms.
Unloading 3344 Unused Serialized files (Serialized files now loaded: 0)
Unloading 14 unused Assets / (28.5 KB). Loaded Objects now: 3935.
Memory consumption went from 124.5 MB to 124.5 MB.
Total: 7.967200 ms (FindLiveObjects: 0.858500 ms CreateObjectMapping: 0.354700 ms MarkObjects: 6.672600 ms  DeleteObjects: 0.079400 ms)

Prepare: number of updated asset objects reloaded= 0
AssetImportParameters requested are different than current active one (requested -> active):
  custom:scripting/monoscript/fileName/SkewTextExample.cs: f96859e31fd6dde308d9dc2a2488dcff -> c142d02d70a129e0533975f7c2f96956
  custom:container-demuxer-ogg: 62fdf1f143b41e24485cea50d1cbac27 -> 
  custom:scripting/monoscript/fileName/TMP_TextEventHandler.cs: d0f86a17d6fd3e9995db934eaaf34f18 -> f5cd9d5a43bfefc8f4fec80e6de896a4
  custom:scripting/monoscript/fileName/TextMeshProFloatingText.cs: 5a37842f75734e7729f89af9a8145a1a -> 92608fa4a6315cd0786d82205e77b697
  custom:scripting/monoscript/fileName/VertexZoom.cs: 2da4737d79388c0362c64482e9ee50d2 -> 650ab1e81d40126e3edcf737cce646e4
  custom:video-codec-MediaFoundation-h265: 746d11721c4dcdbdad8f713fa42b33f4 -> 
  custom:scripting/monoscript/fileName/VertexShakeA.cs: 16900906a98712c9660b9823af1f2500 -> 63ec564c588058369499638dd899e05b
  custom:scripting/monoscript/fileName/TMP_ExampleScript_01.cs: 59997facf165601d8c6263ace2a973a5 -> a9d4be556104ff54e7d240529b3e01dc
  custom:video-decoder-ogg-theora: a1e56fd34408186e4bbccfd4996cb3dc -> 
  custom:scripting/monoscript/fileName/TMP_TextEventCheck.cs: 7ee93fce990cec7a5b67b504d0259dce -> 13505d917eab5868c435e0c2986dadfa
  custom:scripting/monoscript/fileName/TMP_TextSelector_B.cs: c0db108de9ffc9b6f619f3d00162b1c2 -> ba2be21a7486d37b1011342977a2e49d
  custom:scripting/monoscript/fileName/Benchmark01.cs: 1fef48c763f4be76a973f061699dd041 -> 2d3e2cd961730ab95f139a49a673bace
  custom:framework-win-MediaFoundation: 216162199b28c13a410421893ffa2e32 -> 
  custom:scripting/monoscript/fileName/Benchmark02.cs: 92dcd0c0a469d0c0690d8ca0bfe95e6f -> 5640963252ce70910e726415f869ced6
  custom:scripting/monoscript/fileName/DropdownSample.cs: b4fe7efb027fdd4854f643ad764daa8c -> 0a92251794e5f10400149f96c3c59e5d
  custom:scripting/monoscript/fileName/WarpTextExample.cs: c5431dac938081648a3a3ac553c1029b -> 2663459c266363641981c7d17b698d7f
  custom:CustomObjectIndexerAttribute: 9a22284fe3817be447336de3de66b15e -> 
  custom:container-demuxer-webm: 4f35f7cbe854078d1ac9338744f61a02 -> 
  custom:scripting/monoscript/fileName/MainMenuButton.cs: e28869a6863284e74946ac915bb193f6 -> 
  custom:scripting/monoscript/fileName/ChatController.cs: ff21b89493e3dffcbe018a2cc5a10bae -> 876d5ccae6e345dd5d9450eb0a748f16
  custom:scripting/monoscript/fileName/TextMeshSpawner.cs: c0f20e5855e88374db1098a5acc68df4 -> 76f28e2ddb031571e6ec62b018f65fa8
  custom:scripting/monoscript/fileName/TeleType.cs: c18e16db35615314900dbe198d0144e7 -> 31fa97821c4c70f157ec81d507aa6b62
  custom:scripting/monoscript/fileName/Benchmark04.cs: 86dfb70824307c4cf164687df2489226 -> 32220b148620e52aa81c13a114862bf4
  custom:container-muxer-webm: aa71ff27fc2769a1b78a27578f13a17b -> 
  custom:video-decoder-webm-vp8: 9c59270c3fd7afecdb556c50c9e8de78 -> 
  custom:scripting/monoscript/fileName/TMP_PhoneNumberValidator.cs: b4c1c54136dffeb4e2962027ebaa6b1f -> 7c3049f481e464c6a9a15dee56c3126f
  custom:SearchIndexIgnoredProperties: e643bd26f0fe6173181afceb89e7c659 -> 
  custom:AudioImporter_EditorPlatform: d09bf68614088b80899f8185d706f6e7 -> 
  custom:scripting/monoscript/fileName/EnvMapAnimator.cs: 08e040d459cd881082c0dd5daba5f85c -> 1b4f61c17e4b7283c3ac351aacff9d26
  custom:scripting/monoscript/fileName/ShaderPropAnimator.cs: 88b70bc5bbc15375387323f48f0661cf -> 55ce425812446482e623ff2695c94cb2
  custom:scripting/monoscript/fileName/SimpleScript.cs: dcd92cf7399b0d08e25e4a66ab57e91e -> 454caab0c6c050f29b39d82e1d66d0fa
  custom:scripting/monoscript/fileName/ObjectSpin.cs: b34dd4d17018731600f920d50ca840f7 -> 2b96bb2079dd7fa5108d981627a28e1e
  custom:scripting/monoscript/fileName/CameraController.cs: 8d43c2def3a67efed518259a2232b470 -> 34b6be4e23ce86dc89786916c5983296
  custom:scripting/monoscript/fileName/TMP_TextInfoDebugTool.cs: 7aad42023b6f5112c90650ae13bd6dd8 -> 3f1709cfb2cc628169113a35b5e9be3f
  custom:scripting/monoscript/fileName/TMP_TextSelector_A.cs: 088357b4acdc1e6288d897936d29c8d3 -> 347309a09d56e367b188a6978f75b424
  custom:video-encoder-webm-vp8: eb34c28f22e8b96e1ab97ce403110664 -> 
  custom:audio-decoder-ogg-vorbis: bf7c407c2cedff20999df2af8eb42d56 -> 
  custom:scripting/monoscript/fileName/VertexJitter.cs: 6330f950b41eff6e5970f129864ecd6c -> d27eb5498e48714a66aece98da065133
  custom:scripting/monoscript/fileName/TextConsoleSimulator.cs: f2c8898b26c0cf2b0a1c7d12d99e6769 -> 33fc311abb20b5b0ed8f00e4d86b574e
  custom:scripting/monoscript/fileName/VertexColorCycler.cs: 135fb0ebdaf256193ccc08218c426c64 -> 5f984ca91cf3609293aecc6bc5641572
  custom:scripting/monoscript/fileName/TMP_FrameRateCounter.cs: 8afeb6f0251e063dcfff2bd827f92c62 -> 46f655df8cb483ac5958307137b1585a
  custom:scripting/monoscript/fileName/VertexShakeB.cs: 587e5b2aecc39120c2c9ff69742ce897 -> a6f78c4fcda1a29a1a1c1baefedba9e7
  custom:scripting/monoscript/fileName/TMP_UiFrameRateCounter.cs: 8fa3bcf761bb5076fd90d0361518d59c -> b01021aea19247f14a98ab338907956a
  custom:scripting/monoscript/fileName/TMPro_InstructionOverlay.cs: 194f3617683541355a9c6c8193e87b1c -> b626d2270e6ebd5c4311585c18b58d8d
  custom:scripting/monoscript/fileName/TMP_DigitValidator.cs: 4e5cde653ae28b90ab257e866c94dfce -> ac02af96215ae3951a3cce9e1a8c6085
  custom:audio-encoder-webm-vorbis: bf7c407c2cedff20999df2af8eb42d56 -> 
  custom:scripting/monoscript/fileName/Cube_Controller.cs: acd00592fa72aff7217b78bae7072f77 -> 
  custom:scripting/monoscript/fileName/Benchmark01_UGUI.cs: 52a24b07fcdd062ef495404efdb65870 -> 6148cfe2627b7708298f301788144139
  custom:scripting/precompiled-assembly-types:Assembly-CSharp: 754cd9f06af01cd0a75bb0e26b5e1d58 -> f39d0e8e1a2bdc72903fb33acfa56b16
  custom:scripting/monoscript/fileName/Benchmark03.cs: 520976d641c2b7cf395e30b045f5a45d -> 17cc87e0529ac71d909a946afb47a274
========================================================================
Received Prepare
Caller must complete domain reload
Begin MonoManager ReloadAssembly
- Loaded All Assemblies, in  0.670 seconds
Native extension for WindowsStandalone target not found
Native extension for Android target not found
Native extension for WebGL target not found
Mono: successfully reloaded assembly
- Finished resetting the current domain, in  1.762 seconds
Domain Reload Profiling: 2433ms
	BeginReloadAssembly (220ms)
		ExecutionOrderSort (0ms)
		DisableScriptedObjects (7ms)
		BackupInstance (0ms)
		ReleaseScriptingObjects (0ms)
		CreateAndSetChildDomain (46ms)
	RebuildCommonClasses (63ms)
	RebuildNativeTypeToScriptingClass (23ms)
	initialDomainReloadingComplete (47ms)
	LoadAllAssembliesAndSetupDomain (317ms)
		LoadAssemblies (429ms)
		RebuildTransferFunctionScriptingTraits (0ms)
		AnalyzeDomain (19ms)
			TypeCache.Refresh (8ms)
				TypeCache.ScanAssembly (0ms)
			ScanForSourceGeneratedMonoScriptInfo (0ms)
			ResolveRequiredComponents (8ms)
	FinalizeReload (1763ms)
		ReleaseScriptCaches (0ms)
		RebuildScriptCaches (0ms)
		SetupLoadedEditorAssemblies (961ms)
			LogAssemblyErrors (0ms)
			InitializePlatformSupportModulesInManaged (27ms)
			SetLoadedEditorAssemblies (8ms)
			RefreshPlugins (0ms)
			BeforeProcessingInitializeOnLoad (103ms)
			ProcessInitializeOnLoadAttributes (786ms)
			ProcessInitializeOnLoadMethodAttributes (33ms)
			AfterProcessingInitializeOnLoad (4ms)
			EditorAssembliesLoaded (0ms)
		ExecutionOrderSort2 (0ms)
		AwakeInstancesAfterBackupRestoration (14ms)
Refreshing native plugins compatible for Editor in 9.35 ms, found 6 plugins.
Preloading 0 native plugins for Editor in 0.00 ms.
Unloading 3344 Unused Serialized files (Serialized files now loaded: 0)
Unloading 14 unused Assets / (28.6 KB). Loaded Objects now: 3938.
Memory consumption went from 124.5 MB to 124.5 MB.
Total: 7.119800 ms (FindLiveObjects: 0.539300 ms CreateObjectMapping: 0.198700 ms MarkObjects: 6.305300 ms  DeleteObjects: 0.075000 ms)

Prepare: number of updated asset objects reloaded= 0
AssetImportParameters requested are different than current active one (requested -> active):
  custom:scripting/monoscript/fileName/SkewTextExample.cs: f96859e31fd6dde308d9dc2a2488dcff -> c142d02d70a129e0533975f7c2f96956
  custom:container-demuxer-ogg: 62fdf1f143b41e24485cea50d1cbac27 -> 
  custom:scripting/monoscript/fileName/TMP_TextEventHandler.cs: d0f86a17d6fd3e9995db934eaaf34f18 -> f5cd9d5a43bfefc8f4fec80e6de896a4
  custom:scripting/monoscript/fileName/TextMeshProFloatingText.cs: 5a37842f75734e7729f89af9a8145a1a -> 92608fa4a6315cd0786d82205e77b697
  custom:scripting/monoscript/fileName/VertexZoom.cs: 2da4737d79388c0362c64482e9ee50d2 -> 650ab1e81d40126e3edcf737cce646e4
  custom:video-codec-MediaFoundation-h265: 746d11721c4dcdbdad8f713fa42b33f4 -> 
  custom:scripting/monoscript/fileName/VertexShakeA.cs: 16900906a98712c9660b9823af1f2500 -> 63ec564c588058369499638dd899e05b
  custom:scripting/monoscript/fileName/TMP_ExampleScript_01.cs: 59997facf165601d8c6263ace2a973a5 -> a9d4be556104ff54e7d240529b3e01dc
  custom:video-decoder-ogg-theora: a1e56fd34408186e4bbccfd4996cb3dc -> 
  custom:scripting/monoscript/fileName/TMP_TextEventCheck.cs: 7ee93fce990cec7a5b67b504d0259dce -> 13505d917eab5868c435e0c2986dadfa
  custom:scripting/monoscript/fileName/TMP_TextSelector_B.cs: c0db108de9ffc9b6f619f3d00162b1c2 -> ba2be21a7486d37b1011342977a2e49d
  custom:scripting/monoscript/fileName/Benchmark01.cs: 1fef48c763f4be76a973f061699dd041 -> 2d3e2cd961730ab95f139a49a673bace
  custom:framework-win-MediaFoundation: 216162199b28c13a410421893ffa2e32 -> 
  custom:scripting/monoscript/fileName/Benchmark02.cs: 92dcd0c0a469d0c0690d8ca0bfe95e6f -> 5640963252ce70910e726415f869ced6
  custom:scripting/monoscript/fileName/DropdownSample.cs: b4fe7efb027fdd4854f643ad764daa8c -> 0a92251794e5f10400149f96c3c59e5d
  custom:scripting/monoscript/fileName/WarpTextExample.cs: c5431dac938081648a3a3ac553c1029b -> 2663459c266363641981c7d17b698d7f
  custom:CustomObjectIndexerAttribute: 9a22284fe3817be447336de3de66b15e -> 
  custom:container-demuxer-webm: 4f35f7cbe854078d1ac9338744f61a02 -> 
  custom:scripting/monoscript/fileName/MainMenuButton.cs: e28869a6863284e74946ac915bb193f6 -> 
  custom:scripting/monoscript/fileName/ChatController.cs: ff21b89493e3dffcbe018a2cc5a10bae -> 876d5ccae6e345dd5d9450eb0a748f16
  custom:scripting/monoscript/fileName/TextMeshSpawner.cs: c0f20e5855e88374db1098a5acc68df4 -> 76f28e2ddb031571e6ec62b018f65fa8
  custom:scripting/monoscript/fileName/TeleType.cs: c18e16db35615314900dbe198d0144e7 -> 31fa97821c4c70f157ec81d507aa6b62
  custom:scripting/monoscript/fileName/Benchmark04.cs: 86dfb70824307c4cf164687df2489226 -> 32220b148620e52aa81c13a114862bf4
  custom:container-muxer-webm: aa71ff27fc2769a1b78a27578f13a17b -> 
  custom:video-decoder-webm-vp8: 9c59270c3fd7afecdb556c50c9e8de78 -> 
  custom:scripting/monoscript/fileName/TMP_PhoneNumberValidator.cs: b4c1c54136dffeb4e2962027ebaa6b1f -> 7c3049f481e464c6a9a15dee56c3126f
  custom:SearchIndexIgnoredProperties: e643bd26f0fe6173181afceb89e7c659 -> 
  custom:AudioImporter_EditorPlatform: d09bf68614088b80899f8185d706f6e7 -> 
  custom:scripting/monoscript/fileName/EnvMapAnimator.cs: 08e040d459cd881082c0dd5daba5f85c -> 1b4f61c17e4b7283c3ac351aacff9d26
  custom:scripting/monoscript/fileName/ShaderPropAnimator.cs: 88b70bc5bbc15375387323f48f0661cf -> 55ce425812446482e623ff2695c94cb2
  custom:scripting/monoscript/fileName/SimpleScript.cs: dcd92cf7399b0d08e25e4a66ab57e91e -> 454caab0c6c050f29b39d82e1d66d0fa
  custom:scripting/monoscript/fileName/ObjectSpin.cs: b34dd4d17018731600f920d50ca840f7 -> 2b96bb2079dd7fa5108d981627a28e1e
  custom:scripting/monoscript/fileName/CameraController.cs: 8d43c2def3a67efed518259a2232b470 -> 34b6be4e23ce86dc89786916c5983296
  custom:scripting/monoscript/fileName/TMP_TextInfoDebugTool.cs: 7aad42023b6f5112c90650ae13bd6dd8 -> 3f1709cfb2cc628169113a35b5e9be3f
  custom:scripting/monoscript/fileName/TMP_TextSelector_A.cs: 088357b4acdc1e6288d897936d29c8d3 -> 347309a09d56e367b188a6978f75b424
  custom:video-encoder-webm-vp8: eb34c28f22e8b96e1ab97ce403110664 -> 
  custom:audio-decoder-ogg-vorbis: bf7c407c2cedff20999df2af8eb42d56 -> 
  custom:scripting/monoscript/fileName/VertexJitter.cs: 6330f950b41eff6e5970f129864ecd6c -> d27eb5498e48714a66aece98da065133
  custom:scripting/monoscript/fileName/TextConsoleSimulator.cs: f2c8898b26c0cf2b0a1c7d12d99e6769 -> 33fc311abb20b5b0ed8f00e4d86b574e
  custom:scripting/monoscript/fileName/VertexColorCycler.cs: 135fb0ebdaf256193ccc08218c426c64 -> 5f984ca91cf3609293aecc6bc5641572
  custom:scripting/monoscript/fileName/TMP_FrameRateCounter.cs: 8afeb6f0251e063dcfff2bd827f92c62 -> 46f655df8cb483ac5958307137b1585a
  custom:scripting/monoscript/fileName/VertexShakeB.cs: 587e5b2aecc39120c2c9ff69742ce897 -> a6f78c4fcda1a29a1a1c1baefedba9e7
  custom:scripting/monoscript/fileName/TMP_UiFrameRateCounter.cs: 8fa3bcf761bb5076fd90d0361518d59c -> b01021aea19247f14a98ab338907956a
  custom:scripting/monoscript/fileName/TMPro_InstructionOverlay.cs: 194f3617683541355a9c6c8193e87b1c -> b626d2270e6ebd5c4311585c18b58d8d
  custom:scripting/monoscript/fileName/TMP_DigitValidator.cs: 4e5cde653ae28b90ab257e866c94dfce -> ac02af96215ae3951a3cce9e1a8c6085
  custom:audio-encoder-webm-vorbis: bf7c407c2cedff20999df2af8eb42d56 -> 
  custom:scripting/monoscript/fileName/Cube_Controller.cs: acd00592fa72aff7217b78bae7072f77 -> 
  custom:scripting/monoscript/fileName/Benchmark01_UGUI.cs: 52a24b07fcdd062ef495404efdb65870 -> 6148cfe2627b7708298f301788144139
  custom:scripting/precompiled-assembly-types:Assembly-CSharp: 754cd9f06af01cd0a75bb0e26b5e1d58 -> f39d0e8e1a2bdc72903fb33acfa56b16
  custom:scripting/monoscript/fileName/Benchmark03.cs: 520976d641c2b7cf395e30b045f5a45d -> 17cc87e0529ac71d909a946afb47a274
========================================================================
Received Prepare
Caller must complete domain reload
Begin MonoManager ReloadAssembly
- Loaded All Assemblies, in  0.596 seconds
Native extension for WindowsStandalone target not found
Native extension for Android target not found
Native extension for WebGL target not found
Mono: successfully reloaded assembly
- Finished resetting the current domain, in  1.723 seconds
Domain Reload Profiling: 2318ms
	BeginReloadAssembly (216ms)
		ExecutionOrderSort (0ms)
		DisableScriptedObjects (9ms)
		BackupInstance (0ms)
		ReleaseScriptingObjects (0ms)
		CreateAndSetChildDomain (48ms)
	RebuildCommonClasses (74ms)
	RebuildNativeTypeToScriptingClass (17ms)
	initialDomainReloadingComplete (39ms)
	LoadAllAssembliesAndSetupDomain (248ms)
		LoadAssemblies (352ms)
		RebuildTransferFunctionScriptingTraits (0ms)
		AnalyzeDomain (17ms)
			TypeCache.Refresh (7ms)
				TypeCache.ScanAssembly (0ms)
			ScanForSourceGeneratedMonoScriptInfo (0ms)
			ResolveRequiredComponents (8ms)
	FinalizeReload (1724ms)
		ReleaseScriptCaches (0ms)
		RebuildScriptCaches (0ms)
		SetupLoadedEditorAssemblies (956ms)
			LogAssemblyErrors (0ms)
			InitializePlatformSupportModulesInManaged (32ms)
			SetLoadedEditorAssemblies (7ms)
			RefreshPlugins (0ms)
			BeforeProcessingInitializeOnLoad (97ms)
			ProcessInitializeOnLoadAttributes (786ms)
			ProcessInitializeOnLoadMethodAttributes (31ms)
			AfterProcessingInitializeOnLoad (3ms)
			EditorAssembliesLoaded (1ms)
		ExecutionOrderSort2 (0ms)
		AwakeInstancesAfterBackupRestoration (11ms)
Refreshing native plugins compatible for Editor in 6.35 ms, found 6 plugins.
Preloading 0 native plugins for Editor in 0.00 ms.
Unloading 3344 Unused Serialized files (Serialized files now loaded: 0)
Unloading 14 unused Assets / (28.6 KB). Loaded Objects now: 3941.
Memory consumption went from 124.5 MB to 124.5 MB.
Total: 8.829100 ms (FindLiveObjects: 0.709500 ms CreateObjectMapping: 0.260400 ms MarkObjects: 7.775100 ms  DeleteObjects: 0.081900 ms)

Prepare: number of updated asset objects reloaded= 0
AssetImportParameters requested are different than current active one (requested -> active):
  custom:scripting/monoscript/fileName/SkewTextExample.cs: f96859e31fd6dde308d9dc2a2488dcff -> c142d02d70a129e0533975f7c2f96956
  custom:container-demuxer-ogg: 62fdf1f143b41e24485cea50d1cbac27 -> 
  custom:scripting/monoscript/fileName/TMP_TextEventHandler.cs: d0f86a17d6fd3e9995db934eaaf34f18 -> f5cd9d5a43bfefc8f4fec80e6de896a4
  custom:scripting/monoscript/fileName/TextMeshProFloatingText.cs: 5a37842f75734e7729f89af9a8145a1a -> 92608fa4a6315cd0786d82205e77b697
  custom:scripting/monoscript/fileName/VertexZoom.cs: 2da4737d79388c0362c64482e9ee50d2 -> 650ab1e81d40126e3edcf737cce646e4
  custom:video-codec-MediaFoundation-h265: 746d11721c4dcdbdad8f713fa42b33f4 -> 
  custom:scripting/monoscript/fileName/VertexShakeA.cs: 16900906a98712c9660b9823af1f2500 -> 63ec564c588058369499638dd899e05b
  custom:scripting/monoscript/fileName/TMP_ExampleScript_01.cs: 59997facf165601d8c6263ace2a973a5 -> a9d4be556104ff54e7d240529b3e01dc
  custom:video-decoder-ogg-theora: a1e56fd34408186e4bbccfd4996cb3dc -> 
  custom:scripting/monoscript/fileName/TMP_TextEventCheck.cs: 7ee93fce990cec7a5b67b504d0259dce -> 13505d917eab5868c435e0c2986dadfa
  custom:scripting/monoscript/fileName/TMP_TextSelector_B.cs: c0db108de9ffc9b6f619f3d00162b1c2 -> ba2be21a7486d37b1011342977a2e49d
  custom:scripting/monoscript/fileName/Benchmark01.cs: 1fef48c763f4be76a973f061699dd041 -> 2d3e2cd961730ab95f139a49a673bace
  custom:framework-win-MediaFoundation: 216162199b28c13a410421893ffa2e32 -> 
  custom:scripting/monoscript/fileName/Benchmark02.cs: 92dcd0c0a469d0c0690d8ca0bfe95e6f -> 5640963252ce70910e726415f869ced6
  custom:scripting/monoscript/fileName/DropdownSample.cs: b4fe7efb027fdd4854f643ad764daa8c -> 0a92251794e5f10400149f96c3c59e5d
  custom:scripting/monoscript/fileName/WarpTextExample.cs: c5431dac938081648a3a3ac553c1029b -> 2663459c266363641981c7d17b698d7f
  custom:CustomObjectIndexerAttribute: 9a22284fe3817be447336de3de66b15e -> 
  custom:container-demuxer-webm: 4f35f7cbe854078d1ac9338744f61a02 -> 
  custom:scripting/monoscript/fileName/MainMenuButton.cs: e28869a6863284e74946ac915bb193f6 -> 
  custom:scripting/monoscript/fileName/ChatController.cs: ff21b89493e3dffcbe018a2cc5a10bae -> 876d5ccae6e345dd5d9450eb0a748f16
  custom:scripting/monoscript/fileName/TextMeshSpawner.cs: c0f20e5855e88374db1098a5acc68df4 -> 76f28e2ddb031571e6ec62b018f65fa8
  custom:scripting/monoscript/fileName/TeleType.cs: c18e16db35615314900dbe198d0144e7 -> 31fa97821c4c70f157ec81d507aa6b62
  custom:scripting/monoscript/fileName/Benchmark04.cs: 86dfb70824307c4cf164687df2489226 -> 32220b148620e52aa81c13a114862bf4
  custom:container-muxer-webm: aa71ff27fc2769a1b78a27578f13a17b -> 
  custom:video-decoder-webm-vp8: 9c59270c3fd7afecdb556c50c9e8de78 -> 
  custom:scripting/monoscript/fileName/TMP_PhoneNumberValidator.cs: b4c1c54136dffeb4e2962027ebaa6b1f -> 7c3049f481e464c6a9a15dee56c3126f
  custom:SearchIndexIgnoredProperties: e643bd26f0fe6173181afceb89e7c659 -> 
  custom:AudioImporter_EditorPlatform: d09bf68614088b80899f8185d706f6e7 -> 
  custom:scripting/monoscript/fileName/EnvMapAnimator.cs: 08e040d459cd881082c0dd5daba5f85c -> 1b4f61c17e4b7283c3ac351aacff9d26
  custom:scripting/monoscript/fileName/ShaderPropAnimator.cs: 88b70bc5bbc15375387323f48f0661cf -> 55ce425812446482e623ff2695c94cb2
  custom:scripting/monoscript/fileName/SimpleScript.cs: dcd92cf7399b0d08e25e4a66ab57e91e -> 454caab0c6c050f29b39d82e1d66d0fa
  custom:scripting/monoscript/fileName/ObjectSpin.cs: b34dd4d17018731600f920d50ca840f7 -> 2b96bb2079dd7fa5108d981627a28e1e
  custom:scripting/monoscript/fileName/CameraController.cs: 8d43c2def3a67efed518259a2232b470 -> 34b6be4e23ce86dc89786916c5983296
  custom:scripting/monoscript/fileName/TMP_TextInfoDebugTool.cs: 7aad42023b6f5112c90650ae13bd6dd8 -> 3f1709cfb2cc628169113a35b5e9be3f
  custom:scripting/monoscript/fileName/TMP_TextSelector_A.cs: 088357b4acdc1e6288d897936d29c8d3 -> 347309a09d56e367b188a6978f75b424
  custom:video-encoder-webm-vp8: eb34c28f22e8b96e1ab97ce403110664 -> 
  custom:audio-decoder-ogg-vorbis: bf7c407c2cedff20999df2af8eb42d56 -> 
  custom:scripting/monoscript/fileName/VertexJitter.cs: 6330f950b41eff6e5970f129864ecd6c -> d27eb5498e48714a66aece98da065133
  custom:scripting/monoscript/fileName/TextConsoleSimulator.cs: f2c8898b26c0cf2b0a1c7d12d99e6769 -> 33fc311abb20b5b0ed8f00e4d86b574e
  custom:scripting/monoscript/fileName/VertexColorCycler.cs: 135fb0ebdaf256193ccc08218c426c64 -> 5f984ca91cf3609293aecc6bc5641572
  custom:scripting/monoscript/fileName/TMP_FrameRateCounter.cs: 8afeb6f0251e063dcfff2bd827f92c62 -> 46f655df8cb483ac5958307137b1585a
  custom:scripting/monoscript/fileName/VertexShakeB.cs: 587e5b2aecc39120c2c9ff69742ce897 -> a6f78c4fcda1a29a1a1c1baefedba9e7
  custom:scripting/monoscript/fileName/TMP_UiFrameRateCounter.cs: 8fa3bcf761bb5076fd90d0361518d59c -> b01021aea19247f14a98ab338907956a
  custom:scripting/monoscript/fileName/TMPro_InstructionOverlay.cs: 194f3617683541355a9c6c8193e87b1c -> b626d2270e6ebd5c4311585c18b58d8d
  custom:scripting/monoscript/fileName/TMP_DigitValidator.cs: 4e5cde653ae28b90ab257e866c94dfce -> ac02af96215ae3951a3cce9e1a8c6085
  custom:audio-encoder-webm-vorbis: bf7c407c2cedff20999df2af8eb42d56 -> 
  custom:scripting/monoscript/fileName/Cube_Controller.cs: acd00592fa72aff7217b78bae7072f77 -> 
  custom:scripting/monoscript/fileName/Benchmark01_UGUI.cs: 52a24b07fcdd062ef495404efdb65870 -> 6148cfe2627b7708298f301788144139
  custom:scripting/precompiled-assembly-types:Assembly-CSharp: 754cd9f06af01cd0a75bb0e26b5e1d58 -> f39d0e8e1a2bdc72903fb33acfa56b16
  custom:scripting/monoscript/fileName/Benchmark03.cs: 520976d641c2b7cf395e30b045f5a45d -> 17cc87e0529ac71d909a946afb47a274
========================================================================
Received Prepare
Caller must complete domain reload
Begin MonoManager ReloadAssembly
- Loaded All Assemblies, in  0.569 seconds
Native extension for WindowsStandalone target not found
Native extension for Android target not found
Native extension for WebGL target not found
Mono: successfully reloaded assembly
- Finished resetting the current domain, in  1.729 seconds
Domain Reload Profiling: 2298ms
	BeginReloadAssembly (217ms)
		ExecutionOrderSort (0ms)
		DisableScriptedObjects (10ms)
		BackupInstance (0ms)
		ReleaseScriptingObjects (0ms)
		CreateAndSetChildDomain (52ms)
	RebuildCommonClasses (52ms)
	RebuildNativeTypeToScriptingClass (15ms)
	initialDomainReloadingComplete (40ms)
	LoadAllAssembliesAndSetupDomain (243ms)
		LoadAssemblies (336ms)
		RebuildTransferFunctionScriptingTraits (0ms)
		AnalyzeDomain (17ms)
			TypeCache.Refresh (7ms)
				TypeCache.ScanAssembly (0ms)
			ScanForSourceGeneratedMonoScriptInfo (0ms)
			ResolveRequiredComponents (8ms)
	FinalizeReload (1730ms)
		ReleaseScriptCaches (0ms)
		RebuildScriptCaches (0ms)
		SetupLoadedEditorAssemblies (939ms)
			LogAssemblyErrors (0ms)
			InitializePlatformSupportModulesInManaged (29ms)
			SetLoadedEditorAssemblies (7ms)
			RefreshPlugins (0ms)
			BeforeProcessingInitializeOnLoad (94ms)
			ProcessInitializeOnLoadAttributes (772ms)
			ProcessInitializeOnLoadMethodAttributes (31ms)
			AfterProcessingInitializeOnLoad (5ms)
			EditorAssembliesLoaded (0ms)
		ExecutionOrderSort2 (0ms)
		AwakeInstancesAfterBackupRestoration (14ms)
Refreshing native plugins compatible for Editor in 6.30 ms, found 6 plugins.
Preloading 0 native plugins for Editor in 0.00 ms.
Unloading 3344 Unused Serialized files (Serialized files now loaded: 0)
Unloading 14 unused Assets / (28.5 KB). Loaded Objects now: 3944.
Memory consumption went from 124.5 MB to 124.5 MB.
Total: 8.402200 ms (FindLiveObjects: 0.741700 ms CreateObjectMapping: 0.431500 ms MarkObjects: 7.140700 ms  DeleteObjects: 0.086300 ms)

Prepare: number of updated asset objects reloaded= 0
AssetImportParameters requested are different than current active one (requested -> active):
  custom:scripting/monoscript/fileName/SkewTextExample.cs: f96859e31fd6dde308d9dc2a2488dcff -> c142d02d70a129e0533975f7c2f96956
  custom:container-demuxer-ogg: 62fdf1f143b41e24485cea50d1cbac27 -> 
  custom:scripting/monoscript/fileName/TMP_TextEventHandler.cs: d0f86a17d6fd3e9995db934eaaf34f18 -> f5cd9d5a43bfefc8f4fec80e6de896a4
  custom:scripting/monoscript/fileName/TextMeshProFloatingText.cs: 5a37842f75734e7729f89af9a8145a1a -> 92608fa4a6315cd0786d82205e77b697
  custom:scripting/monoscript/fileName/VertexZoom.cs: 2da4737d79388c0362c64482e9ee50d2 -> 650ab1e81d40126e3edcf737cce646e4
  custom:video-codec-MediaFoundation-h265: 746d11721c4dcdbdad8f713fa42b33f4 -> 
  custom:scripting/monoscript/fileName/VertexShakeA.cs: 16900906a98712c9660b9823af1f2500 -> 63ec564c588058369499638dd899e05b
  custom:scripting/monoscript/fileName/TMP_ExampleScript_01.cs: 59997facf165601d8c6263ace2a973a5 -> a9d4be556104ff54e7d240529b3e01dc
  custom:video-decoder-ogg-theora: a1e56fd34408186e4bbccfd4996cb3dc -> 
  custom:scripting/monoscript/fileName/TMP_TextEventCheck.cs: 7ee93fce990cec7a5b67b504d0259dce -> 13505d917eab5868c435e0c2986dadfa
  custom:scripting/monoscript/fileName/TMP_TextSelector_B.cs: c0db108de9ffc9b6f619f3d00162b1c2 -> ba2be21a7486d37b1011342977a2e49d
  custom:scripting/monoscript/fileName/Benchmark01.cs: 1fef48c763f4be76a973f061699dd041 -> 2d3e2cd961730ab95f139a49a673bace
  custom:framework-win-MediaFoundation: 216162199b28c13a410421893ffa2e32 -> 
  custom:scripting/monoscript/fileName/Benchmark02.cs: 92dcd0c0a469d0c0690d8ca0bfe95e6f -> 5640963252ce70910e726415f869ced6
  custom:scripting/monoscript/fileName/DropdownSample.cs: b4fe7efb027fdd4854f643ad764daa8c -> 0a92251794e5f10400149f96c3c59e5d
  custom:scripting/monoscript/fileName/WarpTextExample.cs: c5431dac938081648a3a3ac553c1029b -> 2663459c266363641981c7d17b698d7f
  custom:CustomObjectIndexerAttribute: 9a22284fe3817be447336de3de66b15e -> 
  custom:container-demuxer-webm: 4f35f7cbe854078d1ac9338744f61a02 -> 
  custom:scripting/monoscript/fileName/MainMenuButton.cs: e28869a6863284e74946ac915bb193f6 -> 
  custom:scripting/monoscript/fileName/ChatController.cs: ff21b89493e3dffcbe018a2cc5a10bae -> 876d5ccae6e345dd5d9450eb0a748f16
  custom:scripting/monoscript/fileName/TextMeshSpawner.cs: c0f20e5855e88374db1098a5acc68df4 -> 76f28e2ddb031571e6ec62b018f65fa8
  custom:scripting/monoscript/fileName/TeleType.cs: c18e16db35615314900dbe198d0144e7 -> 31fa97821c4c70f157ec81d507aa6b62
  custom:scripting/monoscript/fileName/Benchmark04.cs: 86dfb70824307c4cf164687df2489226 -> 32220b148620e52aa81c13a114862bf4
  custom:container-muxer-webm: aa71ff27fc2769a1b78a27578f13a17b -> 
  custom:video-decoder-webm-vp8: 9c59270c3fd7afecdb556c50c9e8de78 -> 
  custom:scripting/monoscript/fileName/TMP_PhoneNumberValidator.cs: b4c1c54136dffeb4e2962027ebaa6b1f -> 7c3049f481e464c6a9a15dee56c3126f
  custom:SearchIndexIgnoredProperties: e643bd26f0fe6173181afceb89e7c659 -> 
  custom:AudioImporter_EditorPlatform: d09bf68614088b80899f8185d706f6e7 -> 
  custom:scripting/monoscript/fileName/EnvMapAnimator.cs: 08e040d459cd881082c0dd5daba5f85c -> 1b4f61c17e4b7283c3ac351aacff9d26
  custom:scripting/monoscript/fileName/ShaderPropAnimator.cs: 88b70bc5bbc15375387323f48f0661cf -> 55ce425812446482e623ff2695c94cb2
  custom:scripting/monoscript/fileName/SimpleScript.cs: dcd92cf7399b0d08e25e4a66ab57e91e -> 454caab0c6c050f29b39d82e1d66d0fa
  custom:scripting/monoscript/fileName/ObjectSpin.cs: b34dd4d17018731600f920d50ca840f7 -> 2b96bb2079dd7fa5108d981627a28e1e
  custom:scripting/monoscript/fileName/CameraController.cs: 8d43c2def3a67efed518259a2232b470 -> 34b6be4e23ce86dc89786916c5983296
  custom:scripting/monoscript/fileName/TMP_TextInfoDebugTool.cs: 7aad42023b6f5112c90650ae13bd6dd8 -> 3f1709cfb2cc628169113a35b5e9be3f
  custom:scripting/monoscript/fileName/TMP_TextSelector_A.cs: 088357b4acdc1e6288d897936d29c8d3 -> 347309a09d56e367b188a6978f75b424
  custom:video-encoder-webm-vp8: eb34c28f22e8b96e1ab97ce403110664 -> 
  custom:audio-decoder-ogg-vorbis: bf7c407c2cedff20999df2af8eb42d56 -> 
  custom:scripting/monoscript/fileName/VertexJitter.cs: 6330f950b41eff6e5970f129864ecd6c -> d27eb5498e48714a66aece98da065133
  custom:scripting/monoscript/fileName/TextConsoleSimulator.cs: f2c8898b26c0cf2b0a1c7d12d99e6769 -> 33fc311abb20b5b0ed8f00e4d86b574e
  custom:scripting/monoscript/fileName/VertexColorCycler.cs: 135fb0ebdaf256193ccc08218c426c64 -> 5f984ca91cf3609293aecc6bc5641572
  custom:scripting/monoscript/fileName/TMP_FrameRateCounter.cs: 8afeb6f0251e063dcfff2bd827f92c62 -> 46f655df8cb483ac5958307137b1585a
  custom:scripting/monoscript/fileName/VertexShakeB.cs: 587e5b2aecc39120c2c9ff69742ce897 -> a6f78c4fcda1a29a1a1c1baefedba9e7
  custom:scripting/monoscript/fileName/TMP_UiFrameRateCounter.cs: 8fa3bcf761bb5076fd90d0361518d59c -> b01021aea19247f14a98ab338907956a
  custom:scripting/monoscript/fileName/TMPro_InstructionOverlay.cs: 194f3617683541355a9c6c8193e87b1c -> b626d2270e6ebd5c4311585c18b58d8d
  custom:scripting/monoscript/fileName/TMP_DigitValidator.cs: 4e5cde653ae28b90ab257e866c94dfce -> ac02af96215ae3951a3cce9e1a8c6085
  custom:audio-encoder-webm-vorbis: bf7c407c2cedff20999df2af8eb42d56 -> 
  custom:scripting/monoscript/fileName/Cube_Controller.cs: acd00592fa72aff7217b78bae7072f77 -> 
  custom:scripting/monoscript/fileName/Benchmark01_UGUI.cs: 52a24b07fcdd062ef495404efdb65870 -> 6148cfe2627b7708298f301788144139
  custom:scripting/precompiled-assembly-types:Assembly-CSharp: 754cd9f06af01cd0a75bb0e26b5e1d58 -> f39d0e8e1a2bdc72903fb33acfa56b16
  custom:scripting/monoscript/fileName/Benchmark03.cs: 520976d641c2b7cf395e30b045f5a45d -> 17cc87e0529ac71d909a946afb47a274
========================================================================
Received Import Request.
  Time since last request: 4284.126982 seconds.
  path: Assets/Crion/TextMesh Pro/Resources/Fonts & Materials/LiberationSans SDF - Drop Shadow.mat
  artifactKey: Guid(e73a58f6e2794ae7b1b7e50b7fb811b0) Importer(815301076,1909f56bfc062723c751e8b465ee728b)
Start importing Assets/Crion/TextMesh Pro/Resources/Fonts & Materials/LiberationSans SDF - Drop Shadow.mat using Guid(e73a58f6e2794ae7b1b7e50b7fb811b0) Importer(815301076,1909f56bfc062723c751e8b465ee728b) [PhysX] Initialized MultithreadedTaskDispatcher with 16 workers.
[PhysX] Initialized MultithreadedTaskDispatcher with 16 workers.
 -> (artifact id: '6c43f1759b533c4c4906743c956a1f8a') in 0.435924 seconds
Number of updated asset objects reloaded before import = 0
Number of asset objects unloaded after import = 2
========================================================================
Received Prepare
Caller must complete domain reload
Begin MonoManager ReloadAssembly
- Loaded All Assemblies, in  3.134 seconds
Native extension for WindowsStandalone target not found
Native extension for Android target not found
Native extension for WebGL target not found
Mono: successfully reloaded assembly
- Finished resetting the current domain, in 18.133 seconds
Domain Reload Profiling: 21268ms
	BeginReloadAssembly (203ms)
		ExecutionOrderSort (0ms)
		DisableScriptedObjects (8ms)
		BackupInstance (0ms)
		ReleaseScriptingObjects (0ms)
		CreateAndSetChildDomain (64ms)
	RebuildCommonClasses (32ms)
	RebuildNativeTypeToScriptingClass (9ms)
	initialDomainReloadingComplete (28ms)
	LoadAllAssembliesAndSetupDomain (2863ms)
		LoadAssemblies (2940ms)
		RebuildTransferFunctionScriptingTraits (0ms)
		AnalyzeDomain (22ms)
			TypeCache.Refresh (9ms)
				TypeCache.ScanAssembly (1ms)
			ScanForSourceGeneratedMonoScriptInfo (7ms)
			ResolveRequiredComponents (4ms)
	FinalizeReload (18133ms)
		ReleaseScriptCaches (0ms)
		RebuildScriptCaches (0ms)
		SetupLoadedEditorAssemblies (462ms)
			LogAssemblyErrors (0ms)
			InitializePlatformSupportModulesInManaged (16ms)
			SetLoadedEditorAssemblies (4ms)
			RefreshPlugins (0ms)
			BeforeProcessingInitializeOnLoad (49ms)
			ProcessInitializeOnLoadAttributes (374ms)
			ProcessInitializeOnLoadMethodAttributes (17ms)
			AfterProcessingInitializeOnLoad (2ms)
			EditorAssembliesLoaded (0ms)
		ExecutionOrderSort2 (0ms)
		AwakeInstancesAfterBackupRestoration (5ms)
Refreshing native plugins compatible for Editor in 3.65 ms, found 6 plugins.
Preloading 0 native plugins for Editor in 0.00 ms.
Unloading 3344 Unused Serialized files (Serialized files now loaded: 0)
Unloading 14 unused Assets / (28.5 KB). Loaded Objects now: 3988.
Memory consumption went from 129.0 MB to 129.0 MB.
Total: 4.450700 ms (FindLiveObjects: 0.384200 ms CreateObjectMapping: 0.328800 ms MarkObjects: 3.688700 ms  DeleteObjects: 0.048000 ms)

Prepare: number of updated asset objects reloaded= 0
AssetImportParameters requested are different than current active one (requested -> active):
  custom:scripting/monoscript/fileName/SkewTextExample.cs: f96859e31fd6dde308d9dc2a2488dcff -> c142d02d70a129e0533975f7c2f96956
  custom:container-demuxer-ogg: 62fdf1f143b41e24485cea50d1cbac27 -> 
  custom:scripting/monoscript/fileName/TMP_TextEventHandler.cs: d0f86a17d6fd3e9995db934eaaf34f18 -> f5cd9d5a43bfefc8f4fec80e6de896a4
  custom:scripting/monoscript/fileName/TextMeshProFloatingText.cs: 5a37842f75734e7729f89af9a8145a1a -> 92608fa4a6315cd0786d82205e77b697
  custom:scripting/monoscript/fileName/VertexZoom.cs: 2da4737d79388c0362c64482e9ee50d2 -> 650ab1e81d40126e3edcf737cce646e4
  custom:video-codec-MediaFoundation-h265: 746d11721c4dcdbdad8f713fa42b33f4 -> 
  custom:scripting/monoscript/fileName/VertexShakeA.cs: 16900906a98712c9660b9823af1f2500 -> 63ec564c588058369499638dd899e05b
  custom:scripting/monoscript/fileName/TMP_ExampleScript_01.cs: 59997facf165601d8c6263ace2a973a5 -> a9d4be556104ff54e7d240529b3e01dc
  custom:video-decoder-ogg-theora: a1e56fd34408186e4bbccfd4996cb3dc -> 
  custom:scripting/monoscript/fileName/TMP_TextEventCheck.cs: 7ee93fce990cec7a5b67b504d0259dce -> 13505d917eab5868c435e0c2986dadfa
  custom:scripting/monoscript/fileName/TMP_TextSelector_B.cs: c0db108de9ffc9b6f619f3d00162b1c2 -> ba2be21a7486d37b1011342977a2e49d
  custom:scripting/monoscript/fileName/Benchmark01.cs: 1fef48c763f4be76a973f061699dd041 -> 2d3e2cd961730ab95f139a49a673bace
  custom:framework-win-MediaFoundation: 216162199b28c13a410421893ffa2e32 -> 
  custom:scripting/monoscript/fileName/UI_Manager.cs: 98fe954eecef79af161772dc64f463a1 -> 
  custom:scripting/monoscript/fileName/Benchmark02.cs: 92dcd0c0a469d0c0690d8ca0bfe95e6f -> 5640963252ce70910e726415f869ced6
  custom:scripting/monoscript/fileName/DropdownSample.cs: b4fe7efb027fdd4854f643ad764daa8c -> 0a92251794e5f10400149f96c3c59e5d
  custom:scripting/monoscript/fileName/WarpTextExample.cs: c5431dac938081648a3a3ac553c1029b -> 2663459c266363641981c7d17b698d7f
  custom:CustomObjectIndexerAttribute: 9a22284fe3817be447336de3de66b15e -> 
  custom:container-demuxer-webm: 4f35f7cbe854078d1ac9338744f61a02 -> 
  custom:scripting/monoscript/fileName/MainMenuButton.cs: e28869a6863284e74946ac915bb193f6 -> 
  custom:scripting/monoscript/fileName/ChatController.cs: ff21b89493e3dffcbe018a2cc5a10bae -> 876d5ccae6e345dd5d9450eb0a748f16
  custom:scripting/monoscript/fileName/TextMeshSpawner.cs: c0f20e5855e88374db1098a5acc68df4 -> 76f28e2ddb031571e6ec62b018f65fa8
  custom:scripting/monoscript/fileName/TeleType.cs: c18e16db35615314900dbe198d0144e7 -> 31fa97821c4c70f157ec81d507aa6b62
  custom:scripting/monoscript/fileName/Benchmark04.cs: 86dfb70824307c4cf164687df2489226 -> 32220b148620e52aa81c13a114862bf4
  custom:container-muxer-webm: aa71ff27fc2769a1b78a27578f13a17b -> 
  custom:video-decoder-webm-vp8: 9c59270c3fd7afecdb556c50c9e8de78 -> 
  custom:scripting/monoscript/fileName/TMP_PhoneNumberValidator.cs: b4c1c54136dffeb4e2962027ebaa6b1f -> 7c3049f481e464c6a9a15dee56c3126f
  custom:SearchIndexIgnoredProperties: e643bd26f0fe6173181afceb89e7c659 -> 
  custom:AudioImporter_EditorPlatform: d09bf68614088b80899f8185d706f6e7 -> 
  custom:scripting/monoscript/fileName/EnvMapAnimator.cs: 08e040d459cd881082c0dd5daba5f85c -> 1b4f61c17e4b7283c3ac351aacff9d26
  custom:scripting/monoscript/fileName/ShaderPropAnimator.cs: 88b70bc5bbc15375387323f48f0661cf -> 55ce425812446482e623ff2695c94cb2
  custom:scripting/monoscript/fileName/SimpleScript.cs: dcd92cf7399b0d08e25e4a66ab57e91e -> 454caab0c6c050f29b39d82e1d66d0fa
  custom:scripting/monoscript/fileName/ObjectSpin.cs: b34dd4d17018731600f920d50ca840f7 -> 2b96bb2079dd7fa5108d981627a28e1e
  custom:scripting/monoscript/fileName/CameraController.cs: 8d43c2def3a67efed518259a2232b470 -> 34b6be4e23ce86dc89786916c5983296
  custom:scripting/monoscript/fileName/TMP_TextInfoDebugTool.cs: 7aad42023b6f5112c90650ae13bd6dd8 -> 3f1709cfb2cc628169113a35b5e9be3f
  custom:scripting/monoscript/fileName/TMP_TextSelector_A.cs: 088357b4acdc1e6288d897936d29c8d3 -> 347309a09d56e367b188a6978f75b424
  custom:video-encoder-webm-vp8: eb34c28f22e8b96e1ab97ce403110664 -> 
  custom:audio-decoder-ogg-vorbis: bf7c407c2cedff20999df2af8eb42d56 -> 
  custom:scripting/monoscript/fileName/VertexJitter.cs: 6330f950b41eff6e5970f129864ecd6c -> d27eb5498e48714a66aece98da065133
  custom:scripting/monoscript/fileName/TextConsoleSimulator.cs: f2c8898b26c0cf2b0a1c7d12d99e6769 -> 33fc311abb20b5b0ed8f00e4d86b574e
  custom:scripting/monoscript/fileName/VertexColorCycler.cs: 135fb0ebdaf256193ccc08218c426c64 -> 5f984ca91cf3609293aecc6bc5641572
  custom:scripting/monoscript/fileName/TMP_FrameRateCounter.cs: 8afeb6f0251e063dcfff2bd827f92c62 -> 46f655df8cb483ac5958307137b1585a
  custom:scripting/monoscript/fileName/VertexShakeB.cs: 587e5b2aecc39120c2c9ff69742ce897 -> a6f78c4fcda1a29a1a1c1baefedba9e7
  custom:scripting/monoscript/fileName/TMP_UiFrameRateCounter.cs: 8fa3bcf761bb5076fd90d0361518d59c -> b01021aea19247f14a98ab338907956a
  custom:scripting/monoscript/fileName/TMPro_InstructionOverlay.cs: 194f3617683541355a9c6c8193e87b1c -> b626d2270e6ebd5c4311585c18b58d8d
  custom:scripting/monoscript/fileName/TMP_DigitValidator.cs: 4e5cde653ae28b90ab257e866c94dfce -> ac02af96215ae3951a3cce9e1a8c6085
  custom:audio-encoder-webm-vorbis: bf7c407c2cedff20999df2af8eb42d56 -> 
  custom:scripting/monoscript/fileName/Cube_Controller.cs: acd00592fa72aff7217b78bae7072f77 -> 
  custom:scripting/monoscript/fileName/Benchmark01_UGUI.cs: 52a24b07fcdd062ef495404efdb65870 -> 6148cfe2627b7708298f301788144139
  custom:scripting/precompiled-assembly-types:Assembly-CSharp: 252627b8445d6767445947e474900fe4 -> f39d0e8e1a2bdc72903fb33acfa56b16
  custom:scripting/monoscript/fileName/Benchmark03.cs: 520976d641c2b7cf395e30b045f5a45d -> 17cc87e0529ac71d909a946afb47a274
========================================================================
Received Prepare
Caller must complete domain reload
Begin MonoManager ReloadAssembly
- Loaded All Assemblies, in  0.410 seconds
Native extension for WindowsStandalone target not found
Native extension for Android target not found
Native extension for WebGL target not found
Mono: successfully reloaded assembly
- Finished resetting the current domain, in  1.036 seconds
Domain Reload Profiling: 1446ms
	BeginReloadAssembly (150ms)
		ExecutionOrderSort (0ms)
		DisableScriptedObjects (5ms)
		BackupInstance (0ms)
		ReleaseScriptingObjects (0ms)
		CreateAndSetChildDomain (36ms)
	RebuildCommonClasses (38ms)
	RebuildNativeTypeToScriptingClass (11ms)
	initialDomainReloadingComplete (25ms)
	LoadAllAssembliesAndSetupDomain (184ms)
		LoadAssemblies (251ms)
		RebuildTransferFunctionScriptingTraits (0ms)
		AnalyzeDomain (13ms)
			TypeCache.Refresh (5ms)
				TypeCache.ScanAssembly (0ms)
			ScanForSourceGeneratedMonoScriptInfo (0ms)
			ResolveRequiredComponents (6ms)
	FinalizeReload (1037ms)
		ReleaseScriptCaches (0ms)
		RebuildScriptCaches (0ms)
		SetupLoadedEditorAssemblies (570ms)
			LogAssemblyErrors (0ms)
			InitializePlatformSupportModulesInManaged (18ms)
			SetLoadedEditorAssemblies (5ms)
			RefreshPlugins (0ms)
			BeforeProcessingInitializeOnLoad (59ms)
			ProcessInitializeOnLoadAttributes (460ms)
			ProcessInitializeOnLoadMethodAttributes (24ms)
			AfterProcessingInitializeOnLoad (3ms)
			EditorAssembliesLoaded (0ms)
		ExecutionOrderSort2 (0ms)
		AwakeInstancesAfterBackupRestoration (7ms)
Refreshing native plugins compatible for Editor in 4.62 ms, found 6 plugins.
Preloading 0 native plugins for Editor in 0.00 ms.
Unloading 3345 Unused Serialized files (Serialized files now loaded: 0)
Unloading 14 unused Assets / (28.5 KB). Loaded Objects now: 3991.
Memory consumption went from 129.3 MB to 129.2 MB.
Total: 6.631400 ms (FindLiveObjects: 0.537000 ms CreateObjectMapping: 0.227200 ms MarkObjects: 5.761100 ms  DeleteObjects: 0.104300 ms)

Prepare: number of updated asset objects reloaded= 0
AssetImportParameters requested are different than current active one (requested -> active):
  custom:scripting/monoscript/fileName/SkewTextExample.cs: f96859e31fd6dde308d9dc2a2488dcff -> c142d02d70a129e0533975f7c2f96956
  custom:container-demuxer-ogg: 62fdf1f143b41e24485cea50d1cbac27 -> 
  custom:scripting/monoscript/fileName/TMP_TextEventHandler.cs: d0f86a17d6fd3e9995db934eaaf34f18 -> f5cd9d5a43bfefc8f4fec80e6de896a4
  custom:scripting/monoscript/fileName/TextMeshProFloatingText.cs: 5a37842f75734e7729f89af9a8145a1a -> 92608fa4a6315cd0786d82205e77b697
  custom:scripting/monoscript/fileName/VertexZoom.cs: 2da4737d79388c0362c64482e9ee50d2 -> 650ab1e81d40126e3edcf737cce646e4
  custom:video-codec-MediaFoundation-h265: 746d11721c4dcdbdad8f713fa42b33f4 -> 
  custom:scripting/monoscript/fileName/VertexShakeA.cs: 16900906a98712c9660b9823af1f2500 -> 63ec564c588058369499638dd899e05b
  custom:scripting/monoscript/fileName/TMP_ExampleScript_01.cs: 59997facf165601d8c6263ace2a973a5 -> a9d4be556104ff54e7d240529b3e01dc
  custom:video-decoder-ogg-theora: a1e56fd34408186e4bbccfd4996cb3dc -> 
  custom:scripting/monoscript/fileName/TMP_TextEventCheck.cs: 7ee93fce990cec7a5b67b504d0259dce -> 13505d917eab5868c435e0c2986dadfa
  custom:scripting/monoscript/fileName/TMP_TextSelector_B.cs: c0db108de9ffc9b6f619f3d00162b1c2 -> ba2be21a7486d37b1011342977a2e49d
  custom:scripting/monoscript/fileName/Benchmark01.cs: 1fef48c763f4be76a973f061699dd041 -> 2d3e2cd961730ab95f139a49a673bace
  custom:framework-win-MediaFoundation: 216162199b28c13a410421893ffa2e32 -> 
  custom:scripting/monoscript/fileName/UI_Manager.cs: 98fe954eecef79af161772dc64f463a1 -> 
  custom:scripting/monoscript/fileName/Benchmark02.cs: 92dcd0c0a469d0c0690d8ca0bfe95e6f -> 5640963252ce70910e726415f869ced6
  custom:scripting/monoscript/fileName/DropdownSample.cs: b4fe7efb027fdd4854f643ad764daa8c -> 0a92251794e5f10400149f96c3c59e5d
  custom:scripting/monoscript/fileName/WarpTextExample.cs: c5431dac938081648a3a3ac553c1029b -> 2663459c266363641981c7d17b698d7f
  custom:CustomObjectIndexerAttribute: 9a22284fe3817be447336de3de66b15e -> 
  custom:container-demuxer-webm: 4f35f7cbe854078d1ac9338744f61a02 -> 
  custom:scripting/monoscript/fileName/MainMenuButton.cs: e28869a6863284e74946ac915bb193f6 -> 
  custom:scripting/monoscript/fileName/ChatController.cs: ff21b89493e3dffcbe018a2cc5a10bae -> 876d5ccae6e345dd5d9450eb0a748f16
  custom:scripting/monoscript/fileName/TextMeshSpawner.cs: c0f20e5855e88374db1098a5acc68df4 -> 76f28e2ddb031571e6ec62b018f65fa8
  custom:scripting/monoscript/fileName/TeleType.cs: c18e16db35615314900dbe198d0144e7 -> 31fa97821c4c70f157ec81d507aa6b62
  custom:scripting/monoscript/fileName/Benchmark04.cs: 86dfb70824307c4cf164687df2489226 -> 32220b148620e52aa81c13a114862bf4
  custom:container-muxer-webm: aa71ff27fc2769a1b78a27578f13a17b -> 
  custom:video-decoder-webm-vp8: 9c59270c3fd7afecdb556c50c9e8de78 -> 
  custom:scripting/monoscript/fileName/TMP_PhoneNumberValidator.cs: b4c1c54136dffeb4e2962027ebaa6b1f -> 7c3049f481e464c6a9a15dee56c3126f
  custom:SearchIndexIgnoredProperties: e643bd26f0fe6173181afceb89e7c659 -> 
  custom:AudioImporter_EditorPlatform: d09bf68614088b80899f8185d706f6e7 -> 
  custom:scripting/monoscript/fileName/EnvMapAnimator.cs: 08e040d459cd881082c0dd5daba5f85c -> 1b4f61c17e4b7283c3ac351aacff9d26
  custom:scripting/monoscript/fileName/ShaderPropAnimator.cs: 88b70bc5bbc15375387323f48f0661cf -> 55ce425812446482e623ff2695c94cb2
  custom:scripting/monoscript/fileName/SimpleScript.cs: dcd92cf7399b0d08e25e4a66ab57e91e -> 454caab0c6c050f29b39d82e1d66d0fa
  custom:scripting/monoscript/fileName/ObjectSpin.cs: b34dd4d17018731600f920d50ca840f7 -> 2b96bb2079dd7fa5108d981627a28e1e
  custom:scripting/monoscript/fileName/CameraController.cs: 8d43c2def3a67efed518259a2232b470 -> 34b6be4e23ce86dc89786916c5983296
  custom:scripting/monoscript/fileName/TMP_TextInfoDebugTool.cs: 7aad42023b6f5112c90650ae13bd6dd8 -> 3f1709cfb2cc628169113a35b5e9be3f
  custom:scripting/monoscript/fileName/TMP_TextSelector_A.cs: 088357b4acdc1e6288d897936d29c8d3 -> 347309a09d56e367b188a6978f75b424
  custom:video-encoder-webm-vp8: eb34c28f22e8b96e1ab97ce403110664 -> 
  custom:audio-decoder-ogg-vorbis: bf7c407c2cedff20999df2af8eb42d56 -> 
  custom:scripting/monoscript/fileName/VertexJitter.cs: 6330f950b41eff6e5970f129864ecd6c -> d27eb5498e48714a66aece98da065133
  custom:scripting/monoscript/fileName/TextConsoleSimulator.cs: f2c8898b26c0cf2b0a1c7d12d99e6769 -> 33fc311abb20b5b0ed8f00e4d86b574e
  custom:scripting/monoscript/fileName/VertexColorCycler.cs: 135fb0ebdaf256193ccc08218c426c64 -> 5f984ca91cf3609293aecc6bc5641572
  custom:scripting/monoscript/fileName/TMP_FrameRateCounter.cs: 8afeb6f0251e063dcfff2bd827f92c62 -> 46f655df8cb483ac5958307137b1585a
  custom:scripting/monoscript/fileName/VertexShakeB.cs: 587e5b2aecc39120c2c9ff69742ce897 -> a6f78c4fcda1a29a1a1c1baefedba9e7
  custom:scripting/monoscript/fileName/TMP_UiFrameRateCounter.cs: 8fa3bcf761bb5076fd90d0361518d59c -> b01021aea19247f14a98ab338907956a
  custom:scripting/monoscript/fileName/TMPro_InstructionOverlay.cs: 194f3617683541355a9c6c8193e87b1c -> b626d2270e6ebd5c4311585c18b58d8d
  custom:scripting/monoscript/fileName/TMP_DigitValidator.cs: 4e5cde653ae28b90ab257e866c94dfce -> ac02af96215ae3951a3cce9e1a8c6085
  custom:audio-encoder-webm-vorbis: bf7c407c2cedff20999df2af8eb42d56 -> 
  custom:scripting/monoscript/fileName/Cube_Controller.cs: acd00592fa72aff7217b78bae7072f77 -> 
  custom:scripting/monoscript/fileName/Benchmark01_UGUI.cs: 52a24b07fcdd062ef495404efdb65870 -> 6148cfe2627b7708298f301788144139
  custom:scripting/precompiled-assembly-types:Assembly-CSharp: 252627b8445d6767445947e474900fe4 -> f39d0e8e1a2bdc72903fb33acfa56b16
  custom:scripting/monoscript/fileName/Benchmark03.cs: 520976d641c2b7cf395e30b045f5a45d -> 17cc87e0529ac71d909a946afb47a274
========================================================================
Received Prepare
Caller must complete domain reload
Begin MonoManager ReloadAssembly
- Loaded All Assemblies, in  0.385 seconds
Native extension for WindowsStandalone target not found
Native extension for Android target not found
Native extension for WebGL target not found
Mono: successfully reloaded assembly
- Finished resetting the current domain, in  1.224 seconds
Domain Reload Profiling: 1609ms
	BeginReloadAssembly (131ms)
		ExecutionOrderSort (0ms)
		DisableScriptedObjects (5ms)
		BackupInstance (0ms)
		ReleaseScriptingObjects (0ms)
		CreateAndSetChildDomain (31ms)
	RebuildCommonClasses (26ms)
	RebuildNativeTypeToScriptingClass (8ms)
	initialDomainReloadingComplete (21ms)
	LoadAllAssembliesAndSetupDomain (198ms)
		LoadAssemblies (246ms)
		RebuildTransferFunctionScriptingTraits (0ms)
		AnalyzeDomain (20ms)
			TypeCache.Refresh (8ms)
				TypeCache.ScanAssembly (1ms)
			ScanForSourceGeneratedMonoScriptInfo (6ms)
			ResolveRequiredComponents (5ms)
	FinalizeReload (1225ms)
		ReleaseScriptCaches (0ms)
		RebuildScriptCaches (0ms)
		SetupLoadedEditorAssemblies (471ms)
			LogAssemblyErrors (0ms)
			InitializePlatformSupportModulesInManaged (13ms)
			SetLoadedEditorAssemblies (4ms)
			RefreshPlugins (0ms)
			BeforeProcessingInitializeOnLoad (51ms)
			ProcessInitializeOnLoadAttributes (383ms)
			ProcessInitializeOnLoadMethodAttributes (17ms)
			AfterProcessingInitializeOnLoad (2ms)
			EditorAssembliesLoaded (0ms)
		ExecutionOrderSort2 (0ms)
		AwakeInstancesAfterBackupRestoration (7ms)
Refreshing native plugins compatible for Editor in 13.56 ms, found 6 plugins.
Preloading 0 native plugins for Editor in 0.00 ms.
Unloading 3345 Unused Serialized files (Serialized files now loaded: 0)
Unloading 14 unused Assets / (28.6 KB). Loaded Objects now: 3994.
Memory consumption went from 129.3 MB to 129.2 MB.
Total: 7.574800 ms (FindLiveObjects: 0.538600 ms CreateObjectMapping: 0.142700 ms MarkObjects: 6.815000 ms  DeleteObjects: 0.077200 ms)

Prepare: number of updated asset objects reloaded= 0
AssetImportParameters requested are different than current active one (requested -> active):
  custom:scripting/monoscript/fileName/SkewTextExample.cs: f96859e31fd6dde308d9dc2a2488dcff -> c142d02d70a129e0533975f7c2f96956
  custom:container-demuxer-ogg: 62fdf1f143b41e24485cea50d1cbac27 -> 
  custom:scripting/monoscript/fileName/TMP_TextEventHandler.cs: d0f86a17d6fd3e9995db934eaaf34f18 -> f5cd9d5a43bfefc8f4fec80e6de896a4
  custom:scripting/monoscript/fileName/TextMeshProFloatingText.cs: 5a37842f75734e7729f89af9a8145a1a -> 92608fa4a6315cd0786d82205e77b697
  custom:scripting/monoscript/fileName/VertexZoom.cs: 2da4737d79388c0362c64482e9ee50d2 -> 650ab1e81d40126e3edcf737cce646e4
  custom:video-codec-MediaFoundation-h265: 746d11721c4dcdbdad8f713fa42b33f4 -> 
  custom:scripting/monoscript/fileName/VertexShakeA.cs: 16900906a98712c9660b9823af1f2500 -> 63ec564c588058369499638dd899e05b
  custom:scripting/monoscript/fileName/TMP_ExampleScript_01.cs: 59997facf165601d8c6263ace2a973a5 -> a9d4be556104ff54e7d240529b3e01dc
  custom:video-decoder-ogg-theora: a1e56fd34408186e4bbccfd4996cb3dc -> 
  custom:scripting/monoscript/fileName/TMP_TextEventCheck.cs: 7ee93fce990cec7a5b67b504d0259dce -> 13505d917eab5868c435e0c2986dadfa
  custom:scripting/monoscript/fileName/TMP_TextSelector_B.cs: c0db108de9ffc9b6f619f3d00162b1c2 -> ba2be21a7486d37b1011342977a2e49d
  custom:scripting/monoscript/fileName/Benchmark01.cs: 1fef48c763f4be76a973f061699dd041 -> 2d3e2cd961730ab95f139a49a673bace
  custom:framework-win-MediaFoundation: 216162199b28c13a410421893ffa2e32 -> 
  custom:scripting/monoscript/fileName/UI_Manager.cs: 98fe954eecef79af161772dc64f463a1 -> 
  custom:scripting/monoscript/fileName/Benchmark02.cs: 92dcd0c0a469d0c0690d8ca0bfe95e6f -> 5640963252ce70910e726415f869ced6
  custom:scripting/monoscript/fileName/DropdownSample.cs: b4fe7efb027fdd4854f643ad764daa8c -> 0a92251794e5f10400149f96c3c59e5d
  custom:scripting/monoscript/fileName/WarpTextExample.cs: c5431dac938081648a3a3ac553c1029b -> 2663459c266363641981c7d17b698d7f
  custom:CustomObjectIndexerAttribute: 9a22284fe3817be447336de3de66b15e -> 
  custom:container-demuxer-webm: 4f35f7cbe854078d1ac9338744f61a02 -> 
  custom:scripting/monoscript/fileName/MainMenuButton.cs: e28869a6863284e74946ac915bb193f6 -> 
  custom:scripting/monoscript/fileName/ChatController.cs: ff21b89493e3dffcbe018a2cc5a10bae -> 876d5ccae6e345dd5d9450eb0a748f16
  custom:scripting/monoscript/fileName/TextMeshSpawner.cs: c0f20e5855e88374db1098a5acc68df4 -> 76f28e2ddb031571e6ec62b018f65fa8
  custom:scripting/monoscript/fileName/TeleType.cs: c18e16db35615314900dbe198d0144e7 -> 31fa97821c4c70f157ec81d507aa6b62
  custom:scripting/monoscript/fileName/Benchmark04.cs: 86dfb70824307c4cf164687df2489226 -> 32220b148620e52aa81c13a114862bf4
  custom:container-muxer-webm: aa71ff27fc2769a1b78a27578f13a17b -> 
  custom:video-decoder-webm-vp8: 9c59270c3fd7afecdb556c50c9e8de78 -> 
  custom:scripting/monoscript/fileName/TMP_PhoneNumberValidator.cs: b4c1c54136dffeb4e2962027ebaa6b1f -> 7c3049f481e464c6a9a15dee56c3126f
  custom:SearchIndexIgnoredProperties: e643bd26f0fe6173181afceb89e7c659 -> 
  custom:AudioImporter_EditorPlatform: d09bf68614088b80899f8185d706f6e7 -> 
  custom:scripting/monoscript/fileName/EnvMapAnimator.cs: 08e040d459cd881082c0dd5daba5f85c -> 1b4f61c17e4b7283c3ac351aacff9d26
  custom:scripting/monoscript/fileName/ShaderPropAnimator.cs: 88b70bc5bbc15375387323f48f0661cf -> 55ce425812446482e623ff2695c94cb2
  custom:scripting/monoscript/fileName/SimpleScript.cs: dcd92cf7399b0d08e25e4a66ab57e91e -> 454caab0c6c050f29b39d82e1d66d0fa
  custom:scripting/monoscript/fileName/ObjectSpin.cs: b34dd4d17018731600f920d50ca840f7 -> 2b96bb2079dd7fa5108d981627a28e1e
  custom:scripting/monoscript/fileName/CameraController.cs: 8d43c2def3a67efed518259a2232b470 -> 34b6be4e23ce86dc89786916c5983296
  custom:scripting/monoscript/fileName/TMP_TextInfoDebugTool.cs: 7aad42023b6f5112c90650ae13bd6dd8 -> 3f1709cfb2cc628169113a35b5e9be3f
  custom:scripting/monoscript/fileName/TMP_TextSelector_A.cs: 088357b4acdc1e6288d897936d29c8d3 -> 347309a09d56e367b188a6978f75b424
  custom:video-encoder-webm-vp8: eb34c28f22e8b96e1ab97ce403110664 -> 
  custom:audio-decoder-ogg-vorbis: bf7c407c2cedff20999df2af8eb42d56 -> 
  custom:scripting/monoscript/fileName/VertexJitter.cs: 6330f950b41eff6e5970f129864ecd6c -> d27eb5498e48714a66aece98da065133
  custom:scripting/monoscript/fileName/TextConsoleSimulator.cs: f2c8898b26c0cf2b0a1c7d12d99e6769 -> 33fc311abb20b5b0ed8f00e4d86b574e
  custom:scripting/monoscript/fileName/VertexColorCycler.cs: 135fb0ebdaf256193ccc08218c426c64 -> 5f984ca91cf3609293aecc6bc5641572
  custom:scripting/monoscript/fileName/TMP_FrameRateCounter.cs: 8afeb6f0251e063dcfff2bd827f92c62 -> 46f655df8cb483ac5958307137b1585a
  custom:scripting/monoscript/fileName/VertexShakeB.cs: 587e5b2aecc39120c2c9ff69742ce897 -> a6f78c4fcda1a29a1a1c1baefedba9e7
  custom:scripting/monoscript/fileName/TMP_UiFrameRateCounter.cs: 8fa3bcf761bb5076fd90d0361518d59c -> b01021aea19247f14a98ab338907956a
  custom:scripting/monoscript/fileName/TMPro_InstructionOverlay.cs: 194f3617683541355a9c6c8193e87b1c -> b626d2270e6ebd5c4311585c18b58d8d
  custom:scripting/monoscript/fileName/TMP_DigitValidator.cs: 4e5cde653ae28b90ab257e866c94dfce -> ac02af96215ae3951a3cce9e1a8c6085
  custom:audio-encoder-webm-vorbis: bf7c407c2cedff20999df2af8eb42d56 -> 
  custom:scripting/monoscript/fileName/Cube_Controller.cs: acd00592fa72aff7217b78bae7072f77 -> 
  custom:scripting/monoscript/fileName/Benchmark01_UGUI.cs: 52a24b07fcdd062ef495404efdb65870 -> 6148cfe2627b7708298f301788144139
  custom:scripting/precompiled-assembly-types:Assembly-CSharp: 252627b8445d6767445947e474900fe4 -> f39d0e8e1a2bdc72903fb33acfa56b16
  custom:scripting/monoscript/fileName/Benchmark03.cs: 520976d641c2b7cf395e30b045f5a45d -> 17cc87e0529ac71d909a946afb47a274
========================================================================
Received Prepare
Caller must complete domain reload
Begin MonoManager ReloadAssembly
- Loaded All Assemblies, in  0.705 seconds
Native extension for WindowsStandalone target not found
Native extension for Android target not found
Native extension for WebGL target not found
Mono: successfully reloaded assembly
- Finished resetting the current domain, in  1.804 seconds
Domain Reload Profiling: 2508ms
	BeginReloadAssembly (237ms)
		ExecutionOrderSort (0ms)
		DisableScriptedObjects (7ms)
		BackupInstance (0ms)
		ReleaseScriptingObjects (0ms)
		CreateAndSetChildDomain (50ms)
	RebuildCommonClasses (68ms)
	RebuildNativeTypeToScriptingClass (23ms)
	initialDomainReloadingComplete (45ms)
	LoadAllAssembliesAndSetupDomain (331ms)
		LoadAssemblies (430ms)
		RebuildTransferFunctionScriptingTraits (0ms)
		AnalyzeDomain (44ms)
			TypeCache.Refresh (15ms)
				TypeCache.ScanAssembly (2ms)
			ScanForSourceGeneratedMonoScriptInfo (14ms)
			ResolveRequiredComponents (12ms)
	FinalizeReload (1804ms)
		ReleaseScriptCaches (0ms)
		RebuildScriptCaches (0ms)
		SetupLoadedEditorAssemblies (1000ms)
			LogAssemblyErrors (0ms)
			InitializePlatformSupportModulesInManaged (33ms)
			SetLoadedEditorAssemblies (9ms)
			RefreshPlugins (0ms)
			BeforeProcessingInitializeOnLoad (104ms)
			ProcessInitializeOnLoadAttributes (813ms)
			ProcessInitializeOnLoadMethodAttributes (35ms)
			AfterProcessingInitializeOnLoad (5ms)
			EditorAssembliesLoaded (0ms)
		ExecutionOrderSort2 (0ms)
		AwakeInstancesAfterBackupRestoration (12ms)
Refreshing native plugins compatible for Editor in 6.34 ms, found 6 plugins.
Preloading 0 native plugins for Editor in 0.00 ms.
Unloading 3345 Unused Serialized files (Serialized files now loaded: 0)
Unloading 14 unused Assets / (28.5 KB). Loaded Objects now: 3997.
Memory consumption went from 129.3 MB to 129.2 MB.
Total: 7.831900 ms (FindLiveObjects: 0.644100 ms CreateObjectMapping: 0.272200 ms MarkObjects: 6.813600 ms  DeleteObjects: 0.099900 ms)

Prepare: number of updated asset objects reloaded= 0
AssetImportParameters requested are different than current active one (requested -> active):
  custom:scripting/monoscript/fileName/SkewTextExample.cs: f96859e31fd6dde308d9dc2a2488dcff -> c142d02d70a129e0533975f7c2f96956
  custom:container-demuxer-ogg: 62fdf1f143b41e24485cea50d1cbac27 -> 
  custom:scripting/monoscript/fileName/TMP_TextEventHandler.cs: d0f86a17d6fd3e9995db934eaaf34f18 -> f5cd9d5a43bfefc8f4fec80e6de896a4
  custom:scripting/monoscript/fileName/TextMeshProFloatingText.cs: 5a37842f75734e7729f89af9a8145a1a -> 92608fa4a6315cd0786d82205e77b697
  custom:scripting/monoscript/fileName/VertexZoom.cs: 2da4737d79388c0362c64482e9ee50d2 -> 650ab1e81d40126e3edcf737cce646e4
  custom:video-codec-MediaFoundation-h265: 746d11721c4dcdbdad8f713fa42b33f4 -> 
  custom:scripting/monoscript/fileName/VertexShakeA.cs: 16900906a98712c9660b9823af1f2500 -> 63ec564c588058369499638dd899e05b
  custom:scripting/monoscript/fileName/TMP_ExampleScript_01.cs: 59997facf165601d8c6263ace2a973a5 -> a9d4be556104ff54e7d240529b3e01dc
  custom:video-decoder-ogg-theora: a1e56fd34408186e4bbccfd4996cb3dc -> 
  custom:scripting/monoscript/fileName/TMP_TextEventCheck.cs: 7ee93fce990cec7a5b67b504d0259dce -> 13505d917eab5868c435e0c2986dadfa
  custom:scripting/monoscript/fileName/TMP_TextSelector_B.cs: c0db108de9ffc9b6f619f3d00162b1c2 -> ba2be21a7486d37b1011342977a2e49d
  custom:scripting/monoscript/fileName/Benchmark01.cs: 1fef48c763f4be76a973f061699dd041 -> 2d3e2cd961730ab95f139a49a673bace
  custom:framework-win-MediaFoundation: 216162199b28c13a410421893ffa2e32 -> 
  custom:scripting/monoscript/fileName/UI_Manager.cs: 98fe954eecef79af161772dc64f463a1 -> 
  custom:scripting/monoscript/fileName/Benchmark02.cs: 92dcd0c0a469d0c0690d8ca0bfe95e6f -> 5640963252ce70910e726415f869ced6
  custom:scripting/monoscript/fileName/DropdownSample.cs: b4fe7efb027fdd4854f643ad764daa8c -> 0a92251794e5f10400149f96c3c59e5d
  custom:scripting/monoscript/fileName/WarpTextExample.cs: c5431dac938081648a3a3ac553c1029b -> 2663459c266363641981c7d17b698d7f
  custom:CustomObjectIndexerAttribute: 9a22284fe3817be447336de3de66b15e -> 
  custom:container-demuxer-webm: 4f35f7cbe854078d1ac9338744f61a02 -> 
  custom:scripting/monoscript/fileName/MainMenuButton.cs: e28869a6863284e74946ac915bb193f6 -> 
  custom:scripting/monoscript/fileName/ChatController.cs: ff21b89493e3dffcbe018a2cc5a10bae -> 876d5ccae6e345dd5d9450eb0a748f16
  custom:scripting/monoscript/fileName/TextMeshSpawner.cs: c0f20e5855e88374db1098a5acc68df4 -> 76f28e2ddb031571e6ec62b018f65fa8
  custom:scripting/monoscript/fileName/TeleType.cs: c18e16db35615314900dbe198d0144e7 -> 31fa97821c4c70f157ec81d507aa6b62
  custom:scripting/monoscript/fileName/Benchmark04.cs: 86dfb70824307c4cf164687df2489226 -> 32220b148620e52aa81c13a114862bf4
  custom:container-muxer-webm: aa71ff27fc2769a1b78a27578f13a17b -> 
  custom:video-decoder-webm-vp8: 9c59270c3fd7afecdb556c50c9e8de78 -> 
  custom:scripting/monoscript/fileName/TMP_PhoneNumberValidator.cs: b4c1c54136dffeb4e2962027ebaa6b1f -> 7c3049f481e464c6a9a15dee56c3126f
  custom:SearchIndexIgnoredProperties: e643bd26f0fe6173181afceb89e7c659 -> 
  custom:AudioImporter_EditorPlatform: d09bf68614088b80899f8185d706f6e7 -> 
  custom:scripting/monoscript/fileName/EnvMapAnimator.cs: 08e040d459cd881082c0dd5daba5f85c -> 1b4f61c17e4b7283c3ac351aacff9d26
  custom:scripting/monoscript/fileName/ShaderPropAnimator.cs: 88b70bc5bbc15375387323f48f0661cf -> 55ce425812446482e623ff2695c94cb2
  custom:scripting/monoscript/fileName/SimpleScript.cs: dcd92cf7399b0d08e25e4a66ab57e91e -> 454caab0c6c050f29b39d82e1d66d0fa
  custom:scripting/monoscript/fileName/ObjectSpin.cs: b34dd4d17018731600f920d50ca840f7 -> 2b96bb2079dd7fa5108d981627a28e1e
  custom:scripting/monoscript/fileName/CameraController.cs: 8d43c2def3a67efed518259a2232b470 -> 34b6be4e23ce86dc89786916c5983296
  custom:scripting/monoscript/fileName/TMP_TextInfoDebugTool.cs: 7aad42023b6f5112c90650ae13bd6dd8 -> 3f1709cfb2cc628169113a35b5e9be3f
  custom:scripting/monoscript/fileName/TMP_TextSelector_A.cs: 088357b4acdc1e6288d897936d29c8d3 -> 347309a09d56e367b188a6978f75b424
  custom:video-encoder-webm-vp8: eb34c28f22e8b96e1ab97ce403110664 -> 
  custom:audio-decoder-ogg-vorbis: bf7c407c2cedff20999df2af8eb42d56 -> 
  custom:scripting/monoscript/fileName/VertexJitter.cs: 6330f950b41eff6e5970f129864ecd6c -> d27eb5498e48714a66aece98da065133
  custom:scripting/monoscript/fileName/TextConsoleSimulator.cs: f2c8898b26c0cf2b0a1c7d12d99e6769 -> 33fc311abb20b5b0ed8f00e4d86b574e
  custom:scripting/monoscript/fileName/VertexColorCycler.cs: 135fb0ebdaf256193ccc08218c426c64 -> 5f984ca91cf3609293aecc6bc5641572
  custom:scripting/monoscript/fileName/TMP_FrameRateCounter.cs: 8afeb6f0251e063dcfff2bd827f92c62 -> 46f655df8cb483ac5958307137b1585a
  custom:scripting/monoscript/fileName/VertexShakeB.cs: 587e5b2aecc39120c2c9ff69742ce897 -> a6f78c4fcda1a29a1a1c1baefedba9e7
  custom:scripting/monoscript/fileName/TMP_UiFrameRateCounter.cs: 8fa3bcf761bb5076fd90d0361518d59c -> b01021aea19247f14a98ab338907956a
  custom:scripting/monoscript/fileName/TMPro_InstructionOverlay.cs: 194f3617683541355a9c6c8193e87b1c -> b626d2270e6ebd5c4311585c18b58d8d
  custom:scripting/monoscript/fileName/TMP_DigitValidator.cs: 4e5cde653ae28b90ab257e866c94dfce -> ac02af96215ae3951a3cce9e1a8c6085
  custom:audio-encoder-webm-vorbis: bf7c407c2cedff20999df2af8eb42d56 -> 
  custom:scripting/monoscript/fileName/Cube_Controller.cs: acd00592fa72aff7217b78bae7072f77 -> 
  custom:scripting/monoscript/fileName/Benchmark01_UGUI.cs: 52a24b07fcdd062ef495404efdb65870 -> 6148cfe2627b7708298f301788144139
  custom:scripting/precompiled-assembly-types:Assembly-CSharp: 252627b8445d6767445947e474900fe4 -> f39d0e8e1a2bdc72903fb33acfa56b16
  custom:scripting/monoscript/fileName/Benchmark03.cs: 520976d641c2b7cf395e30b045f5a45d -> 17cc87e0529ac71d909a946afb47a274
========================================================================
Received Prepare
Caller must complete domain reload
Begin MonoManager ReloadAssembly
- Loaded All Assemblies, in  0.669 seconds
Native extension for WindowsStandalone target not found
Native extension for Android target not found
Native extension for WebGL target not found
Mono: successfully reloaded assembly
- Finished resetting the current domain, in  1.778 seconds
Domain Reload Profiling: 2448ms
	BeginReloadAssembly (218ms)
		ExecutionOrderSort (0ms)
		DisableScriptedObjects (8ms)
		BackupInstance (0ms)
		ReleaseScriptingObjects (0ms)
		CreateAndSetChildDomain (48ms)
	RebuildCommonClasses (67ms)
	RebuildNativeTypeToScriptingClass (21ms)
	initialDomainReloadingComplete (48ms)
	LoadAllAssembliesAndSetupDomain (315ms)
		LoadAssemblies (399ms)
		RebuildTransferFunctionScriptingTraits (0ms)
		AnalyzeDomain (35ms)
			TypeCache.Refresh (11ms)
				TypeCache.ScanAssembly (1ms)
			ScanForSourceGeneratedMonoScriptInfo (14ms)
			ResolveRequiredComponents (7ms)
	FinalizeReload (1779ms)
		ReleaseScriptCaches (0ms)
		RebuildScriptCaches (0ms)
		SetupLoadedEditorAssemblies (993ms)
			LogAssemblyErrors (0ms)
			InitializePlatformSupportModulesInManaged (23ms)
			SetLoadedEditorAssemblies (6ms)
			RefreshPlugins (0ms)
			BeforeProcessingInitializeOnLoad (91ms)
			ProcessInitializeOnLoadAttributes (827ms)
			ProcessInitializeOnLoadMethodAttributes (42ms)
			AfterProcessingInitializeOnLoad (4ms)
			EditorAssembliesLoaded (0ms)
		ExecutionOrderSort2 (0ms)
		AwakeInstancesAfterBackupRestoration (14ms)
Refreshing native plugins compatible for Editor in 6.47 ms, found 6 plugins.
Preloading 0 native plugins for Editor in 0.00 ms.
Unloading 3345 Unused Serialized files (Serialized files now loaded: 0)
Unloading 14 unused Assets / (28.5 KB). Loaded Objects now: 4000.
Memory consumption went from 129.3 MB to 129.2 MB.
Total: 5.488700 ms (FindLiveObjects: 0.563600 ms CreateObjectMapping: 0.190900 ms MarkObjects: 4.670700 ms  DeleteObjects: 0.062300 ms)

Prepare: number of updated asset objects reloaded= 0
AssetImportParameters requested are different than current active one (requested -> active):
  custom:scripting/monoscript/fileName/SkewTextExample.cs: f96859e31fd6dde308d9dc2a2488dcff -> c142d02d70a129e0533975f7c2f96956
  custom:container-demuxer-ogg: 62fdf1f143b41e24485cea50d1cbac27 -> 
  custom:scripting/monoscript/fileName/TMP_TextEventHandler.cs: d0f86a17d6fd3e9995db934eaaf34f18 -> f5cd9d5a43bfefc8f4fec80e6de896a4
  custom:scripting/monoscript/fileName/TextMeshProFloatingText.cs: 5a37842f75734e7729f89af9a8145a1a -> 92608fa4a6315cd0786d82205e77b697
  custom:scripting/monoscript/fileName/VertexZoom.cs: 2da4737d79388c0362c64482e9ee50d2 -> 650ab1e81d40126e3edcf737cce646e4
  custom:video-codec-MediaFoundation-h265: 746d11721c4dcdbdad8f713fa42b33f4 -> 
  custom:scripting/monoscript/fileName/VertexShakeA.cs: 16900906a98712c9660b9823af1f2500 -> 63ec564c588058369499638dd899e05b
  custom:scripting/monoscript/fileName/TMP_ExampleScript_01.cs: 59997facf165601d8c6263ace2a973a5 -> a9d4be556104ff54e7d240529b3e01dc
  custom:video-decoder-ogg-theora: a1e56fd34408186e4bbccfd4996cb3dc -> 
  custom:scripting/monoscript/fileName/TMP_TextEventCheck.cs: 7ee93fce990cec7a5b67b504d0259dce -> 13505d917eab5868c435e0c2986dadfa
  custom:scripting/monoscript/fileName/TMP_TextSelector_B.cs: c0db108de9ffc9b6f619f3d00162b1c2 -> ba2be21a7486d37b1011342977a2e49d
  custom:scripting/monoscript/fileName/Benchmark01.cs: 1fef48c763f4be76a973f061699dd041 -> 2d3e2cd961730ab95f139a49a673bace
  custom:framework-win-MediaFoundation: 216162199b28c13a410421893ffa2e32 -> 
  custom:scripting/monoscript/fileName/UI_Manager.cs: 98fe954eecef79af161772dc64f463a1 -> 
  custom:scripting/monoscript/fileName/Benchmark02.cs: 92dcd0c0a469d0c0690d8ca0bfe95e6f -> 5640963252ce70910e726415f869ced6
  custom:scripting/monoscript/fileName/DropdownSample.cs: b4fe7efb027fdd4854f643ad764daa8c -> 0a92251794e5f10400149f96c3c59e5d
  custom:scripting/monoscript/fileName/WarpTextExample.cs: c5431dac938081648a3a3ac553c1029b -> 2663459c266363641981c7d17b698d7f
  custom:CustomObjectIndexerAttribute: 9a22284fe3817be447336de3de66b15e -> 
  custom:container-demuxer-webm: 4f35f7cbe854078d1ac9338744f61a02 -> 
  custom:scripting/monoscript/fileName/MainMenuButton.cs: e28869a6863284e74946ac915bb193f6 -> 
  custom:scripting/monoscript/fileName/ChatController.cs: ff21b89493e3dffcbe018a2cc5a10bae -> 876d5ccae6e345dd5d9450eb0a748f16
  custom:scripting/monoscript/fileName/TextMeshSpawner.cs: c0f20e5855e88374db1098a5acc68df4 -> 76f28e2ddb031571e6ec62b018f65fa8
  custom:scripting/monoscript/fileName/TeleType.cs: c18e16db35615314900dbe198d0144e7 -> 31fa97821c4c70f157ec81d507aa6b62
  custom:scripting/monoscript/fileName/Benchmark04.cs: 86dfb70824307c4cf164687df2489226 -> 32220b148620e52aa81c13a114862bf4
  custom:container-muxer-webm: aa71ff27fc2769a1b78a27578f13a17b -> 
  custom:video-decoder-webm-vp8: 9c59270c3fd7afecdb556c50c9e8de78 -> 
  custom:scripting/monoscript/fileName/TMP_PhoneNumberValidator.cs: b4c1c54136dffeb4e2962027ebaa6b1f -> 7c3049f481e464c6a9a15dee56c3126f
  custom:SearchIndexIgnoredProperties: e643bd26f0fe6173181afceb89e7c659 -> 
  custom:AudioImporter_EditorPlatform: d09bf68614088b80899f8185d706f6e7 -> 
  custom:scripting/monoscript/fileName/EnvMapAnimator.cs: 08e040d459cd881082c0dd5daba5f85c -> 1b4f61c17e4b7283c3ac351aacff9d26
  custom:scripting/monoscript/fileName/ShaderPropAnimator.cs: 88b70bc5bbc15375387323f48f0661cf -> 55ce425812446482e623ff2695c94cb2
  custom:scripting/monoscript/fileName/SimpleScript.cs: dcd92cf7399b0d08e25e4a66ab57e91e -> 454caab0c6c050f29b39d82e1d66d0fa
  custom:scripting/monoscript/fileName/ObjectSpin.cs: b34dd4d17018731600f920d50ca840f7 -> 2b96bb2079dd7fa5108d981627a28e1e
  custom:scripting/monoscript/fileName/CameraController.cs: 8d43c2def3a67efed518259a2232b470 -> 34b6be4e23ce86dc89786916c5983296
  custom:scripting/monoscript/fileName/TMP_TextInfoDebugTool.cs: 7aad42023b6f5112c90650ae13bd6dd8 -> 3f1709cfb2cc628169113a35b5e9be3f
  custom:scripting/monoscript/fileName/TMP_TextSelector_A.cs: 088357b4acdc1e6288d897936d29c8d3 -> 347309a09d56e367b188a6978f75b424
  custom:video-encoder-webm-vp8: eb34c28f22e8b96e1ab97ce403110664 -> 
  custom:audio-decoder-ogg-vorbis: bf7c407c2cedff20999df2af8eb42d56 -> 
  custom:scripting/monoscript/fileName/VertexJitter.cs: 6330f950b41eff6e5970f129864ecd6c -> d27eb5498e48714a66aece98da065133
  custom:scripting/monoscript/fileName/TextConsoleSimulator.cs: f2c8898b26c0cf2b0a1c7d12d99e6769 -> 33fc311abb20b5b0ed8f00e4d86b574e
  custom:scripting/monoscript/fileName/VertexColorCycler.cs: 135fb0ebdaf256193ccc08218c426c64 -> 5f984ca91cf3609293aecc6bc5641572
  custom:scripting/monoscript/fileName/TMP_FrameRateCounter.cs: 8afeb6f0251e063dcfff2bd827f92c62 -> 46f655df8cb483ac5958307137b1585a
  custom:scripting/monoscript/fileName/VertexShakeB.cs: 587e5b2aecc39120c2c9ff69742ce897 -> a6f78c4fcda1a29a1a1c1baefedba9e7
  custom:scripting/monoscript/fileName/TMP_UiFrameRateCounter.cs: 8fa3bcf761bb5076fd90d0361518d59c -> b01021aea19247f14a98ab338907956a
  custom:scripting/monoscript/fileName/TMPro_InstructionOverlay.cs: 194f3617683541355a9c6c8193e87b1c -> b626d2270e6ebd5c4311585c18b58d8d
  custom:scripting/monoscript/fileName/TMP_DigitValidator.cs: 4e5cde653ae28b90ab257e866c94dfce -> ac02af96215ae3951a3cce9e1a8c6085
  custom:audio-encoder-webm-vorbis: bf7c407c2cedff20999df2af8eb42d56 -> 
  custom:scripting/monoscript/fileName/Cube_Controller.cs: acd00592fa72aff7217b78bae7072f77 -> 
  custom:scripting/monoscript/fileName/Benchmark01_UGUI.cs: 52a24b07fcdd062ef495404efdb65870 -> 6148cfe2627b7708298f301788144139
  custom:scripting/precompiled-assembly-types:Assembly-CSharp: 252627b8445d6767445947e474900fe4 -> f39d0e8e1a2bdc72903fb33acfa56b16
  custom:scripting/monoscript/fileName/Benchmark03.cs: 520976d641c2b7cf395e30b045f5a45d -> 17cc87e0529ac71d909a946afb47a274
========================================================================
Received Prepare
Caller must complete domain reload
Begin MonoManager ReloadAssembly
- Loaded All Assemblies, in  0.384 seconds
Native extension for WindowsStandalone target not found
Native extension for Android target not found
Native extension for WebGL target not found
Mono: successfully reloaded assembly
- Finished resetting the current domain, in  1.391 seconds
Domain Reload Profiling: 1776ms
	BeginReloadAssembly (129ms)
		ExecutionOrderSort (0ms)
		DisableScriptedObjects (5ms)
		BackupInstance (0ms)
		ReleaseScriptingObjects (0ms)
		CreateAndSetChildDomain (33ms)
	RebuildCommonClasses (27ms)
	RebuildNativeTypeToScriptingClass (8ms)
	initialDomainReloadingComplete (21ms)
	LoadAllAssembliesAndSetupDomain (198ms)
		LoadAssemblies (251ms)
		RebuildTransferFunctionScriptingTraits (0ms)
		AnalyzeDomain (11ms)
			TypeCache.Refresh (5ms)
				TypeCache.ScanAssembly (0ms)
			ScanForSourceGeneratedMonoScriptInfo (0ms)
			ResolveRequiredComponents (5ms)
	FinalizeReload (1392ms)
		ReleaseScriptCaches (0ms)
		RebuildScriptCaches (0ms)
		SetupLoadedEditorAssemblies (566ms)
			LogAssemblyErrors (0ms)
			InitializePlatformSupportModulesInManaged (17ms)
			SetLoadedEditorAssemblies (5ms)
			RefreshPlugins (0ms)
			BeforeProcessingInitializeOnLoad (61ms)
			ProcessInitializeOnLoadAttributes (459ms)
			ProcessInitializeOnLoadMethodAttributes (22ms)
			AfterProcessingInitializeOnLoad (2ms)
			EditorAssembliesLoaded (0ms)
		ExecutionOrderSort2 (0ms)
		AwakeInstancesAfterBackupRestoration (7ms)
Refreshing native plugins compatible for Editor in 5.34 ms, found 6 plugins.
Preloading 0 native plugins for Editor in 0.00 ms.
Unloading 3345 Unused Serialized files (Serialized files now loaded: 0)
Unloading 14 unused Assets / (28.5 KB). Loaded Objects now: 4003.
Memory consumption went from 129.3 MB to 129.2 MB.
Total: 6.660100 ms (FindLiveObjects: 0.539600 ms CreateObjectMapping: 0.239200 ms MarkObjects: 5.807800 ms  DeleteObjects: 0.069800 ms)

Prepare: number of updated asset objects reloaded= 0
AssetImportParameters requested are different than current active one (requested -> active):
  custom:scripting/monoscript/fileName/SkewTextExample.cs: f96859e31fd6dde308d9dc2a2488dcff -> c142d02d70a129e0533975f7c2f96956
  custom:container-demuxer-ogg: 62fdf1f143b41e24485cea50d1cbac27 -> 
  custom:scripting/monoscript/fileName/TMP_TextEventHandler.cs: d0f86a17d6fd3e9995db934eaaf34f18 -> f5cd9d5a43bfefc8f4fec80e6de896a4
  custom:scripting/monoscript/fileName/TextMeshProFloatingText.cs: 5a37842f75734e7729f89af9a8145a1a -> 92608fa4a6315cd0786d82205e77b697
  custom:scripting/monoscript/fileName/VertexZoom.cs: 2da4737d79388c0362c64482e9ee50d2 -> 650ab1e81d40126e3edcf737cce646e4
  custom:video-codec-MediaFoundation-h265: 746d11721c4dcdbdad8f713fa42b33f4 -> 
  custom:scripting/monoscript/fileName/VertexShakeA.cs: 16900906a98712c9660b9823af1f2500 -> 63ec564c588058369499638dd899e05b
  custom:scripting/monoscript/fileName/TMP_ExampleScript_01.cs: 59997facf165601d8c6263ace2a973a5 -> a9d4be556104ff54e7d240529b3e01dc
  custom:video-decoder-ogg-theora: a1e56fd34408186e4bbccfd4996cb3dc -> 
  custom:scripting/monoscript/fileName/TMP_TextEventCheck.cs: 7ee93fce990cec7a5b67b504d0259dce -> 13505d917eab5868c435e0c2986dadfa
  custom:scripting/monoscript/fileName/TMP_TextSelector_B.cs: c0db108de9ffc9b6f619f3d00162b1c2 -> ba2be21a7486d37b1011342977a2e49d
  custom:scripting/monoscript/fileName/Benchmark01.cs: 1fef48c763f4be76a973f061699dd041 -> 2d3e2cd961730ab95f139a49a673bace
  custom:framework-win-MediaFoundation: 216162199b28c13a410421893ffa2e32 -> 
  custom:scripting/monoscript/fileName/UI_Manager.cs: 98fe954eecef79af161772dc64f463a1 -> 
  custom:scripting/monoscript/fileName/Benchmark02.cs: 92dcd0c0a469d0c0690d8ca0bfe95e6f -> 5640963252ce70910e726415f869ced6
  custom:scripting/monoscript/fileName/DropdownSample.cs: b4fe7efb027fdd4854f643ad764daa8c -> 0a92251794e5f10400149f96c3c59e5d
  custom:scripting/monoscript/fileName/WarpTextExample.cs: c5431dac938081648a3a3ac553c1029b -> 2663459c266363641981c7d17b698d7f
  custom:CustomObjectIndexerAttribute: 9a22284fe3817be447336de3de66b15e -> 
  custom:container-demuxer-webm: 4f35f7cbe854078d1ac9338744f61a02 -> 
  custom:scripting/monoscript/fileName/MainMenuButton.cs: e28869a6863284e74946ac915bb193f6 -> 
  custom:scripting/monoscript/fileName/ChatController.cs: ff21b89493e3dffcbe018a2cc5a10bae -> 876d5ccae6e345dd5d9450eb0a748f16
  custom:scripting/monoscript/fileName/TextMeshSpawner.cs: c0f20e5855e88374db1098a5acc68df4 -> 76f28e2ddb031571e6ec62b018f65fa8
  custom:scripting/monoscript/fileName/TeleType.cs: c18e16db35615314900dbe198d0144e7 -> 31fa97821c4c70f157ec81d507aa6b62
  custom:scripting/monoscript/fileName/Benchmark04.cs: 86dfb70824307c4cf164687df2489226 -> 32220b148620e52aa81c13a114862bf4
  custom:container-muxer-webm: aa71ff27fc2769a1b78a27578f13a17b -> 
  custom:video-decoder-webm-vp8: 9c59270c3fd7afecdb556c50c9e8de78 -> 
  custom:scripting/monoscript/fileName/TMP_PhoneNumberValidator.cs: b4c1c54136dffeb4e2962027ebaa6b1f -> 7c3049f481e464c6a9a15dee56c3126f
  custom:SearchIndexIgnoredProperties: e643bd26f0fe6173181afceb89e7c659 -> 
  custom:AudioImporter_EditorPlatform: d09bf68614088b80899f8185d706f6e7 -> 
  custom:scripting/monoscript/fileName/EnvMapAnimator.cs: 08e040d459cd881082c0dd5daba5f85c -> 1b4f61c17e4b7283c3ac351aacff9d26
  custom:scripting/monoscript/fileName/ShaderPropAnimator.cs: 88b70bc5bbc15375387323f48f0661cf -> 55ce425812446482e623ff2695c94cb2
  custom:scripting/monoscript/fileName/SimpleScript.cs: dcd92cf7399b0d08e25e4a66ab57e91e -> 454caab0c6c050f29b39d82e1d66d0fa
  custom:scripting/monoscript/fileName/ObjectSpin.cs: b34dd4d17018731600f920d50ca840f7 -> 2b96bb2079dd7fa5108d981627a28e1e
  custom:scripting/monoscript/fileName/CameraController.cs: 8d43c2def3a67efed518259a2232b470 -> 34b6be4e23ce86dc89786916c5983296
  custom:scripting/monoscript/fileName/TMP_TextInfoDebugTool.cs: 7aad42023b6f5112c90650ae13bd6dd8 -> 3f1709cfb2cc628169113a35b5e9be3f
  custom:scripting/monoscript/fileName/TMP_TextSelector_A.cs: 088357b4acdc1e6288d897936d29c8d3 -> 347309a09d56e367b188a6978f75b424
  custom:video-encoder-webm-vp8: eb34c28f22e8b96e1ab97ce403110664 -> 
  custom:audio-decoder-ogg-vorbis: bf7c407c2cedff20999df2af8eb42d56 -> 
  custom:scripting/monoscript/fileName/VertexJitter.cs: 6330f950b41eff6e5970f129864ecd6c -> d27eb5498e48714a66aece98da065133
  custom:scripting/monoscript/fileName/TextConsoleSimulator.cs: f2c8898b26c0cf2b0a1c7d12d99e6769 -> 33fc311abb20b5b0ed8f00e4d86b574e
  custom:scripting/monoscript/fileName/VertexColorCycler.cs: 135fb0ebdaf256193ccc08218c426c64 -> 5f984ca91cf3609293aecc6bc5641572
  custom:scripting/monoscript/fileName/TMP_FrameRateCounter.cs: 8afeb6f0251e063dcfff2bd827f92c62 -> 46f655df8cb483ac5958307137b1585a
  custom:scripting/monoscript/fileName/VertexShakeB.cs: 587e5b2aecc39120c2c9ff69742ce897 -> a6f78c4fcda1a29a1a1c1baefedba9e7
  custom:scripting/monoscript/fileName/TMP_UiFrameRateCounter.cs: 8fa3bcf761bb5076fd90d0361518d59c -> b01021aea19247f14a98ab338907956a
  custom:scripting/monoscript/fileName/TMPro_InstructionOverlay.cs: 194f3617683541355a9c6c8193e87b1c -> b626d2270e6ebd5c4311585c18b58d8d
  custom:scripting/monoscript/fileName/TMP_DigitValidator.cs: 4e5cde653ae28b90ab257e866c94dfce -> ac02af96215ae3951a3cce9e1a8c6085
  custom:audio-encoder-webm-vorbis: bf7c407c2cedff20999df2af8eb42d56 -> 
  custom:scripting/monoscript/fileName/Cube_Controller.cs: acd00592fa72aff7217b78bae7072f77 -> 
  custom:scripting/monoscript/fileName/Benchmark01_UGUI.cs: 52a24b07fcdd062ef495404efdb65870 -> 6148cfe2627b7708298f301788144139
  custom:scripting/precompiled-assembly-types:Assembly-CSharp: 252627b8445d6767445947e474900fe4 -> f39d0e8e1a2bdc72903fb33acfa56b16
  custom:scripting/monoscript/fileName/Benchmark03.cs: 520976d641c2b7cf395e30b045f5a45d -> 17cc87e0529ac71d909a946afb47a274
========================================================================
Received Prepare
Caller must complete domain reload
Begin MonoManager ReloadAssembly
- Loaded All Assemblies, in  0.357 seconds
Native extension for WindowsStandalone target not found
Native extension for Android target not found
Native extension for WebGL target not found
Mono: successfully reloaded assembly
- Finished resetting the current domain, in  0.955 seconds
Domain Reload Profiling: 1312ms
	BeginReloadAssembly (139ms)
		ExecutionOrderSort (0ms)
		DisableScriptedObjects (5ms)
		BackupInstance (0ms)
		ReleaseScriptingObjects (0ms)
		CreateAndSetChildDomain (34ms)
	RebuildCommonClasses (29ms)
	RebuildNativeTypeToScriptingClass (9ms)
	initialDomainReloadingComplete (22ms)
	LoadAllAssembliesAndSetupDomain (158ms)
		LoadAssemblies (219ms)
		RebuildTransferFunctionScriptingTraits (0ms)
		AnalyzeDomain (12ms)
			TypeCache.Refresh (5ms)
				TypeCache.ScanAssembly (0ms)
			ScanForSourceGeneratedMonoScriptInfo (0ms)
			ResolveRequiredComponents (5ms)
	FinalizeReload (955ms)
		ReleaseScriptCaches (0ms)
		RebuildScriptCaches (0ms)
		SetupLoadedEditorAssemblies (549ms)
			LogAssemblyErrors (0ms)
			InitializePlatformSupportModulesInManaged (14ms)
			SetLoadedEditorAssemblies (4ms)
			RefreshPlugins (0ms)
			BeforeProcessingInitializeOnLoad (55ms)
			ProcessInitializeOnLoadAttributes (451ms)
			ProcessInitializeOnLoadMethodAttributes (23ms)
			AfterProcessingInitializeOnLoad (2ms)
			EditorAssembliesLoaded (0ms)
		ExecutionOrderSort2 (0ms)
		AwakeInstancesAfterBackupRestoration (6ms)
Refreshing native plugins compatible for Editor in 6.49 ms, found 6 plugins.
Preloading 0 native plugins for Editor in 0.00 ms.
Unloading 3345 Unused Serialized files (Serialized files now loaded: 0)
Unloading 14 unused Assets / (28.6 KB). Loaded Objects now: 4006.
Memory consumption went from 129.3 MB to 129.3 MB.
Total: 5.476800 ms (FindLiveObjects: 0.667500 ms CreateObjectMapping: 0.331600 ms MarkObjects: 4.423200 ms  DeleteObjects: 0.053000 ms)

Prepare: number of updated asset objects reloaded= 0
AssetImportParameters requested are different than current active one (requested -> active):
  custom:scripting/monoscript/fileName/SkewTextExample.cs: f96859e31fd6dde308d9dc2a2488dcff -> c142d02d70a129e0533975f7c2f96956
  custom:container-demuxer-ogg: 62fdf1f143b41e24485cea50d1cbac27 -> 
  custom:scripting/monoscript/fileName/TMP_TextEventHandler.cs: d0f86a17d6fd3e9995db934eaaf34f18 -> f5cd9d5a43bfefc8f4fec80e6de896a4
  custom:scripting/monoscript/fileName/TextMeshProFloatingText.cs: 5a37842f75734e7729f89af9a8145a1a -> 92608fa4a6315cd0786d82205e77b697
  custom:scripting/monoscript/fileName/VertexZoom.cs: 2da4737d79388c0362c64482e9ee50d2 -> 650ab1e81d40126e3edcf737cce646e4
  custom:video-codec-MediaFoundation-h265: 746d11721c4dcdbdad8f713fa42b33f4 -> 
  custom:scripting/monoscript/fileName/VertexShakeA.cs: 16900906a98712c9660b9823af1f2500 -> 63ec564c588058369499638dd899e05b
  custom:scripting/monoscript/fileName/TMP_ExampleScript_01.cs: 59997facf165601d8c6263ace2a973a5 -> a9d4be556104ff54e7d240529b3e01dc
  custom:video-decoder-ogg-theora: a1e56fd34408186e4bbccfd4996cb3dc -> 
  custom:scripting/monoscript/fileName/TMP_TextEventCheck.cs: 7ee93fce990cec7a5b67b504d0259dce -> 13505d917eab5868c435e0c2986dadfa
  custom:scripting/monoscript/fileName/TMP_TextSelector_B.cs: c0db108de9ffc9b6f619f3d00162b1c2 -> ba2be21a7486d37b1011342977a2e49d
  custom:scripting/monoscript/fileName/Benchmark01.cs: 1fef48c763f4be76a973f061699dd041 -> 2d3e2cd961730ab95f139a49a673bace
  custom:framework-win-MediaFoundation: 216162199b28c13a410421893ffa2e32 -> 
  custom:scripting/monoscript/fileName/UI_Manager.cs: 98fe954eecef79af161772dc64f463a1 -> 
  custom:scripting/monoscript/fileName/Benchmark02.cs: 92dcd0c0a469d0c0690d8ca0bfe95e6f -> 5640963252ce70910e726415f869ced6
  custom:scripting/monoscript/fileName/DropdownSample.cs: b4fe7efb027fdd4854f643ad764daa8c -> 0a92251794e5f10400149f96c3c59e5d
  custom:scripting/monoscript/fileName/WarpTextExample.cs: c5431dac938081648a3a3ac553c1029b -> 2663459c266363641981c7d17b698d7f
  custom:CustomObjectIndexerAttribute: 9a22284fe3817be447336de3de66b15e -> 
  custom:container-demuxer-webm: 4f35f7cbe854078d1ac9338744f61a02 -> 
  custom:scripting/monoscript/fileName/MainMenuButton.cs: e28869a6863284e74946ac915bb193f6 -> 
  custom:scripting/monoscript/fileName/ChatController.cs: ff21b89493e3dffcbe018a2cc5a10bae -> 876d5ccae6e345dd5d9450eb0a748f16
  custom:scripting/monoscript/fileName/TextMeshSpawner.cs: c0f20e5855e88374db1098a5acc68df4 -> 76f28e2ddb031571e6ec62b018f65fa8
  custom:scripting/monoscript/fileName/TeleType.cs: c18e16db35615314900dbe198d0144e7 -> 31fa97821c4c70f157ec81d507aa6b62
  custom:scripting/monoscript/fileName/Benchmark04.cs: 86dfb70824307c4cf164687df2489226 -> 32220b148620e52aa81c13a114862bf4
  custom:container-muxer-webm: aa71ff27fc2769a1b78a27578f13a17b -> 
  custom:video-decoder-webm-vp8: 9c59270c3fd7afecdb556c50c9e8de78 -> 
  custom:scripting/monoscript/fileName/TMP_PhoneNumberValidator.cs: b4c1c54136dffeb4e2962027ebaa6b1f -> 7c3049f481e464c6a9a15dee56c3126f
  custom:SearchIndexIgnoredProperties: e643bd26f0fe6173181afceb89e7c659 -> 
  custom:AudioImporter_EditorPlatform: d09bf68614088b80899f8185d706f6e7 -> 
  custom:scripting/monoscript/fileName/EnvMapAnimator.cs: 08e040d459cd881082c0dd5daba5f85c -> 1b4f61c17e4b7283c3ac351aacff9d26
  custom:scripting/monoscript/fileName/ShaderPropAnimator.cs: 88b70bc5bbc15375387323f48f0661cf -> 55ce425812446482e623ff2695c94cb2
  custom:scripting/monoscript/fileName/SimpleScript.cs: dcd92cf7399b0d08e25e4a66ab57e91e -> 454caab0c6c050f29b39d82e1d66d0fa
  custom:scripting/monoscript/fileName/ObjectSpin.cs: b34dd4d17018731600f920d50ca840f7 -> 2b96bb2079dd7fa5108d981627a28e1e
  custom:scripting/monoscript/fileName/CameraController.cs: 8d43c2def3a67efed518259a2232b470 -> 34b6be4e23ce86dc89786916c5983296
  custom:scripting/monoscript/fileName/TMP_TextInfoDebugTool.cs: 7aad42023b6f5112c90650ae13bd6dd8 -> 3f1709cfb2cc628169113a35b5e9be3f
  custom:scripting/monoscript/fileName/TMP_TextSelector_A.cs: 088357b4acdc1e6288d897936d29c8d3 -> 347309a09d56e367b188a6978f75b424
  custom:video-encoder-webm-vp8: eb34c28f22e8b96e1ab97ce403110664 -> 
  custom:audio-decoder-ogg-vorbis: bf7c407c2cedff20999df2af8eb42d56 -> 
  custom:scripting/monoscript/fileName/VertexJitter.cs: 6330f950b41eff6e5970f129864ecd6c -> d27eb5498e48714a66aece98da065133
  custom:scripting/monoscript/fileName/TextConsoleSimulator.cs: f2c8898b26c0cf2b0a1c7d12d99e6769 -> 33fc311abb20b5b0ed8f00e4d86b574e
  custom:scripting/monoscript/fileName/VertexColorCycler.cs: 135fb0ebdaf256193ccc08218c426c64 -> 5f984ca91cf3609293aecc6bc5641572
  custom:scripting/monoscript/fileName/TMP_FrameRateCounter.cs: 8afeb6f0251e063dcfff2bd827f92c62 -> 46f655df8cb483ac5958307137b1585a
  custom:scripting/monoscript/fileName/VertexShakeB.cs: 587e5b2aecc39120c2c9ff69742ce897 -> a6f78c4fcda1a29a1a1c1baefedba9e7
  custom:scripting/monoscript/fileName/TMP_UiFrameRateCounter.cs: 8fa3bcf761bb5076fd90d0361518d59c -> b01021aea19247f14a98ab338907956a
  custom:scripting/monoscript/fileName/TMPro_InstructionOverlay.cs: 194f3617683541355a9c6c8193e87b1c -> b626d2270e6ebd5c4311585c18b58d8d
  custom:scripting/monoscript/fileName/TMP_DigitValidator.cs: 4e5cde653ae28b90ab257e866c94dfce -> ac02af96215ae3951a3cce9e1a8c6085
  custom:audio-encoder-webm-vorbis: bf7c407c2cedff20999df2af8eb42d56 -> 
  custom:scripting/monoscript/fileName/Cube_Controller.cs: acd00592fa72aff7217b78bae7072f77 -> 
  custom:scripting/monoscript/fileName/Benchmark01_UGUI.cs: 52a24b07fcdd062ef495404efdb65870 -> 6148cfe2627b7708298f301788144139
  custom:scripting/precompiled-assembly-types:Assembly-CSharp: 252627b8445d6767445947e474900fe4 -> f39d0e8e1a2bdc72903fb33acfa56b16
  custom:scripting/monoscript/fileName/Benchmark03.cs: 520976d641c2b7cf395e30b045f5a45d -> 17cc87e0529ac71d909a946afb47a274
========================================================================
Received Prepare
Caller must complete domain reload
Begin MonoManager ReloadAssembly
- Loaded All Assemblies, in  0.359 seconds
Native extension for WindowsStandalone target not found
Native extension for Android target not found
Native extension for WebGL target not found
Mono: successfully reloaded assembly
- Finished resetting the current domain, in  0.974 seconds
Domain Reload Profiling: 1333ms
	BeginReloadAssembly (137ms)
		ExecutionOrderSort (0ms)
		DisableScriptedObjects (4ms)
		BackupInstance (0ms)
		ReleaseScriptingObjects (0ms)
		CreateAndSetChildDomain (33ms)
	RebuildCommonClasses (31ms)
	RebuildNativeTypeToScriptingClass (11ms)
	initialDomainReloadingComplete (22ms)
	LoadAllAssembliesAndSetupDomain (158ms)
		LoadAssemblies (218ms)
		RebuildTransferFunctionScriptingTraits (0ms)
		AnalyzeDomain (12ms)
			TypeCache.Refresh (6ms)
				TypeCache.ScanAssembly (0ms)
			ScanForSourceGeneratedMonoScriptInfo (0ms)
			ResolveRequiredComponents (5ms)
	FinalizeReload (975ms)
		ReleaseScriptCaches (0ms)
		RebuildScriptCaches (0ms)
		SetupLoadedEditorAssemblies (565ms)
			LogAssemblyErrors (0ms)
			InitializePlatformSupportModulesInManaged (18ms)
			SetLoadedEditorAssemblies (4ms)
			RefreshPlugins (0ms)
			BeforeProcessingInitializeOnLoad (61ms)
			ProcessInitializeOnLoadAttributes (457ms)
			ProcessInitializeOnLoadMethodAttributes (24ms)
			AfterProcessingInitializeOnLoad (2ms)
			EditorAssembliesLoaded (0ms)
		ExecutionOrderSort2 (0ms)
		AwakeInstancesAfterBackupRestoration (9ms)
Refreshing native plugins compatible for Editor in 4.47 ms, found 6 plugins.
Preloading 0 native plugins for Editor in 0.00 ms.
Unloading 3345 Unused Serialized files (Serialized files now loaded: 0)
Unloading 14 unused Assets / (28.5 KB). Loaded Objects now: 4009.
Memory consumption went from 129.3 MB to 129.3 MB.
Total: 10.069100 ms (FindLiveObjects: 0.726500 ms CreateObjectMapping: 0.320200 ms MarkObjects: 8.946900 ms  DeleteObjects: 0.073800 ms)

Prepare: number of updated asset objects reloaded= 0
AssetImportParameters requested are different than current active one (requested -> active):
  custom:scripting/monoscript/fileName/SkewTextExample.cs: f96859e31fd6dde308d9dc2a2488dcff -> c142d02d70a129e0533975f7c2f96956
  custom:container-demuxer-ogg: 62fdf1f143b41e24485cea50d1cbac27 -> 
  custom:scripting/monoscript/fileName/TMP_TextEventHandler.cs: d0f86a17d6fd3e9995db934eaaf34f18 -> f5cd9d5a43bfefc8f4fec80e6de896a4
  custom:scripting/monoscript/fileName/TextMeshProFloatingText.cs: 5a37842f75734e7729f89af9a8145a1a -> 92608fa4a6315cd0786d82205e77b697
  custom:scripting/monoscript/fileName/VertexZoom.cs: 2da4737d79388c0362c64482e9ee50d2 -> 650ab1e81d40126e3edcf737cce646e4
  custom:video-codec-MediaFoundation-h265: 746d11721c4dcdbdad8f713fa42b33f4 -> 
  custom:scripting/monoscript/fileName/VertexShakeA.cs: 16900906a98712c9660b9823af1f2500 -> 63ec564c588058369499638dd899e05b
  custom:scripting/monoscript/fileName/TMP_ExampleScript_01.cs: 59997facf165601d8c6263ace2a973a5 -> a9d4be556104ff54e7d240529b3e01dc
  custom:video-decoder-ogg-theora: a1e56fd34408186e4bbccfd4996cb3dc -> 
  custom:scripting/monoscript/fileName/TMP_TextEventCheck.cs: 7ee93fce990cec7a5b67b504d0259dce -> 13505d917eab5868c435e0c2986dadfa
  custom:scripting/monoscript/fileName/TMP_TextSelector_B.cs: c0db108de9ffc9b6f619f3d00162b1c2 -> ba2be21a7486d37b1011342977a2e49d
  custom:scripting/monoscript/fileName/Benchmark01.cs: 1fef48c763f4be76a973f061699dd041 -> 2d3e2cd961730ab95f139a49a673bace
  custom:framework-win-MediaFoundation: 216162199b28c13a410421893ffa2e32 -> 
  custom:scripting/monoscript/fileName/UI_Manager.cs: 98fe954eecef79af161772dc64f463a1 -> 
  custom:scripting/monoscript/fileName/Benchmark02.cs: 92dcd0c0a469d0c0690d8ca0bfe95e6f -> 5640963252ce70910e726415f869ced6
  custom:scripting/monoscript/fileName/DropdownSample.cs: b4fe7efb027fdd4854f643ad764daa8c -> 0a92251794e5f10400149f96c3c59e5d
  custom:scripting/monoscript/fileName/WarpTextExample.cs: c5431dac938081648a3a3ac553c1029b -> 2663459c266363641981c7d17b698d7f
  custom:CustomObjectIndexerAttribute: 9a22284fe3817be447336de3de66b15e -> 
  custom:container-demuxer-webm: 4f35f7cbe854078d1ac9338744f61a02 -> 
  custom:scripting/monoscript/fileName/MainMenuButton.cs: e28869a6863284e74946ac915bb193f6 -> 
  custom:scripting/monoscript/fileName/ChatController.cs: ff21b89493e3dffcbe018a2cc5a10bae -> 876d5ccae6e345dd5d9450eb0a748f16
  custom:scripting/monoscript/fileName/TextMeshSpawner.cs: c0f20e5855e88374db1098a5acc68df4 -> 76f28e2ddb031571e6ec62b018f65fa8
  custom:scripting/monoscript/fileName/TeleType.cs: c18e16db35615314900dbe198d0144e7 -> 31fa97821c4c70f157ec81d507aa6b62
  custom:scripting/monoscript/fileName/Benchmark04.cs: 86dfb70824307c4cf164687df2489226 -> 32220b148620e52aa81c13a114862bf4
  custom:container-muxer-webm: aa71ff27fc2769a1b78a27578f13a17b -> 
  custom:video-decoder-webm-vp8: 9c59270c3fd7afecdb556c50c9e8de78 -> 
  custom:scripting/monoscript/fileName/TMP_PhoneNumberValidator.cs: b4c1c54136dffeb4e2962027ebaa6b1f -> 7c3049f481e464c6a9a15dee56c3126f
  custom:SearchIndexIgnoredProperties: e643bd26f0fe6173181afceb89e7c659 -> 
  custom:AudioImporter_EditorPlatform: d09bf68614088b80899f8185d706f6e7 -> 
  custom:scripting/monoscript/fileName/EnvMapAnimator.cs: 08e040d459cd881082c0dd5daba5f85c -> 1b4f61c17e4b7283c3ac351aacff9d26
  custom:scripting/monoscript/fileName/ShaderPropAnimator.cs: 88b70bc5bbc15375387323f48f0661cf -> 55ce425812446482e623ff2695c94cb2
  custom:scripting/monoscript/fileName/SimpleScript.cs: dcd92cf7399b0d08e25e4a66ab57e91e -> 454caab0c6c050f29b39d82e1d66d0fa
  custom:scripting/monoscript/fileName/ObjectSpin.cs: b34dd4d17018731600f920d50ca840f7 -> 2b96bb2079dd7fa5108d981627a28e1e
  custom:scripting/monoscript/fileName/CameraController.cs: 8d43c2def3a67efed518259a2232b470 -> 34b6be4e23ce86dc89786916c5983296
  custom:scripting/monoscript/fileName/TMP_TextInfoDebugTool.cs: 7aad42023b6f5112c90650ae13bd6dd8 -> 3f1709cfb2cc628169113a35b5e9be3f
  custom:scripting/monoscript/fileName/TMP_TextSelector_A.cs: 088357b4acdc1e6288d897936d29c8d3 -> 347309a09d56e367b188a6978f75b424
  custom:video-encoder-webm-vp8: eb34c28f22e8b96e1ab97ce403110664 -> 
  custom:audio-decoder-ogg-vorbis: bf7c407c2cedff20999df2af8eb42d56 -> 
  custom:scripting/monoscript/fileName/VertexJitter.cs: 6330f950b41eff6e5970f129864ecd6c -> d27eb5498e48714a66aece98da065133
  custom:scripting/monoscript/fileName/TextConsoleSimulator.cs: f2c8898b26c0cf2b0a1c7d12d99e6769 -> 33fc311abb20b5b0ed8f00e4d86b574e
  custom:scripting/monoscript/fileName/VertexColorCycler.cs: 135fb0ebdaf256193ccc08218c426c64 -> 5f984ca91cf3609293aecc6bc5641572
  custom:scripting/monoscript/fileName/TMP_FrameRateCounter.cs: 8afeb6f0251e063dcfff2bd827f92c62 -> 46f655df8cb483ac5958307137b1585a
  custom:scripting/monoscript/fileName/VertexShakeB.cs: 587e5b2aecc39120c2c9ff69742ce897 -> a6f78c4fcda1a29a1a1c1baefedba9e7
  custom:scripting/monoscript/fileName/TMP_UiFrameRateCounter.cs: 8fa3bcf761bb5076fd90d0361518d59c -> b01021aea19247f14a98ab338907956a
  custom:scripting/monoscript/fileName/TMPro_InstructionOverlay.cs: 194f3617683541355a9c6c8193e87b1c -> b626d2270e6ebd5c4311585c18b58d8d
  custom:scripting/monoscript/fileName/TMP_DigitValidator.cs: 4e5cde653ae28b90ab257e866c94dfce -> ac02af96215ae3951a3cce9e1a8c6085
  custom:audio-encoder-webm-vorbis: bf7c407c2cedff20999df2af8eb42d56 -> 
  custom:scripting/monoscript/fileName/Cube_Controller.cs: acd00592fa72aff7217b78bae7072f77 -> 
  custom:scripting/monoscript/fileName/Benchmark01_UGUI.cs: 52a24b07fcdd062ef495404efdb65870 -> 6148cfe2627b7708298f301788144139
  custom:scripting/precompiled-assembly-types:Assembly-CSharp: 252627b8445d6767445947e474900fe4 -> f39d0e8e1a2bdc72903fb33acfa56b16
  custom:scripting/monoscript/fileName/Benchmark03.cs: 520976d641c2b7cf395e30b045f5a45d -> 17cc87e0529ac71d909a946afb47a274
========================================================================
Received Prepare
Caller must complete domain reload
Begin MonoManager ReloadAssembly
- Loaded All Assemblies, in  0.678 seconds
Native extension for WindowsStandalone target not found
Native extension for Android target not found
Native extension for WebGL target not found
Mono: successfully reloaded assembly
- Finished resetting the current domain, in  1.749 seconds
Domain Reload Profiling: 2427ms
	BeginReloadAssembly (225ms)
		ExecutionOrderSort (0ms)
		DisableScriptedObjects (9ms)
		BackupInstance (0ms)
		ReleaseScriptingObjects (0ms)
		CreateAndSetChildDomain (50ms)
	RebuildCommonClasses (64ms)
	RebuildNativeTypeToScriptingClass (24ms)
	initialDomainReloadingComplete (45ms)
	LoadAllAssembliesAndSetupDomain (319ms)
		LoadAssemblies (393ms)
		RebuildTransferFunctionScriptingTraits (0ms)
		AnalyzeDomain (45ms)
			TypeCache.Refresh (15ms)
				TypeCache.ScanAssembly (1ms)
			ScanForSourceGeneratedMonoScriptInfo (14ms)
			ResolveRequiredComponents (12ms)
	FinalizeReload (1750ms)
		ReleaseScriptCaches (0ms)
		RebuildScriptCaches (0ms)
		SetupLoadedEditorAssemblies (952ms)
			LogAssemblyErrors (0ms)
			InitializePlatformSupportModulesInManaged (23ms)
			SetLoadedEditorAssemblies (8ms)
			RefreshPlugins (0ms)
			BeforeProcessingInitializeOnLoad (100ms)
			ProcessInitializeOnLoadAttributes (780ms)
			ProcessInitializeOnLoadMethodAttributes (35ms)
			AfterProcessingInitializeOnLoad (5ms)
			EditorAssembliesLoaded (0ms)
		ExecutionOrderSort2 (0ms)
		AwakeInstancesAfterBackupRestoration (13ms)
Refreshing native plugins compatible for Editor in 6.35 ms, found 6 plugins.
Preloading 0 native plugins for Editor in 0.00 ms.
Unloading 3345 Unused Serialized files (Serialized files now loaded: 0)
Unloading 14 unused Assets / (28.5 KB). Loaded Objects now: 4012.
Memory consumption went from 129.3 MB to 129.3 MB.
Total: 6.639700 ms (FindLiveObjects: 0.745700 ms CreateObjectMapping: 0.260900 ms MarkObjects: 5.560200 ms  DeleteObjects: 0.070900 ms)

Prepare: number of updated asset objects reloaded= 0
AssetImportParameters requested are different than current active one (requested -> active):
  custom:scripting/monoscript/fileName/SkewTextExample.cs: f96859e31fd6dde308d9dc2a2488dcff -> c142d02d70a129e0533975f7c2f96956
  custom:container-demuxer-ogg: 62fdf1f143b41e24485cea50d1cbac27 -> 
  custom:scripting/monoscript/fileName/TMP_TextEventHandler.cs: d0f86a17d6fd3e9995db934eaaf34f18 -> f5cd9d5a43bfefc8f4fec80e6de896a4
  custom:scripting/monoscript/fileName/TextMeshProFloatingText.cs: 5a37842f75734e7729f89af9a8145a1a -> 92608fa4a6315cd0786d82205e77b697
  custom:scripting/monoscript/fileName/VertexZoom.cs: 2da4737d79388c0362c64482e9ee50d2 -> 650ab1e81d40126e3edcf737cce646e4
  custom:video-codec-MediaFoundation-h265: 746d11721c4dcdbdad8f713fa42b33f4 -> 
  custom:scripting/monoscript/fileName/VertexShakeA.cs: 16900906a98712c9660b9823af1f2500 -> 63ec564c588058369499638dd899e05b
  custom:scripting/monoscript/fileName/TMP_ExampleScript_01.cs: 59997facf165601d8c6263ace2a973a5 -> a9d4be556104ff54e7d240529b3e01dc
  custom:video-decoder-ogg-theora: a1e56fd34408186e4bbccfd4996cb3dc -> 
  custom:scripting/monoscript/fileName/TMP_TextEventCheck.cs: 7ee93fce990cec7a5b67b504d0259dce -> 13505d917eab5868c435e0c2986dadfa
  custom:scripting/monoscript/fileName/TMP_TextSelector_B.cs: c0db108de9ffc9b6f619f3d00162b1c2 -> ba2be21a7486d37b1011342977a2e49d
  custom:scripting/monoscript/fileName/Benchmark01.cs: 1fef48c763f4be76a973f061699dd041 -> 2d3e2cd961730ab95f139a49a673bace
  custom:framework-win-MediaFoundation: 216162199b28c13a410421893ffa2e32 -> 
  custom:scripting/monoscript/fileName/UI_Manager.cs: 98fe954eecef79af161772dc64f463a1 -> 
  custom:scripting/monoscript/fileName/Benchmark02.cs: 92dcd0c0a469d0c0690d8ca0bfe95e6f -> 5640963252ce70910e726415f869ced6
  custom:scripting/monoscript/fileName/DropdownSample.cs: b4fe7efb027fdd4854f643ad764daa8c -> 0a92251794e5f10400149f96c3c59e5d
  custom:scripting/monoscript/fileName/WarpTextExample.cs: c5431dac938081648a3a3ac553c1029b -> 2663459c266363641981c7d17b698d7f
  custom:CustomObjectIndexerAttribute: 9a22284fe3817be447336de3de66b15e -> 
  custom:container-demuxer-webm: 4f35f7cbe854078d1ac9338744f61a02 -> 
  custom:scripting/monoscript/fileName/MainMenuButton.cs: e28869a6863284e74946ac915bb193f6 -> 
  custom:scripting/monoscript/fileName/ChatController.cs: ff21b89493e3dffcbe018a2cc5a10bae -> 876d5ccae6e345dd5d9450eb0a748f16
  custom:scripting/monoscript/fileName/TextMeshSpawner.cs: c0f20e5855e88374db1098a5acc68df4 -> 76f28e2ddb031571e6ec62b018f65fa8
  custom:scripting/monoscript/fileName/TeleType.cs: c18e16db35615314900dbe198d0144e7 -> 31fa97821c4c70f157ec81d507aa6b62
  custom:scripting/monoscript/fileName/Benchmark04.cs: 86dfb70824307c4cf164687df2489226 -> 32220b148620e52aa81c13a114862bf4
  custom:container-muxer-webm: aa71ff27fc2769a1b78a27578f13a17b -> 
  custom:video-decoder-webm-vp8: 9c59270c3fd7afecdb556c50c9e8de78 -> 
  custom:scripting/monoscript/fileName/TMP_PhoneNumberValidator.cs: b4c1c54136dffeb4e2962027ebaa6b1f -> 7c3049f481e464c6a9a15dee56c3126f
  custom:SearchIndexIgnoredProperties: e643bd26f0fe6173181afceb89e7c659 -> 
  custom:AudioImporter_EditorPlatform: d09bf68614088b80899f8185d706f6e7 -> 
  custom:scripting/monoscript/fileName/EnvMapAnimator.cs: 08e040d459cd881082c0dd5daba5f85c -> 1b4f61c17e4b7283c3ac351aacff9d26
  custom:scripting/monoscript/fileName/ShaderPropAnimator.cs: 88b70bc5bbc15375387323f48f0661cf -> 55ce425812446482e623ff2695c94cb2
  custom:scripting/monoscript/fileName/SimpleScript.cs: dcd92cf7399b0d08e25e4a66ab57e91e -> 454caab0c6c050f29b39d82e1d66d0fa
  custom:scripting/monoscript/fileName/ObjectSpin.cs: b34dd4d17018731600f920d50ca840f7 -> 2b96bb2079dd7fa5108d981627a28e1e
  custom:scripting/monoscript/fileName/CameraController.cs: 8d43c2def3a67efed518259a2232b470 -> 34b6be4e23ce86dc89786916c5983296
  custom:scripting/monoscript/fileName/TMP_TextInfoDebugTool.cs: 7aad42023b6f5112c90650ae13bd6dd8 -> 3f1709cfb2cc628169113a35b5e9be3f
  custom:scripting/monoscript/fileName/TMP_TextSelector_A.cs: 088357b4acdc1e6288d897936d29c8d3 -> 347309a09d56e367b188a6978f75b424
  custom:video-encoder-webm-vp8: eb34c28f22e8b96e1ab97ce403110664 -> 
  custom:audio-decoder-ogg-vorbis: bf7c407c2cedff20999df2af8eb42d56 -> 
  custom:scripting/monoscript/fileName/VertexJitter.cs: 6330f950b41eff6e5970f129864ecd6c -> d27eb5498e48714a66aece98da065133
  custom:scripting/monoscript/fileName/TextConsoleSimulator.cs: f2c8898b26c0cf2b0a1c7d12d99e6769 -> 33fc311abb20b5b0ed8f00e4d86b574e
  custom:scripting/monoscript/fileName/VertexColorCycler.cs: 135fb0ebdaf256193ccc08218c426c64 -> 5f984ca91cf3609293aecc6bc5641572
  custom:scripting/monoscript/fileName/TMP_FrameRateCounter.cs: 8afeb6f0251e063dcfff2bd827f92c62 -> 46f655df8cb483ac5958307137b1585a
  custom:scripting/monoscript/fileName/VertexShakeB.cs: 587e5b2aecc39120c2c9ff69742ce897 -> a6f78c4fcda1a29a1a1c1baefedba9e7
  custom:scripting/monoscript/fileName/TMP_UiFrameRateCounter.cs: 8fa3bcf761bb5076fd90d0361518d59c -> b01021aea19247f14a98ab338907956a
  custom:scripting/monoscript/fileName/TMPro_InstructionOverlay.cs: 194f3617683541355a9c6c8193e87b1c -> b626d2270e6ebd5c4311585c18b58d8d
  custom:scripting/monoscript/fileName/TMP_DigitValidator.cs: 4e5cde653ae28b90ab257e866c94dfce -> ac02af96215ae3951a3cce9e1a8c6085
  custom:audio-encoder-webm-vorbis: bf7c407c2cedff20999df2af8eb42d56 -> 
  custom:scripting/monoscript/fileName/Cube_Controller.cs: acd00592fa72aff7217b78bae7072f77 -> 
  custom:scripting/monoscript/fileName/Benchmark01_UGUI.cs: 52a24b07fcdd062ef495404efdb65870 -> 6148cfe2627b7708298f301788144139
  custom:scripting/precompiled-assembly-types:Assembly-CSharp: 252627b8445d6767445947e474900fe4 -> f39d0e8e1a2bdc72903fb33acfa56b16
  custom:scripting/monoscript/fileName/Benchmark03.cs: 520976d641c2b7cf395e30b045f5a45d -> 17cc87e0529ac71d909a946afb47a274
========================================================================
Received Prepare
Caller must complete domain reload
Begin MonoManager ReloadAssembly
- Loaded All Assemblies, in  0.601 seconds
Native extension for WindowsStandalone target not found
Native extension for Android target not found
Native extension for WebGL target not found
Mono: successfully reloaded assembly
- Finished resetting the current domain, in  1.687 seconds
Domain Reload Profiling: 2288ms
	BeginReloadAssembly (218ms)
		ExecutionOrderSort (0ms)
		DisableScriptedObjects (10ms)
		BackupInstance (0ms)
		ReleaseScriptingObjects (0ms)
		CreateAndSetChildDomain (50ms)
	RebuildCommonClasses (53ms)
	RebuildNativeTypeToScriptingClass (16ms)
	initialDomainReloadingComplete (37ms)
	LoadAllAssembliesAndSetupDomain (277ms)
		LoadAssemblies (358ms)
		RebuildTransferFunctionScriptingTraits (0ms)
		AnalyzeDomain (35ms)
			TypeCache.Refresh (13ms)
				TypeCache.ScanAssembly (2ms)
			ScanForSourceGeneratedMonoScriptInfo (10ms)
			ResolveRequiredComponents (8ms)
	FinalizeReload (1688ms)
		ReleaseScriptCaches (0ms)
		RebuildScriptCaches (0ms)
		SetupLoadedEditorAssemblies (950ms)
			LogAssemblyErrors (0ms)
			InitializePlatformSupportModulesInManaged (27ms)
			SetLoadedEditorAssemblies (8ms)
			RefreshPlugins (0ms)
			BeforeProcessingInitializeOnLoad (97ms)
			ProcessInitializeOnLoadAttributes (778ms)
			ProcessInitializeOnLoadMethodAttributes (38ms)
			AfterProcessingInitializeOnLoad (2ms)
			EditorAssembliesLoaded (0ms)
		ExecutionOrderSort2 (0ms)
		AwakeInstancesAfterBackupRestoration (6ms)
Refreshing native plugins compatible for Editor in 4.59 ms, found 6 plugins.
Preloading 0 native plugins for Editor in 0.00 ms.
Unloading 3345 Unused Serialized files (Serialized files now loaded: 0)
Unloading 14 unused Assets / (28.6 KB). Loaded Objects now: 4015.
Memory consumption went from 129.3 MB to 129.3 MB.
Total: 5.443700 ms (FindLiveObjects: 0.536600 ms CreateObjectMapping: 0.161600 ms MarkObjects: 4.677500 ms  DeleteObjects: 0.065700 ms)

Prepare: number of updated asset objects reloaded= 0
AssetImportParameters requested are different than current active one (requested -> active):
  custom:scripting/monoscript/fileName/SkewTextExample.cs: f96859e31fd6dde308d9dc2a2488dcff -> c142d02d70a129e0533975f7c2f96956
  custom:container-demuxer-ogg: 62fdf1f143b41e24485cea50d1cbac27 -> 
  custom:scripting/monoscript/fileName/TMP_TextEventHandler.cs: d0f86a17d6fd3e9995db934eaaf34f18 -> f5cd9d5a43bfefc8f4fec80e6de896a4
  custom:scripting/monoscript/fileName/TextMeshProFloatingText.cs: 5a37842f75734e7729f89af9a8145a1a -> 92608fa4a6315cd0786d82205e77b697
  custom:scripting/monoscript/fileName/VertexZoom.cs: 2da4737d79388c0362c64482e9ee50d2 -> 650ab1e81d40126e3edcf737cce646e4
  custom:video-codec-MediaFoundation-h265: 746d11721c4dcdbdad8f713fa42b33f4 -> 
  custom:scripting/monoscript/fileName/VertexShakeA.cs: 16900906a98712c9660b9823af1f2500 -> 63ec564c588058369499638dd899e05b
  custom:scripting/monoscript/fileName/TMP_ExampleScript_01.cs: 59997facf165601d8c6263ace2a973a5 -> a9d4be556104ff54e7d240529b3e01dc
  custom:video-decoder-ogg-theora: a1e56fd34408186e4bbccfd4996cb3dc -> 
  custom:scripting/monoscript/fileName/TMP_TextEventCheck.cs: 7ee93fce990cec7a5b67b504d0259dce -> 13505d917eab5868c435e0c2986dadfa
  custom:scripting/monoscript/fileName/TMP_TextSelector_B.cs: c0db108de9ffc9b6f619f3d00162b1c2 -> ba2be21a7486d37b1011342977a2e49d
  custom:scripting/monoscript/fileName/Benchmark01.cs: 1fef48c763f4be76a973f061699dd041 -> 2d3e2cd961730ab95f139a49a673bace
  custom:framework-win-MediaFoundation: 216162199b28c13a410421893ffa2e32 -> 
  custom:scripting/monoscript/fileName/UI_Manager.cs: 98fe954eecef79af161772dc64f463a1 -> 
  custom:scripting/monoscript/fileName/Benchmark02.cs: 92dcd0c0a469d0c0690d8ca0bfe95e6f -> 5640963252ce70910e726415f869ced6
  custom:scripting/monoscript/fileName/DropdownSample.cs: b4fe7efb027fdd4854f643ad764daa8c -> 0a92251794e5f10400149f96c3c59e5d
  custom:scripting/monoscript/fileName/WarpTextExample.cs: c5431dac938081648a3a3ac553c1029b -> 2663459c266363641981c7d17b698d7f
  custom:CustomObjectIndexerAttribute: 9a22284fe3817be447336de3de66b15e -> 
  custom:container-demuxer-webm: 4f35f7cbe854078d1ac9338744f61a02 -> 
  custom:scripting/monoscript/fileName/MainMenuButton.cs: e28869a6863284e74946ac915bb193f6 -> 
  custom:scripting/monoscript/fileName/ChatController.cs: ff21b89493e3dffcbe018a2cc5a10bae -> 876d5ccae6e345dd5d9450eb0a748f16
  custom:scripting/monoscript/fileName/TextMeshSpawner.cs: c0f20e5855e88374db1098a5acc68df4 -> 76f28e2ddb031571e6ec62b018f65fa8
  custom:scripting/monoscript/fileName/TeleType.cs: c18e16db35615314900dbe198d0144e7 -> 31fa97821c4c70f157ec81d507aa6b62
  custom:scripting/monoscript/fileName/Benchmark04.cs: 86dfb70824307c4cf164687df2489226 -> 32220b148620e52aa81c13a114862bf4
  custom:container-muxer-webm: aa71ff27fc2769a1b78a27578f13a17b -> 
  custom:video-decoder-webm-vp8: 9c59270c3fd7afecdb556c50c9e8de78 -> 
  custom:scripting/monoscript/fileName/TMP_PhoneNumberValidator.cs: b4c1c54136dffeb4e2962027ebaa6b1f -> 7c3049f481e464c6a9a15dee56c3126f
  custom:SearchIndexIgnoredProperties: e643bd26f0fe6173181afceb89e7c659 -> 
  custom:AudioImporter_EditorPlatform: d09bf68614088b80899f8185d706f6e7 -> 
  custom:scripting/monoscript/fileName/EnvMapAnimator.cs: 08e040d459cd881082c0dd5daba5f85c -> 1b4f61c17e4b7283c3ac351aacff9d26
  custom:scripting/monoscript/fileName/ShaderPropAnimator.cs: 88b70bc5bbc15375387323f48f0661cf -> 55ce425812446482e623ff2695c94cb2
  custom:scripting/monoscript/fileName/SimpleScript.cs: dcd92cf7399b0d08e25e4a66ab57e91e -> 454caab0c6c050f29b39d82e1d66d0fa
  custom:scripting/monoscript/fileName/ObjectSpin.cs: b34dd4d17018731600f920d50ca840f7 -> 2b96bb2079dd7fa5108d981627a28e1e
  custom:scripting/monoscript/fileName/CameraController.cs: 8d43c2def3a67efed518259a2232b470 -> 34b6be4e23ce86dc89786916c5983296
  custom:scripting/monoscript/fileName/TMP_TextInfoDebugTool.cs: 7aad42023b6f5112c90650ae13bd6dd8 -> 3f1709cfb2cc628169113a35b5e9be3f
  custom:scripting/monoscript/fileName/TMP_TextSelector_A.cs: 088357b4acdc1e6288d897936d29c8d3 -> 347309a09d56e367b188a6978f75b424
  custom:video-encoder-webm-vp8: eb34c28f22e8b96e1ab97ce403110664 -> 
  custom:audio-decoder-ogg-vorbis: bf7c407c2cedff20999df2af8eb42d56 -> 
  custom:scripting/monoscript/fileName/VertexJitter.cs: 6330f950b41eff6e5970f129864ecd6c -> d27eb5498e48714a66aece98da065133
  custom:scripting/monoscript/fileName/TextConsoleSimulator.cs: f2c8898b26c0cf2b0a1c7d12d99e6769 -> 33fc311abb20b5b0ed8f00e4d86b574e
  custom:scripting/monoscript/fileName/VertexColorCycler.cs: 135fb0ebdaf256193ccc08218c426c64 -> 5f984ca91cf3609293aecc6bc5641572
  custom:scripting/monoscript/fileName/TMP_FrameRateCounter.cs: 8afeb6f0251e063dcfff2bd827f92c62 -> 46f655df8cb483ac5958307137b1585a
  custom:scripting/monoscript/fileName/VertexShakeB.cs: 587e5b2aecc39120c2c9ff69742ce897 -> a6f78c4fcda1a29a1a1c1baefedba9e7
  custom:scripting/monoscript/fileName/TMP_UiFrameRateCounter.cs: 8fa3bcf761bb5076fd90d0361518d59c -> b01021aea19247f14a98ab338907956a
  custom:scripting/monoscript/fileName/TMPro_InstructionOverlay.cs: 194f3617683541355a9c6c8193e87b1c -> b626d2270e6ebd5c4311585c18b58d8d
  custom:scripting/monoscript/fileName/TMP_DigitValidator.cs: 4e5cde653ae28b90ab257e866c94dfce -> ac02af96215ae3951a3cce9e1a8c6085
  custom:audio-encoder-webm-vorbis: bf7c407c2cedff20999df2af8eb42d56 -> 
  custom:scripting/monoscript/fileName/Cube_Controller.cs: acd00592fa72aff7217b78bae7072f77 -> 
  custom:scripting/monoscript/fileName/Benchmark01_UGUI.cs: 52a24b07fcdd062ef495404efdb65870 -> 6148cfe2627b7708298f301788144139
  custom:scripting/precompiled-assembly-types:Assembly-CSharp: 252627b8445d6767445947e474900fe4 -> f39d0e8e1a2bdc72903fb33acfa56b16
  custom:scripting/monoscript/fileName/Benchmark03.cs: 520976d641c2b7cf395e30b045f5a45d -> 17cc87e0529ac71d909a946afb47a274
========================================================================
Received Prepare
Caller must complete domain reload
Begin MonoManager ReloadAssembly
- Loaded All Assemblies, in  0.357 seconds
Native extension for WindowsStandalone target not found
Native extension for Android target not found
Native extension for WebGL target not found
Mono: successfully reloaded assembly
- Finished resetting the current domain, in  0.988 seconds
Domain Reload Profiling: 1345ms
	BeginReloadAssembly (142ms)
		ExecutionOrderSort (0ms)
		DisableScriptedObjects (5ms)
		BackupInstance (0ms)
		ReleaseScriptingObjects (0ms)
		CreateAndSetChildDomain (35ms)
	RebuildCommonClasses (33ms)
	RebuildNativeTypeToScriptingClass (9ms)
	initialDomainReloadingComplete (22ms)
	LoadAllAssembliesAndSetupDomain (151ms)
		LoadAssemblies (216ms)
		RebuildTransferFunctionScriptingTraits (0ms)
		AnalyzeDomain (11ms)
			TypeCache.Refresh (5ms)
				TypeCache.ScanAssembly (0ms)
			ScanForSourceGeneratedMonoScriptInfo (0ms)
			ResolveRequiredComponents (5ms)
	FinalizeReload (988ms)
		ReleaseScriptCaches (0ms)
		RebuildScriptCaches (0ms)
		SetupLoadedEditorAssemblies (582ms)
			LogAssemblyErrors (0ms)
			InitializePlatformSupportModulesInManaged (22ms)
			SetLoadedEditorAssemblies (5ms)
			RefreshPlugins (0ms)
			BeforeProcessingInitializeOnLoad (65ms)
			ProcessInitializeOnLoadAttributes (466ms)
			ProcessInitializeOnLoadMethodAttributes (21ms)
			AfterProcessingInitializeOnLoad (3ms)
			EditorAssembliesLoaded (0ms)
		ExecutionOrderSort2 (0ms)
		AwakeInstancesAfterBackupRestoration (7ms)
Refreshing native plugins compatible for Editor in 7.00 ms, found 6 plugins.
Preloading 0 native plugins for Editor in 0.00 ms.
Unloading 3345 Unused Serialized files (Serialized files now loaded: 0)
Unloading 14 unused Assets / (28.5 KB). Loaded Objects now: 4018.
Memory consumption went from 129.3 MB to 129.3 MB.
Total: 6.126400 ms (FindLiveObjects: 0.536500 ms CreateObjectMapping: 0.159000 ms MarkObjects: 5.357300 ms  DeleteObjects: 0.071900 ms)

Prepare: number of updated asset objects reloaded= 0
AssetImportParameters requested are different than current active one (requested -> active):
  custom:scripting/monoscript/fileName/SkewTextExample.cs: f96859e31fd6dde308d9dc2a2488dcff -> c142d02d70a129e0533975f7c2f96956
  custom:container-demuxer-ogg: 62fdf1f143b41e24485cea50d1cbac27 -> 
  custom:scripting/monoscript/fileName/TMP_TextEventHandler.cs: d0f86a17d6fd3e9995db934eaaf34f18 -> f5cd9d5a43bfefc8f4fec80e6de896a4
  custom:scripting/monoscript/fileName/TextMeshProFloatingText.cs: 5a37842f75734e7729f89af9a8145a1a -> 92608fa4a6315cd0786d82205e77b697
  custom:scripting/monoscript/fileName/VertexZoom.cs: 2da4737d79388c0362c64482e9ee50d2 -> 650ab1e81d40126e3edcf737cce646e4
  custom:video-codec-MediaFoundation-h265: 746d11721c4dcdbdad8f713fa42b33f4 -> 
  custom:scripting/monoscript/fileName/VertexShakeA.cs: 16900906a98712c9660b9823af1f2500 -> 63ec564c588058369499638dd899e05b
  custom:scripting/monoscript/fileName/TMP_ExampleScript_01.cs: 59997facf165601d8c6263ace2a973a5 -> a9d4be556104ff54e7d240529b3e01dc
  custom:video-decoder-ogg-theora: a1e56fd34408186e4bbccfd4996cb3dc -> 
  custom:scripting/monoscript/fileName/TMP_TextEventCheck.cs: 7ee93fce990cec7a5b67b504d0259dce -> 13505d917eab5868c435e0c2986dadfa
  custom:scripting/monoscript/fileName/TMP_TextSelector_B.cs: c0db108de9ffc9b6f619f3d00162b1c2 -> ba2be21a7486d37b1011342977a2e49d
  custom:scripting/monoscript/fileName/Benchmark01.cs: 1fef48c763f4be76a973f061699dd041 -> 2d3e2cd961730ab95f139a49a673bace
  custom:framework-win-MediaFoundation: 216162199b28c13a410421893ffa2e32 -> 
  custom:scripting/monoscript/fileName/UI_Manager.cs: 98fe954eecef79af161772dc64f463a1 -> 
  custom:scripting/monoscript/fileName/Benchmark02.cs: 92dcd0c0a469d0c0690d8ca0bfe95e6f -> 5640963252ce70910e726415f869ced6
  custom:scripting/monoscript/fileName/DropdownSample.cs: b4fe7efb027fdd4854f643ad764daa8c -> 0a92251794e5f10400149f96c3c59e5d
  custom:scripting/monoscript/fileName/WarpTextExample.cs: c5431dac938081648a3a3ac553c1029b -> 2663459c266363641981c7d17b698d7f
  custom:CustomObjectIndexerAttribute: 9a22284fe3817be447336de3de66b15e -> 
  custom:container-demuxer-webm: 4f35f7cbe854078d1ac9338744f61a02 -> 
  custom:scripting/monoscript/fileName/MainMenuButton.cs: e28869a6863284e74946ac915bb193f6 -> 
  custom:scripting/monoscript/fileName/ChatController.cs: ff21b89493e3dffcbe018a2cc5a10bae -> 876d5ccae6e345dd5d9450eb0a748f16
  custom:scripting/monoscript/fileName/TextMeshSpawner.cs: c0f20e5855e88374db1098a5acc68df4 -> 76f28e2ddb031571e6ec62b018f65fa8
  custom:scripting/monoscript/fileName/TeleType.cs: c18e16db35615314900dbe198d0144e7 -> 31fa97821c4c70f157ec81d507aa6b62
  custom:scripting/monoscript/fileName/Benchmark04.cs: 86dfb70824307c4cf164687df2489226 -> 32220b148620e52aa81c13a114862bf4
  custom:container-muxer-webm: aa71ff27fc2769a1b78a27578f13a17b -> 
  custom:video-decoder-webm-vp8: 9c59270c3fd7afecdb556c50c9e8de78 -> 
  custom:scripting/monoscript/fileName/TMP_PhoneNumberValidator.cs: b4c1c54136dffeb4e2962027ebaa6b1f -> 7c3049f481e464c6a9a15dee56c3126f
  custom:SearchIndexIgnoredProperties: e643bd26f0fe6173181afceb89e7c659 -> 
  custom:AudioImporter_EditorPlatform: d09bf68614088b80899f8185d706f6e7 -> 
  custom:scripting/monoscript/fileName/EnvMapAnimator.cs: 08e040d459cd881082c0dd5daba5f85c -> 1b4f61c17e4b7283c3ac351aacff9d26
  custom:scripting/monoscript/fileName/ShaderPropAnimator.cs: 88b70bc5bbc15375387323f48f0661cf -> 55ce425812446482e623ff2695c94cb2
  custom:scripting/monoscript/fileName/SimpleScript.cs: dcd92cf7399b0d08e25e4a66ab57e91e -> 454caab0c6c050f29b39d82e1d66d0fa
  custom:scripting/monoscript/fileName/ObjectSpin.cs: b34dd4d17018731600f920d50ca840f7 -> 2b96bb2079dd7fa5108d981627a28e1e
  custom:scripting/monoscript/fileName/CameraController.cs: 8d43c2def3a67efed518259a2232b470 -> 34b6be4e23ce86dc89786916c5983296
  custom:scripting/monoscript/fileName/TMP_TextInfoDebugTool.cs: 7aad42023b6f5112c90650ae13bd6dd8 -> 3f1709cfb2cc628169113a35b5e9be3f
  custom:scripting/monoscript/fileName/TMP_TextSelector_A.cs: 088357b4acdc1e6288d897936d29c8d3 -> 347309a09d56e367b188a6978f75b424
  custom:video-encoder-webm-vp8: eb34c28f22e8b96e1ab97ce403110664 -> 
  custom:audio-decoder-ogg-vorbis: bf7c407c2cedff20999df2af8eb42d56 -> 
  custom:scripting/monoscript/fileName/VertexJitter.cs: 6330f950b41eff6e5970f129864ecd6c -> d27eb5498e48714a66aece98da065133
  custom:scripting/monoscript/fileName/TextConsoleSimulator.cs: f2c8898b26c0cf2b0a1c7d12d99e6769 -> 33fc311abb20b5b0ed8f00e4d86b574e
  custom:scripting/monoscript/fileName/VertexColorCycler.cs: 135fb0ebdaf256193ccc08218c426c64 -> 5f984ca91cf3609293aecc6bc5641572
  custom:scripting/monoscript/fileName/TMP_FrameRateCounter.cs: 8afeb6f0251e063dcfff2bd827f92c62 -> 46f655df8cb483ac5958307137b1585a
  custom:scripting/monoscript/fileName/VertexShakeB.cs: 587e5b2aecc39120c2c9ff69742ce897 -> a6f78c4fcda1a29a1a1c1baefedba9e7
  custom:scripting/monoscript/fileName/TMP_UiFrameRateCounter.cs: 8fa3bcf761bb5076fd90d0361518d59c -> b01021aea19247f14a98ab338907956a
  custom:scripting/monoscript/fileName/TMPro_InstructionOverlay.cs: 194f3617683541355a9c6c8193e87b1c -> b626d2270e6ebd5c4311585c18b58d8d
  custom:scripting/monoscript/fileName/TMP_DigitValidator.cs: 4e5cde653ae28b90ab257e866c94dfce -> ac02af96215ae3951a3cce9e1a8c6085
  custom:audio-encoder-webm-vorbis: bf7c407c2cedff20999df2af8eb42d56 -> 
  custom:scripting/monoscript/fileName/Cube_Controller.cs: acd00592fa72aff7217b78bae7072f77 -> 
  custom:scripting/monoscript/fileName/Benchmark01_UGUI.cs: 52a24b07fcdd062ef495404efdb65870 -> 6148cfe2627b7708298f301788144139
  custom:scripting/precompiled-assembly-types:Assembly-CSharp: 252627b8445d6767445947e474900fe4 -> f39d0e8e1a2bdc72903fb33acfa56b16
  custom:scripting/monoscript/fileName/Benchmark03.cs: 520976d641c2b7cf395e30b045f5a45d -> 17cc87e0529ac71d909a946afb47a274
========================================================================
Received Prepare
Caller must complete domain reload
Begin MonoManager ReloadAssembly
- Loaded All Assemblies, in  0.348 seconds
Native extension for WindowsStandalone target not found
Native extension for Android target not found
Native extension for WebGL target not found
Mono: successfully reloaded assembly
- Finished resetting the current domain, in  0.961 seconds
Domain Reload Profiling: 1309ms
	BeginReloadAssembly (140ms)
		ExecutionOrderSort (0ms)
		DisableScriptedObjects (5ms)
		BackupInstance (0ms)
		ReleaseScriptingObjects (0ms)
		CreateAndSetChildDomain (36ms)
	RebuildCommonClasses (30ms)
	RebuildNativeTypeToScriptingClass (8ms)
	initialDomainReloadingComplete (21ms)
	LoadAllAssembliesAndSetupDomain (149ms)
		LoadAssemblies (210ms)
		RebuildTransferFunctionScriptingTraits (0ms)
		AnalyzeDomain (11ms)
			TypeCache.Refresh (4ms)
				TypeCache.ScanAssembly (0ms)
			ScanForSourceGeneratedMonoScriptInfo (0ms)
			ResolveRequiredComponents (4ms)
	FinalizeReload (961ms)
		ReleaseScriptCaches (0ms)
		RebuildScriptCaches (0ms)
		SetupLoadedEditorAssemblies (545ms)
			LogAssemblyErrors (0ms)
			InitializePlatformSupportModulesInManaged (16ms)
			SetLoadedEditorAssemblies (5ms)
			RefreshPlugins (0ms)
			BeforeProcessingInitializeOnLoad (53ms)
			ProcessInitializeOnLoadAttributes (451ms)
			ProcessInitializeOnLoadMethodAttributes (19ms)
			AfterProcessingInitializeOnLoad (2ms)
			EditorAssembliesLoaded (0ms)
		ExecutionOrderSort2 (0ms)
		AwakeInstancesAfterBackupRestoration (6ms)
Refreshing native plugins compatible for Editor in 5.12 ms, found 6 plugins.
Preloading 0 native plugins for Editor in 0.00 ms.
Unloading 3345 Unused Serialized files (Serialized files now loaded: 0)
Unloading 14 unused Assets / (28.6 KB). Loaded Objects now: 4021.
Memory consumption went from 129.3 MB to 129.3 MB.
Total: 6.673700 ms (FindLiveObjects: 0.582900 ms CreateObjectMapping: 0.232900 ms MarkObjects: 5.766000 ms  DeleteObjects: 0.089400 ms)

Prepare: number of updated asset objects reloaded= 0
AssetImportParameters requested are different than current active one (requested -> active):
  custom:scripting/monoscript/fileName/SkewTextExample.cs: f96859e31fd6dde308d9dc2a2488dcff -> c142d02d70a129e0533975f7c2f96956
  custom:container-demuxer-ogg: 62fdf1f143b41e24485cea50d1cbac27 -> 
  custom:scripting/monoscript/fileName/TMP_TextEventHandler.cs: d0f86a17d6fd3e9995db934eaaf34f18 -> f5cd9d5a43bfefc8f4fec80e6de896a4
  custom:scripting/monoscript/fileName/TextMeshProFloatingText.cs: 5a37842f75734e7729f89af9a8145a1a -> 92608fa4a6315cd0786d82205e77b697
  custom:scripting/monoscript/fileName/VertexZoom.cs: 2da4737d79388c0362c64482e9ee50d2 -> 650ab1e81d40126e3edcf737cce646e4
  custom:video-codec-MediaFoundation-h265: 746d11721c4dcdbdad8f713fa42b33f4 -> 
  custom:scripting/monoscript/fileName/VertexShakeA.cs: 16900906a98712c9660b9823af1f2500 -> 63ec564c588058369499638dd899e05b
  custom:scripting/monoscript/fileName/TMP_ExampleScript_01.cs: 59997facf165601d8c6263ace2a973a5 -> a9d4be556104ff54e7d240529b3e01dc
  custom:video-decoder-ogg-theora: a1e56fd34408186e4bbccfd4996cb3dc -> 
  custom:scripting/monoscript/fileName/TMP_TextEventCheck.cs: 7ee93fce990cec7a5b67b504d0259dce -> 13505d917eab5868c435e0c2986dadfa
  custom:scripting/monoscript/fileName/TMP_TextSelector_B.cs: c0db108de9ffc9b6f619f3d00162b1c2 -> ba2be21a7486d37b1011342977a2e49d
  custom:scripting/monoscript/fileName/Benchmark01.cs: 1fef48c763f4be76a973f061699dd041 -> 2d3e2cd961730ab95f139a49a673bace
  custom:framework-win-MediaFoundation: 216162199b28c13a410421893ffa2e32 -> 
  custom:scripting/monoscript/fileName/UI_Manager.cs: 98fe954eecef79af161772dc64f463a1 -> 
  custom:scripting/monoscript/fileName/Benchmark02.cs: 92dcd0c0a469d0c0690d8ca0bfe95e6f -> 5640963252ce70910e726415f869ced6
  custom:scripting/monoscript/fileName/DropdownSample.cs: b4fe7efb027fdd4854f643ad764daa8c -> 0a92251794e5f10400149f96c3c59e5d
  custom:scripting/monoscript/fileName/WarpTextExample.cs: c5431dac938081648a3a3ac553c1029b -> 2663459c266363641981c7d17b698d7f
  custom:CustomObjectIndexerAttribute: 9a22284fe3817be447336de3de66b15e -> 
  custom:container-demuxer-webm: 4f35f7cbe854078d1ac9338744f61a02 -> 
  custom:scripting/monoscript/fileName/MainMenuButton.cs: e28869a6863284e74946ac915bb193f6 -> 
  custom:scripting/monoscript/fileName/ChatController.cs: ff21b89493e3dffcbe018a2cc5a10bae -> 876d5ccae6e345dd5d9450eb0a748f16
  custom:scripting/monoscript/fileName/TextMeshSpawner.cs: c0f20e5855e88374db1098a5acc68df4 -> 76f28e2ddb031571e6ec62b018f65fa8
  custom:scripting/monoscript/fileName/TeleType.cs: c18e16db35615314900dbe198d0144e7 -> 31fa97821c4c70f157ec81d507aa6b62
  custom:scripting/monoscript/fileName/Benchmark04.cs: 86dfb70824307c4cf164687df2489226 -> 32220b148620e52aa81c13a114862bf4
  custom:container-muxer-webm: aa71ff27fc2769a1b78a27578f13a17b -> 
  custom:video-decoder-webm-vp8: 9c59270c3fd7afecdb556c50c9e8de78 -> 
  custom:scripting/monoscript/fileName/TMP_PhoneNumberValidator.cs: b4c1c54136dffeb4e2962027ebaa6b1f -> 7c3049f481e464c6a9a15dee56c3126f
  custom:SearchIndexIgnoredProperties: e643bd26f0fe6173181afceb89e7c659 -> 
  custom:AudioImporter_EditorPlatform: d09bf68614088b80899f8185d706f6e7 -> 
  custom:scripting/monoscript/fileName/EnvMapAnimator.cs: 08e040d459cd881082c0dd5daba5f85c -> 1b4f61c17e4b7283c3ac351aacff9d26
  custom:scripting/monoscript/fileName/ShaderPropAnimator.cs: 88b70bc5bbc15375387323f48f0661cf -> 55ce425812446482e623ff2695c94cb2
  custom:scripting/monoscript/fileName/SimpleScript.cs: dcd92cf7399b0d08e25e4a66ab57e91e -> 454caab0c6c050f29b39d82e1d66d0fa
  custom:scripting/monoscript/fileName/ObjectSpin.cs: b34dd4d17018731600f920d50ca840f7 -> 2b96bb2079dd7fa5108d981627a28e1e
  custom:scripting/monoscript/fileName/CameraController.cs: 8d43c2def3a67efed518259a2232b470 -> 34b6be4e23ce86dc89786916c5983296
  custom:scripting/monoscript/fileName/TMP_TextInfoDebugTool.cs: 7aad42023b6f5112c90650ae13bd6dd8 -> 3f1709cfb2cc628169113a35b5e9be3f
  custom:scripting/monoscript/fileName/TMP_TextSelector_A.cs: 088357b4acdc1e6288d897936d29c8d3 -> 347309a09d56e367b188a6978f75b424
  custom:video-encoder-webm-vp8: eb34c28f22e8b96e1ab97ce403110664 -> 
  custom:audio-decoder-ogg-vorbis: bf7c407c2cedff20999df2af8eb42d56 -> 
  custom:scripting/monoscript/fileName/VertexJitter.cs: 6330f950b41eff6e5970f129864ecd6c -> d27eb5498e48714a66aece98da065133
  custom:scripting/monoscript/fileName/TextConsoleSimulator.cs: f2c8898b26c0cf2b0a1c7d12d99e6769 -> 33fc311abb20b5b0ed8f00e4d86b574e
  custom:scripting/monoscript/fileName/VertexColorCycler.cs: 135fb0ebdaf256193ccc08218c426c64 -> 5f984ca91cf3609293aecc6bc5641572
  custom:scripting/monoscript/fileName/TMP_FrameRateCounter.cs: 8afeb6f0251e063dcfff2bd827f92c62 -> 46f655df8cb483ac5958307137b1585a
  custom:scripting/monoscript/fileName/VertexShakeB.cs: 587e5b2aecc39120c2c9ff69742ce897 -> a6f78c4fcda1a29a1a1c1baefedba9e7
  custom:scripting/monoscript/fileName/TMP_UiFrameRateCounter.cs: 8fa3bcf761bb5076fd90d0361518d59c -> b01021aea19247f14a98ab338907956a
  custom:scripting/monoscript/fileName/TMPro_InstructionOverlay.cs: 194f3617683541355a9c6c8193e87b1c -> b626d2270e6ebd5c4311585c18b58d8d
  custom:scripting/monoscript/fileName/TMP_DigitValidator.cs: 4e5cde653ae28b90ab257e866c94dfce -> ac02af96215ae3951a3cce9e1a8c6085
  custom:audio-encoder-webm-vorbis: bf7c407c2cedff20999df2af8eb42d56 -> 
  custom:scripting/monoscript/fileName/Cube_Controller.cs: acd00592fa72aff7217b78bae7072f77 -> 
  custom:scripting/monoscript/fileName/Benchmark01_UGUI.cs: 52a24b07fcdd062ef495404efdb65870 -> 6148cfe2627b7708298f301788144139
  custom:scripting/precompiled-assembly-types:Assembly-CSharp: 252627b8445d6767445947e474900fe4 -> f39d0e8e1a2bdc72903fb33acfa56b16
  custom:scripting/monoscript/fileName/Benchmark03.cs: 520976d641c2b7cf395e30b045f5a45d -> 17cc87e0529ac71d909a946afb47a274
========================================================================
Received Prepare
Caller must complete domain reload
Begin MonoManager ReloadAssembly
- Loaded All Assemblies, in  0.345 seconds
Native extension for WindowsStandalone target not found
Native extension for Android target not found
Native extension for WebGL target not found
Mono: successfully reloaded assembly
- Finished resetting the current domain, in  0.961 seconds
Domain Reload Profiling: 1305ms
	BeginReloadAssembly (134ms)
		ExecutionOrderSort (0ms)
		DisableScriptedObjects (5ms)
		BackupInstance (0ms)
		ReleaseScriptingObjects (0ms)
		CreateAndSetChildDomain (34ms)
	RebuildCommonClasses (27ms)
	RebuildNativeTypeToScriptingClass (9ms)
	initialDomainReloadingComplete (22ms)
	LoadAllAssembliesAndSetupDomain (153ms)
		LoadAssemblies (208ms)
		RebuildTransferFunctionScriptingTraits (0ms)
		AnalyzeDomain (12ms)
			TypeCache.Refresh (6ms)
				TypeCache.ScanAssembly (0ms)
			ScanForSourceGeneratedMonoScriptInfo (0ms)
			ResolveRequiredComponents (5ms)
	FinalizeReload (961ms)
		ReleaseScriptCaches (0ms)
		RebuildScriptCaches (0ms)
		SetupLoadedEditorAssemblies (536ms)
			LogAssemblyErrors (0ms)
			InitializePlatformSupportModulesInManaged (16ms)
			SetLoadedEditorAssemblies (4ms)
			RefreshPlugins (0ms)
			BeforeProcessingInitializeOnLoad (56ms)
			ProcessInitializeOnLoadAttributes (437ms)
			ProcessInitializeOnLoadMethodAttributes (20ms)
			AfterProcessingInitializeOnLoad (2ms)
			EditorAssembliesLoaded (0ms)
		ExecutionOrderSort2 (0ms)
		AwakeInstancesAfterBackupRestoration (7ms)
Refreshing native plugins compatible for Editor in 5.97 ms, found 6 plugins.
Preloading 0 native plugins for Editor in 0.00 ms.
Unloading 3345 Unused Serialized files (Serialized files now loaded: 0)
Unloading 14 unused Assets / (28.5 KB). Loaded Objects now: 4024.
Memory consumption went from 129.3 MB to 129.3 MB.
Total: 7.130700 ms (FindLiveObjects: 0.617000 ms CreateObjectMapping: 0.231700 ms MarkObjects: 6.174100 ms  DeleteObjects: 0.106200 ms)

Prepare: number of updated asset objects reloaded= 0
AssetImportParameters requested are different than current active one (requested -> active):
  custom:scripting/monoscript/fileName/SkewTextExample.cs: f96859e31fd6dde308d9dc2a2488dcff -> c142d02d70a129e0533975f7c2f96956
  custom:container-demuxer-ogg: 62fdf1f143b41e24485cea50d1cbac27 -> 
  custom:scripting/monoscript/fileName/TMP_TextEventHandler.cs: d0f86a17d6fd3e9995db934eaaf34f18 -> f5cd9d5a43bfefc8f4fec80e6de896a4
  custom:scripting/monoscript/fileName/TextMeshProFloatingText.cs: 5a37842f75734e7729f89af9a8145a1a -> 92608fa4a6315cd0786d82205e77b697
  custom:scripting/monoscript/fileName/VertexZoom.cs: 2da4737d79388c0362c64482e9ee50d2 -> 650ab1e81d40126e3edcf737cce646e4
  custom:video-codec-MediaFoundation-h265: 746d11721c4dcdbdad8f713fa42b33f4 -> 
  custom:scripting/monoscript/fileName/VertexShakeA.cs: 16900906a98712c9660b9823af1f2500 -> 63ec564c588058369499638dd899e05b
  custom:scripting/monoscript/fileName/TMP_ExampleScript_01.cs: 59997facf165601d8c6263ace2a973a5 -> a9d4be556104ff54e7d240529b3e01dc
  custom:video-decoder-ogg-theora: a1e56fd34408186e4bbccfd4996cb3dc -> 
  custom:scripting/monoscript/fileName/TMP_TextEventCheck.cs: 7ee93fce990cec7a5b67b504d0259dce -> 13505d917eab5868c435e0c2986dadfa
  custom:scripting/monoscript/fileName/TMP_TextSelector_B.cs: c0db108de9ffc9b6f619f3d00162b1c2 -> ba2be21a7486d37b1011342977a2e49d
  custom:scripting/monoscript/fileName/Benchmark01.cs: 1fef48c763f4be76a973f061699dd041 -> 2d3e2cd961730ab95f139a49a673bace
  custom:framework-win-MediaFoundation: 216162199b28c13a410421893ffa2e32 -> 
  custom:scripting/monoscript/fileName/UI_Manager.cs: 98fe954eecef79af161772dc64f463a1 -> 
  custom:scripting/monoscript/fileName/Benchmark02.cs: 92dcd0c0a469d0c0690d8ca0bfe95e6f -> 5640963252ce70910e726415f869ced6
  custom:scripting/monoscript/fileName/DropdownSample.cs: b4fe7efb027fdd4854f643ad764daa8c -> 0a92251794e5f10400149f96c3c59e5d
  custom:scripting/monoscript/fileName/WarpTextExample.cs: c5431dac938081648a3a3ac553c1029b -> 2663459c266363641981c7d17b698d7f
  custom:CustomObjectIndexerAttribute: 9a22284fe3817be447336de3de66b15e -> 
  custom:container-demuxer-webm: 4f35f7cbe854078d1ac9338744f61a02 -> 
  custom:scripting/monoscript/fileName/MainMenuButton.cs: e28869a6863284e74946ac915bb193f6 -> 
  custom:scripting/monoscript/fileName/ChatController.cs: ff21b89493e3dffcbe018a2cc5a10bae -> 876d5ccae6e345dd5d9450eb0a748f16
  custom:scripting/monoscript/fileName/TextMeshSpawner.cs: c0f20e5855e88374db1098a5acc68df4 -> 76f28e2ddb031571e6ec62b018f65fa8
  custom:scripting/monoscript/fileName/TeleType.cs: c18e16db35615314900dbe198d0144e7 -> 31fa97821c4c70f157ec81d507aa6b62
  custom:scripting/monoscript/fileName/Benchmark04.cs: 86dfb70824307c4cf164687df2489226 -> 32220b148620e52aa81c13a114862bf4
  custom:container-muxer-webm: aa71ff27fc2769a1b78a27578f13a17b -> 
  custom:video-decoder-webm-vp8: 9c59270c3fd7afecdb556c50c9e8de78 -> 
  custom:scripting/monoscript/fileName/TMP_PhoneNumberValidator.cs: b4c1c54136dffeb4e2962027ebaa6b1f -> 7c3049f481e464c6a9a15dee56c3126f
  custom:SearchIndexIgnoredProperties: e643bd26f0fe6173181afceb89e7c659 -> 
  custom:AudioImporter_EditorPlatform: d09bf68614088b80899f8185d706f6e7 -> 
  custom:scripting/monoscript/fileName/EnvMapAnimator.cs: 08e040d459cd881082c0dd5daba5f85c -> 1b4f61c17e4b7283c3ac351aacff9d26
  custom:scripting/monoscript/fileName/ShaderPropAnimator.cs: 88b70bc5bbc15375387323f48f0661cf -> 55ce425812446482e623ff2695c94cb2
  custom:scripting/monoscript/fileName/SimpleScript.cs: dcd92cf7399b0d08e25e4a66ab57e91e -> 454caab0c6c050f29b39d82e1d66d0fa
  custom:scripting/monoscript/fileName/ObjectSpin.cs: b34dd4d17018731600f920d50ca840f7 -> 2b96bb2079dd7fa5108d981627a28e1e
  custom:scripting/monoscript/fileName/CameraController.cs: 8d43c2def3a67efed518259a2232b470 -> 34b6be4e23ce86dc89786916c5983296
  custom:scripting/monoscript/fileName/TMP_TextInfoDebugTool.cs: 7aad42023b6f5112c90650ae13bd6dd8 -> 3f1709cfb2cc628169113a35b5e9be3f
  custom:scripting/monoscript/fileName/TMP_TextSelector_A.cs: 088357b4acdc1e6288d897936d29c8d3 -> 347309a09d56e367b188a6978f75b424
  custom:video-encoder-webm-vp8: eb34c28f22e8b96e1ab97ce403110664 -> 
  custom:audio-decoder-ogg-vorbis: bf7c407c2cedff20999df2af8eb42d56 -> 
  custom:scripting/monoscript/fileName/VertexJitter.cs: 6330f950b41eff6e5970f129864ecd6c -> d27eb5498e48714a66aece98da065133
  custom:scripting/monoscript/fileName/TextConsoleSimulator.cs: f2c8898b26c0cf2b0a1c7d12d99e6769 -> 33fc311abb20b5b0ed8f00e4d86b574e
  custom:scripting/monoscript/fileName/VertexColorCycler.cs: 135fb0ebdaf256193ccc08218c426c64 -> 5f984ca91cf3609293aecc6bc5641572
  custom:scripting/monoscript/fileName/TMP_FrameRateCounter.cs: 8afeb6f0251e063dcfff2bd827f92c62 -> 46f655df8cb483ac5958307137b1585a
  custom:scripting/monoscript/fileName/VertexShakeB.cs: 587e5b2aecc39120c2c9ff69742ce897 -> a6f78c4fcda1a29a1a1c1baefedba9e7
  custom:scripting/monoscript/fileName/TMP_UiFrameRateCounter.cs: 8fa3bcf761bb5076fd90d0361518d59c -> b01021aea19247f14a98ab338907956a
  custom:scripting/monoscript/fileName/TMPro_InstructionOverlay.cs: 194f3617683541355a9c6c8193e87b1c -> b626d2270e6ebd5c4311585c18b58d8d
  custom:scripting/monoscript/fileName/TMP_DigitValidator.cs: 4e5cde653ae28b90ab257e866c94dfce -> ac02af96215ae3951a3cce9e1a8c6085
  custom:audio-encoder-webm-vorbis: bf7c407c2cedff20999df2af8eb42d56 -> 
  custom:scripting/monoscript/fileName/Cube_Controller.cs: acd00592fa72aff7217b78bae7072f77 -> 
  custom:scripting/monoscript/fileName/Benchmark01_UGUI.cs: 52a24b07fcdd062ef495404efdb65870 -> 6148cfe2627b7708298f301788144139
  custom:scripting/precompiled-assembly-types:Assembly-CSharp: 252627b8445d6767445947e474900fe4 -> f39d0e8e1a2bdc72903fb33acfa56b16
  custom:scripting/monoscript/fileName/Benchmark03.cs: 520976d641c2b7cf395e30b045f5a45d -> 17cc87e0529ac71d909a946afb47a274
========================================================================
Received Prepare
Caller must complete domain reload
Begin MonoManager ReloadAssembly
- Loaded All Assemblies, in  0.700 seconds
Native extension for WindowsStandalone target not found
Native extension for Android target not found
Native extension for WebGL target not found
Mono: successfully reloaded assembly
- Finished resetting the current domain, in  1.773 seconds
Domain Reload Profiling: 2473ms
	BeginReloadAssembly (235ms)
		ExecutionOrderSort (0ms)
		DisableScriptedObjects (10ms)
		BackupInstance (0ms)
		ReleaseScriptingObjects (0ms)
		CreateAndSetChildDomain (48ms)
	RebuildCommonClasses (75ms)
	RebuildNativeTypeToScriptingClass (25ms)
	initialDomainReloadingComplete (47ms)
	LoadAllAssembliesAndSetupDomain (316ms)
		LoadAssemblies (416ms)
		RebuildTransferFunctionScriptingTraits (0ms)
		AnalyzeDomain (38ms)
			TypeCache.Refresh (14ms)
				TypeCache.ScanAssembly (2ms)
			ScanForSourceGeneratedMonoScriptInfo (11ms)
			ResolveRequiredComponents (11ms)
	FinalizeReload (1774ms)
		ReleaseScriptCaches (0ms)
		RebuildScriptCaches (0ms)
		SetupLoadedEditorAssemblies (968ms)
			LogAssemblyErrors (0ms)
			InitializePlatformSupportModulesInManaged (33ms)
			SetLoadedEditorAssemblies (9ms)
			RefreshPlugins (0ms)
			BeforeProcessingInitializeOnLoad (113ms)
			ProcessInitializeOnLoadAttributes (771ms)
			ProcessInitializeOnLoadMethodAttributes (37ms)
			AfterProcessingInitializeOnLoad (5ms)
			EditorAssembliesLoaded (0ms)
		ExecutionOrderSort2 (0ms)
		AwakeInstancesAfterBackupRestoration (14ms)
Refreshing native plugins compatible for Editor in 6.65 ms, found 6 plugins.
Preloading 0 native plugins for Editor in 0.00 ms.
Unloading 3345 Unused Serialized files (Serialized files now loaded: 0)
Unloading 14 unused Assets / (28.6 KB). Loaded Objects now: 4027.
Memory consumption went from 129.3 MB to 129.3 MB.
Total: 5.652800 ms (FindLiveObjects: 0.702200 ms CreateObjectMapping: 0.209400 ms MarkObjects: 4.678200 ms  DeleteObjects: 0.061600 ms)

Prepare: number of updated asset objects reloaded= 0
AssetImportParameters requested are different than current active one (requested -> active):
  custom:scripting/monoscript/fileName/SkewTextExample.cs: f96859e31fd6dde308d9dc2a2488dcff -> c142d02d70a129e0533975f7c2f96956
  custom:container-demuxer-ogg: 62fdf1f143b41e24485cea50d1cbac27 -> 
  custom:scripting/monoscript/fileName/TMP_TextEventHandler.cs: d0f86a17d6fd3e9995db934eaaf34f18 -> f5cd9d5a43bfefc8f4fec80e6de896a4
  custom:scripting/monoscript/fileName/TextMeshProFloatingText.cs: 5a37842f75734e7729f89af9a8145a1a -> 92608fa4a6315cd0786d82205e77b697
  custom:scripting/monoscript/fileName/VertexZoom.cs: 2da4737d79388c0362c64482e9ee50d2 -> 650ab1e81d40126e3edcf737cce646e4
  custom:video-codec-MediaFoundation-h265: 746d11721c4dcdbdad8f713fa42b33f4 -> 
  custom:scripting/monoscript/fileName/VertexShakeA.cs: 16900906a98712c9660b9823af1f2500 -> 63ec564c588058369499638dd899e05b
  custom:scripting/monoscript/fileName/TMP_ExampleScript_01.cs: 59997facf165601d8c6263ace2a973a5 -> a9d4be556104ff54e7d240529b3e01dc
  custom:video-decoder-ogg-theora: a1e56fd34408186e4bbccfd4996cb3dc -> 
  custom:scripting/monoscript/fileName/TMP_TextEventCheck.cs: 7ee93fce990cec7a5b67b504d0259dce -> 13505d917eab5868c435e0c2986dadfa
  custom:scripting/monoscript/fileName/TMP_TextSelector_B.cs: c0db108de9ffc9b6f619f3d00162b1c2 -> ba2be21a7486d37b1011342977a2e49d
  custom:scripting/monoscript/fileName/Benchmark01.cs: 1fef48c763f4be76a973f061699dd041 -> 2d3e2cd961730ab95f139a49a673bace
  custom:framework-win-MediaFoundation: 216162199b28c13a410421893ffa2e32 -> 
  custom:scripting/monoscript/fileName/UI_Manager.cs: 98fe954eecef79af161772dc64f463a1 -> 
  custom:scripting/monoscript/fileName/Benchmark02.cs: 92dcd0c0a469d0c0690d8ca0bfe95e6f -> 5640963252ce70910e726415f869ced6
  custom:scripting/monoscript/fileName/DropdownSample.cs: b4fe7efb027fdd4854f643ad764daa8c -> 0a92251794e5f10400149f96c3c59e5d
  custom:scripting/monoscript/fileName/WarpTextExample.cs: c5431dac938081648a3a3ac553c1029b -> 2663459c266363641981c7d17b698d7f
  custom:CustomObjectIndexerAttribute: 9a22284fe3817be447336de3de66b15e -> 
  custom:container-demuxer-webm: 4f35f7cbe854078d1ac9338744f61a02 -> 
  custom:scripting/monoscript/fileName/MainMenuButton.cs: e28869a6863284e74946ac915bb193f6 -> 
  custom:scripting/monoscript/fileName/ChatController.cs: ff21b89493e3dffcbe018a2cc5a10bae -> 876d5ccae6e345dd5d9450eb0a748f16
  custom:scripting/monoscript/fileName/TextMeshSpawner.cs: c0f20e5855e88374db1098a5acc68df4 -> 76f28e2ddb031571e6ec62b018f65fa8
  custom:scripting/monoscript/fileName/TeleType.cs: c18e16db35615314900dbe198d0144e7 -> 31fa97821c4c70f157ec81d507aa6b62
  custom:scripting/monoscript/fileName/Benchmark04.cs: 86dfb70824307c4cf164687df2489226 -> 32220b148620e52aa81c13a114862bf4
  custom:container-muxer-webm: aa71ff27fc2769a1b78a27578f13a17b -> 
  custom:video-decoder-webm-vp8: 9c59270c3fd7afecdb556c50c9e8de78 -> 
  custom:scripting/monoscript/fileName/TMP_PhoneNumberValidator.cs: b4c1c54136dffeb4e2962027ebaa6b1f -> 7c3049f481e464c6a9a15dee56c3126f
  custom:SearchIndexIgnoredProperties: e643bd26f0fe6173181afceb89e7c659 -> 
  custom:AudioImporter_EditorPlatform: d09bf68614088b80899f8185d706f6e7 -> 
  custom:scripting/monoscript/fileName/EnvMapAnimator.cs: 08e040d459cd881082c0dd5daba5f85c -> 1b4f61c17e4b7283c3ac351aacff9d26
  custom:scripting/monoscript/fileName/ShaderPropAnimator.cs: 88b70bc5bbc15375387323f48f0661cf -> 55ce425812446482e623ff2695c94cb2
  custom:scripting/monoscript/fileName/SimpleScript.cs: dcd92cf7399b0d08e25e4a66ab57e91e -> 454caab0c6c050f29b39d82e1d66d0fa
  custom:scripting/monoscript/fileName/ObjectSpin.cs: b34dd4d17018731600f920d50ca840f7 -> 2b96bb2079dd7fa5108d981627a28e1e
  custom:scripting/monoscript/fileName/CameraController.cs: 8d43c2def3a67efed518259a2232b470 -> 34b6be4e23ce86dc89786916c5983296
  custom:scripting/monoscript/fileName/TMP_TextInfoDebugTool.cs: 7aad42023b6f5112c90650ae13bd6dd8 -> 3f1709cfb2cc628169113a35b5e9be3f
  custom:scripting/monoscript/fileName/TMP_TextSelector_A.cs: 088357b4acdc1e6288d897936d29c8d3 -> 347309a09d56e367b188a6978f75b424
  custom:video-encoder-webm-vp8: eb34c28f22e8b96e1ab97ce403110664 -> 
  custom:audio-decoder-ogg-vorbis: bf7c407c2cedff20999df2af8eb42d56 -> 
  custom:scripting/monoscript/fileName/VertexJitter.cs: 6330f950b41eff6e5970f129864ecd6c -> d27eb5498e48714a66aece98da065133
  custom:scripting/monoscript/fileName/TextConsoleSimulator.cs: f2c8898b26c0cf2b0a1c7d12d99e6769 -> 33fc311abb20b5b0ed8f00e4d86b574e
  custom:scripting/monoscript/fileName/VertexColorCycler.cs: 135fb0ebdaf256193ccc08218c426c64 -> 5f984ca91cf3609293aecc6bc5641572
  custom:scripting/monoscript/fileName/TMP_FrameRateCounter.cs: 8afeb6f0251e063dcfff2bd827f92c62 -> 46f655df8cb483ac5958307137b1585a
  custom:scripting/monoscript/fileName/VertexShakeB.cs: 587e5b2aecc39120c2c9ff69742ce897 -> a6f78c4fcda1a29a1a1c1baefedba9e7
  custom:scripting/monoscript/fileName/TMP_UiFrameRateCounter.cs: 8fa3bcf761bb5076fd90d0361518d59c -> b01021aea19247f14a98ab338907956a
  custom:scripting/monoscript/fileName/TMPro_InstructionOverlay.cs: 194f3617683541355a9c6c8193e87b1c -> b626d2270e6ebd5c4311585c18b58d8d
  custom:scripting/monoscript/fileName/TMP_DigitValidator.cs: 4e5cde653ae28b90ab257e866c94dfce -> ac02af96215ae3951a3cce9e1a8c6085
  custom:audio-encoder-webm-vorbis: bf7c407c2cedff20999df2af8eb42d56 -> 
  custom:scripting/monoscript/fileName/Cube_Controller.cs: acd00592fa72aff7217b78bae7072f77 -> 
  custom:scripting/monoscript/fileName/Benchmark01_UGUI.cs: 52a24b07fcdd062ef495404efdb65870 -> 6148cfe2627b7708298f301788144139
  custom:scripting/precompiled-assembly-types:Assembly-CSharp: 252627b8445d6767445947e474900fe4 -> f39d0e8e1a2bdc72903fb33acfa56b16
  custom:scripting/monoscript/fileName/Benchmark03.cs: 520976d641c2b7cf395e30b045f5a45d -> 17cc87e0529ac71d909a946afb47a274
========================================================================
Received Prepare
Caller must complete domain reload
Begin MonoManager ReloadAssembly
- Loaded All Assemblies, in  0.672 seconds
Native extension for WindowsStandalone target not found
Native extension for Android target not found
Native extension for WebGL target not found
Mono: successfully reloaded assembly
- Finished resetting the current domain, in  1.737 seconds
Domain Reload Profiling: 2409ms
	BeginReloadAssembly (233ms)
		ExecutionOrderSort (0ms)
		DisableScriptedObjects (10ms)
		BackupInstance (0ms)
		ReleaseScriptingObjects (0ms)
		CreateAndSetChildDomain (50ms)
	RebuildCommonClasses (67ms)
	RebuildNativeTypeToScriptingClass (21ms)
	initialDomainReloadingComplete (45ms)
	LoadAllAssembliesAndSetupDomain (305ms)
		LoadAssemblies (396ms)
		RebuildTransferFunctionScriptingTraits (0ms)
		AnalyzeDomain (43ms)
			TypeCache.Refresh (15ms)
				TypeCache.ScanAssembly (2ms)
			ScanForSourceGeneratedMonoScriptInfo (14ms)
			ResolveRequiredComponents (11ms)
	FinalizeReload (1738ms)
		ReleaseScriptCaches (0ms)
		RebuildScriptCaches (0ms)
		SetupLoadedEditorAssemblies (931ms)
			LogAssemblyErrors (0ms)
			InitializePlatformSupportModulesInManaged (28ms)
			SetLoadedEditorAssemblies (8ms)
			RefreshPlugins (0ms)
			BeforeProcessingInitializeOnLoad (108ms)
			ProcessInitializeOnLoadAttributes (749ms)
			ProcessInitializeOnLoadMethodAttributes (34ms)
			AfterProcessingInitializeOnLoad (4ms)
			EditorAssembliesLoaded (0ms)
		ExecutionOrderSort2 (0ms)
		AwakeInstancesAfterBackupRestoration (11ms)
Refreshing native plugins compatible for Editor in 4.87 ms, found 6 plugins.
Preloading 0 native plugins for Editor in 0.00 ms.
Unloading 3345 Unused Serialized files (Serialized files now loaded: 0)
Unloading 14 unused Assets / (28.6 KB). Loaded Objects now: 4030.
Memory consumption went from 129.3 MB to 129.3 MB.
Total: 5.752500 ms (FindLiveObjects: 0.540500 ms CreateObjectMapping: 0.169200 ms MarkObjects: 4.978400 ms  DeleteObjects: 0.062900 ms)

Prepare: number of updated asset objects reloaded= 0
AssetImportParameters requested are different than current active one (requested -> active):
  custom:scripting/monoscript/fileName/SkewTextExample.cs: f96859e31fd6dde308d9dc2a2488dcff -> c142d02d70a129e0533975f7c2f96956
  custom:container-demuxer-ogg: 62fdf1f143b41e24485cea50d1cbac27 -> 
  custom:scripting/monoscript/fileName/TMP_TextEventHandler.cs: d0f86a17d6fd3e9995db934eaaf34f18 -> f5cd9d5a43bfefc8f4fec80e6de896a4
  custom:scripting/monoscript/fileName/TextMeshProFloatingText.cs: 5a37842f75734e7729f89af9a8145a1a -> 92608fa4a6315cd0786d82205e77b697
  custom:scripting/monoscript/fileName/VertexZoom.cs: 2da4737d79388c0362c64482e9ee50d2 -> 650ab1e81d40126e3edcf737cce646e4
  custom:video-codec-MediaFoundation-h265: 746d11721c4dcdbdad8f713fa42b33f4 -> 
  custom:scripting/monoscript/fileName/VertexShakeA.cs: 16900906a98712c9660b9823af1f2500 -> 63ec564c588058369499638dd899e05b
  custom:scripting/monoscript/fileName/TMP_ExampleScript_01.cs: 59997facf165601d8c6263ace2a973a5 -> a9d4be556104ff54e7d240529b3e01dc
  custom:video-decoder-ogg-theora: a1e56fd34408186e4bbccfd4996cb3dc -> 
  custom:scripting/monoscript/fileName/TMP_TextEventCheck.cs: 7ee93fce990cec7a5b67b504d0259dce -> 13505d917eab5868c435e0c2986dadfa
  custom:scripting/monoscript/fileName/TMP_TextSelector_B.cs: c0db108de9ffc9b6f619f3d00162b1c2 -> ba2be21a7486d37b1011342977a2e49d
  custom:scripting/monoscript/fileName/Benchmark01.cs: 1fef48c763f4be76a973f061699dd041 -> 2d3e2cd961730ab95f139a49a673bace
  custom:framework-win-MediaFoundation: 216162199b28c13a410421893ffa2e32 -> 
  custom:scripting/monoscript/fileName/UI_Manager.cs: 98fe954eecef79af161772dc64f463a1 -> 
  custom:scripting/monoscript/fileName/Benchmark02.cs: 92dcd0c0a469d0c0690d8ca0bfe95e6f -> 5640963252ce70910e726415f869ced6
  custom:scripting/monoscript/fileName/DropdownSample.cs: b4fe7efb027fdd4854f643ad764daa8c -> 0a92251794e5f10400149f96c3c59e5d
  custom:scripting/monoscript/fileName/WarpTextExample.cs: c5431dac938081648a3a3ac553c1029b -> 2663459c266363641981c7d17b698d7f
  custom:CustomObjectIndexerAttribute: 9a22284fe3817be447336de3de66b15e -> 
  custom:container-demuxer-webm: 4f35f7cbe854078d1ac9338744f61a02 -> 
  custom:scripting/monoscript/fileName/MainMenuButton.cs: e28869a6863284e74946ac915bb193f6 -> 
  custom:scripting/monoscript/fileName/ChatController.cs: ff21b89493e3dffcbe018a2cc5a10bae -> 876d5ccae6e345dd5d9450eb0a748f16
  custom:scripting/monoscript/fileName/TextMeshSpawner.cs: c0f20e5855e88374db1098a5acc68df4 -> 76f28e2ddb031571e6ec62b018f65fa8
  custom:scripting/monoscript/fileName/TeleType.cs: c18e16db35615314900dbe198d0144e7 -> 31fa97821c4c70f157ec81d507aa6b62
  custom:scripting/monoscript/fileName/Benchmark04.cs: 86dfb70824307c4cf164687df2489226 -> 32220b148620e52aa81c13a114862bf4
  custom:container-muxer-webm: aa71ff27fc2769a1b78a27578f13a17b -> 
  custom:video-decoder-webm-vp8: 9c59270c3fd7afecdb556c50c9e8de78 -> 
  custom:scripting/monoscript/fileName/TMP_PhoneNumberValidator.cs: b4c1c54136dffeb4e2962027ebaa6b1f -> 7c3049f481e464c6a9a15dee56c3126f
  custom:SearchIndexIgnoredProperties: e643bd26f0fe6173181afceb89e7c659 -> 
  custom:AudioImporter_EditorPlatform: d09bf68614088b80899f8185d706f6e7 -> 
  custom:scripting/monoscript/fileName/EnvMapAnimator.cs: 08e040d459cd881082c0dd5daba5f85c -> 1b4f61c17e4b7283c3ac351aacff9d26
  custom:scripting/monoscript/fileName/ShaderPropAnimator.cs: 88b70bc5bbc15375387323f48f0661cf -> 55ce425812446482e623ff2695c94cb2
  custom:scripting/monoscript/fileName/SimpleScript.cs: dcd92cf7399b0d08e25e4a66ab57e91e -> 454caab0c6c050f29b39d82e1d66d0fa
  custom:scripting/monoscript/fileName/ObjectSpin.cs: b34dd4d17018731600f920d50ca840f7 -> 2b96bb2079dd7fa5108d981627a28e1e
  custom:scripting/monoscript/fileName/CameraController.cs: 8d43c2def3a67efed518259a2232b470 -> 34b6be4e23ce86dc89786916c5983296
  custom:scripting/monoscript/fileName/TMP_TextInfoDebugTool.cs: 7aad42023b6f5112c90650ae13bd6dd8 -> 3f1709cfb2cc628169113a35b5e9be3f
  custom:scripting/monoscript/fileName/TMP_TextSelector_A.cs: 088357b4acdc1e6288d897936d29c8d3 -> 347309a09d56e367b188a6978f75b424
  custom:video-encoder-webm-vp8: eb34c28f22e8b96e1ab97ce403110664 -> 
  custom:audio-decoder-ogg-vorbis: bf7c407c2cedff20999df2af8eb42d56 -> 
  custom:scripting/monoscript/fileName/VertexJitter.cs: 6330f950b41eff6e5970f129864ecd6c -> d27eb5498e48714a66aece98da065133
  custom:scripting/monoscript/fileName/TextConsoleSimulator.cs: f2c8898b26c0cf2b0a1c7d12d99e6769 -> 33fc311abb20b5b0ed8f00e4d86b574e
  custom:scripting/monoscript/fileName/VertexColorCycler.cs: 135fb0ebdaf256193ccc08218c426c64 -> 5f984ca91cf3609293aecc6bc5641572
  custom:scripting/monoscript/fileName/TMP_FrameRateCounter.cs: 8afeb6f0251e063dcfff2bd827f92c62 -> 46f655df8cb483ac5958307137b1585a
  custom:scripting/monoscript/fileName/VertexShakeB.cs: 587e5b2aecc39120c2c9ff69742ce897 -> a6f78c4fcda1a29a1a1c1baefedba9e7
  custom:scripting/monoscript/fileName/TMP_UiFrameRateCounter.cs: 8fa3bcf761bb5076fd90d0361518d59c -> b01021aea19247f14a98ab338907956a
  custom:scripting/monoscript/fileName/TMPro_InstructionOverlay.cs: 194f3617683541355a9c6c8193e87b1c -> b626d2270e6ebd5c4311585c18b58d8d
  custom:scripting/monoscript/fileName/TMP_DigitValidator.cs: 4e5cde653ae28b90ab257e866c94dfce -> ac02af96215ae3951a3cce9e1a8c6085
  custom:audio-encoder-webm-vorbis: bf7c407c2cedff20999df2af8eb42d56 -> 
  custom:scripting/monoscript/fileName/Cube_Controller.cs: acd00592fa72aff7217b78bae7072f77 -> 
  custom:scripting/monoscript/fileName/Benchmark01_UGUI.cs: 52a24b07fcdd062ef495404efdb65870 -> 6148cfe2627b7708298f301788144139
  custom:scripting/precompiled-assembly-types:Assembly-CSharp: 252627b8445d6767445947e474900fe4 -> f39d0e8e1a2bdc72903fb33acfa56b16
  custom:scripting/monoscript/fileName/Benchmark03.cs: 520976d641c2b7cf395e30b045f5a45d -> 17cc87e0529ac71d909a946afb47a274
========================================================================
Received Prepare
Caller must complete domain reload
Begin MonoManager ReloadAssembly
- Loaded All Assemblies, in  0.361 seconds
Native extension for WindowsStandalone target not found
Native extension for Android target not found
Native extension for WebGL target not found
Mono: successfully reloaded assembly
- Finished resetting the current domain, in  0.909 seconds
Domain Reload Profiling: 1271ms
	BeginReloadAssembly (138ms)
		ExecutionOrderSort (0ms)
		DisableScriptedObjects (7ms)
		BackupInstance (0ms)
		ReleaseScriptingObjects (0ms)
		CreateAndSetChildDomain (32ms)
	RebuildCommonClasses (31ms)
	RebuildNativeTypeToScriptingClass (9ms)
	initialDomainReloadingComplete (20ms)
	LoadAllAssembliesAndSetupDomain (163ms)
		LoadAssemblies (224ms)
		RebuildTransferFunctionScriptingTraits (0ms)
		AnalyzeDomain (11ms)
			TypeCache.Refresh (4ms)
				TypeCache.ScanAssembly (0ms)
			ScanForSourceGeneratedMonoScriptInfo (0ms)
			ResolveRequiredComponents (5ms)
	FinalizeReload (910ms)
		ReleaseScriptCaches (0ms)
		RebuildScriptCaches (0ms)
		SetupLoadedEditorAssemblies (504ms)
			LogAssemblyErrors (0ms)
			InitializePlatformSupportModulesInManaged (14ms)
			SetLoadedEditorAssemblies (5ms)
			RefreshPlugins (0ms)
			BeforeProcessingInitializeOnLoad (53ms)
			ProcessInitializeOnLoadAttributes (409ms)
			ProcessInitializeOnLoadMethodAttributes (22ms)
			AfterProcessingInitializeOnLoad (2ms)
			EditorAssembliesLoaded (0ms)
		ExecutionOrderSort2 (0ms)
		AwakeInstancesAfterBackupRestoration (6ms)
Refreshing native plugins compatible for Editor in 5.23 ms, found 6 plugins.
Preloading 0 native plugins for Editor in 0.00 ms.
Unloading 3345 Unused Serialized files (Serialized files now loaded: 0)
Unloading 14 unused Assets / (28.5 KB). Loaded Objects now: 4033.
Memory consumption went from 129.3 MB to 129.3 MB.
Total: 6.377200 ms (FindLiveObjects: 0.526400 ms CreateObjectMapping: 0.233500 ms MarkObjects: 5.548200 ms  DeleteObjects: 0.067500 ms)

Prepare: number of updated asset objects reloaded= 0
AssetImportParameters requested are different than current active one (requested -> active):
  custom:scripting/monoscript/fileName/SkewTextExample.cs: f96859e31fd6dde308d9dc2a2488dcff -> c142d02d70a129e0533975f7c2f96956
  custom:container-demuxer-ogg: 62fdf1f143b41e24485cea50d1cbac27 -> 
  custom:scripting/monoscript/fileName/TMP_TextEventHandler.cs: d0f86a17d6fd3e9995db934eaaf34f18 -> f5cd9d5a43bfefc8f4fec80e6de896a4
  custom:scripting/monoscript/fileName/TextMeshProFloatingText.cs: 5a37842f75734e7729f89af9a8145a1a -> 92608fa4a6315cd0786d82205e77b697
  custom:scripting/monoscript/fileName/VertexZoom.cs: 2da4737d79388c0362c64482e9ee50d2 -> 650ab1e81d40126e3edcf737cce646e4
  custom:video-codec-MediaFoundation-h265: 746d11721c4dcdbdad8f713fa42b33f4 -> 
  custom:scripting/monoscript/fileName/VertexShakeA.cs: 16900906a98712c9660b9823af1f2500 -> 63ec564c588058369499638dd899e05b
  custom:scripting/monoscript/fileName/TMP_ExampleScript_01.cs: 59997facf165601d8c6263ace2a973a5 -> a9d4be556104ff54e7d240529b3e01dc
  custom:video-decoder-ogg-theora: a1e56fd34408186e4bbccfd4996cb3dc -> 
  custom:scripting/monoscript/fileName/TMP_TextEventCheck.cs: 7ee93fce990cec7a5b67b504d0259dce -> 13505d917eab5868c435e0c2986dadfa
  custom:scripting/monoscript/fileName/TMP_TextSelector_B.cs: c0db108de9ffc9b6f619f3d00162b1c2 -> ba2be21a7486d37b1011342977a2e49d
  custom:scripting/monoscript/fileName/Benchmark01.cs: 1fef48c763f4be76a973f061699dd041 -> 2d3e2cd961730ab95f139a49a673bace
  custom:framework-win-MediaFoundation: 216162199b28c13a410421893ffa2e32 -> 
  custom:scripting/monoscript/fileName/UI_Manager.cs: 98fe954eecef79af161772dc64f463a1 -> 
  custom:scripting/monoscript/fileName/Benchmark02.cs: 92dcd0c0a469d0c0690d8ca0bfe95e6f -> 5640963252ce70910e726415f869ced6
  custom:scripting/monoscript/fileName/DropdownSample.cs: b4fe7efb027fdd4854f643ad764daa8c -> 0a92251794e5f10400149f96c3c59e5d
  custom:scripting/monoscript/fileName/WarpTextExample.cs: c5431dac938081648a3a3ac553c1029b -> 2663459c266363641981c7d17b698d7f
  custom:CustomObjectIndexerAttribute: 9a22284fe3817be447336de3de66b15e -> 
  custom:container-demuxer-webm: 4f35f7cbe854078d1ac9338744f61a02 -> 
  custom:scripting/monoscript/fileName/MainMenuButton.cs: e28869a6863284e74946ac915bb193f6 -> 
  custom:scripting/monoscript/fileName/ChatController.cs: ff21b89493e3dffcbe018a2cc5a10bae -> 876d5ccae6e345dd5d9450eb0a748f16
  custom:scripting/monoscript/fileName/TextMeshSpawner.cs: c0f20e5855e88374db1098a5acc68df4 -> 76f28e2ddb031571e6ec62b018f65fa8
  custom:scripting/monoscript/fileName/TeleType.cs: c18e16db35615314900dbe198d0144e7 -> 31fa97821c4c70f157ec81d507aa6b62
  custom:scripting/monoscript/fileName/Benchmark04.cs: 86dfb70824307c4cf164687df2489226 -> 32220b148620e52aa81c13a114862bf4
  custom:container-muxer-webm: aa71ff27fc2769a1b78a27578f13a17b -> 
  custom:video-decoder-webm-vp8: 9c59270c3fd7afecdb556c50c9e8de78 -> 
  custom:scripting/monoscript/fileName/TMP_PhoneNumberValidator.cs: b4c1c54136dffeb4e2962027ebaa6b1f -> 7c3049f481e464c6a9a15dee56c3126f
  custom:SearchIndexIgnoredProperties: e643bd26f0fe6173181afceb89e7c659 -> 
  custom:AudioImporter_EditorPlatform: d09bf68614088b80899f8185d706f6e7 -> 
  custom:scripting/monoscript/fileName/EnvMapAnimator.cs: 08e040d459cd881082c0dd5daba5f85c -> 1b4f61c17e4b7283c3ac351aacff9d26
  custom:scripting/monoscript/fileName/ShaderPropAnimator.cs: 88b70bc5bbc15375387323f48f0661cf -> 55ce425812446482e623ff2695c94cb2
  custom:scripting/monoscript/fileName/SimpleScript.cs: dcd92cf7399b0d08e25e4a66ab57e91e -> 454caab0c6c050f29b39d82e1d66d0fa
  custom:scripting/monoscript/fileName/ObjectSpin.cs: b34dd4d17018731600f920d50ca840f7 -> 2b96bb2079dd7fa5108d981627a28e1e
  custom:scripting/monoscript/fileName/CameraController.cs: 8d43c2def3a67efed518259a2232b470 -> 34b6be4e23ce86dc89786916c5983296
  custom:scripting/monoscript/fileName/TMP_TextInfoDebugTool.cs: 7aad42023b6f5112c90650ae13bd6dd8 -> 3f1709cfb2cc628169113a35b5e9be3f
  custom:scripting/monoscript/fileName/TMP_TextSelector_A.cs: 088357b4acdc1e6288d897936d29c8d3 -> 347309a09d56e367b188a6978f75b424
  custom:video-encoder-webm-vp8: eb34c28f22e8b96e1ab97ce403110664 -> 
  custom:audio-decoder-ogg-vorbis: bf7c407c2cedff20999df2af8eb42d56 -> 
  custom:scripting/monoscript/fileName/VertexJitter.cs: 6330f950b41eff6e5970f129864ecd6c -> d27eb5498e48714a66aece98da065133
  custom:scripting/monoscript/fileName/TextConsoleSimulator.cs: f2c8898b26c0cf2b0a1c7d12d99e6769 -> 33fc311abb20b5b0ed8f00e4d86b574e
  custom:scripting/monoscript/fileName/VertexColorCycler.cs: 135fb0ebdaf256193ccc08218c426c64 -> 5f984ca91cf3609293aecc6bc5641572
  custom:scripting/monoscript/fileName/TMP_FrameRateCounter.cs: 8afeb6f0251e063dcfff2bd827f92c62 -> 46f655df8cb483ac5958307137b1585a
  custom:scripting/monoscript/fileName/VertexShakeB.cs: 587e5b2aecc39120c2c9ff69742ce897 -> a6f78c4fcda1a29a1a1c1baefedba9e7
  custom:scripting/monoscript/fileName/TMP_UiFrameRateCounter.cs: 8fa3bcf761bb5076fd90d0361518d59c -> b01021aea19247f14a98ab338907956a
  custom:scripting/monoscript/fileName/TMPro_InstructionOverlay.cs: 194f3617683541355a9c6c8193e87b1c -> b626d2270e6ebd5c4311585c18b58d8d
  custom:scripting/monoscript/fileName/TMP_DigitValidator.cs: 4e5cde653ae28b90ab257e866c94dfce -> ac02af96215ae3951a3cce9e1a8c6085
  custom:audio-encoder-webm-vorbis: bf7c407c2cedff20999df2af8eb42d56 -> 
  custom:scripting/monoscript/fileName/Cube_Controller.cs: acd00592fa72aff7217b78bae7072f77 -> 
  custom:scripting/monoscript/fileName/Benchmark01_UGUI.cs: 52a24b07fcdd062ef495404efdb65870 -> 6148cfe2627b7708298f301788144139
  custom:scripting/precompiled-assembly-types:Assembly-CSharp: 252627b8445d6767445947e474900fe4 -> f39d0e8e1a2bdc72903fb33acfa56b16
  custom:scripting/monoscript/fileName/Benchmark03.cs: 520976d641c2b7cf395e30b045f5a45d -> 17cc87e0529ac71d909a946afb47a274
========================================================================
Received Prepare
Caller must complete domain reload
Begin MonoManager ReloadAssembly
- Loaded All Assemblies, in  0.349 seconds
Native extension for WindowsStandalone target not found
Native extension for Android target not found
Native extension for WebGL target not found
Mono: successfully reloaded assembly
- Finished resetting the current domain, in  0.909 seconds
Domain Reload Profiling: 1258ms
	BeginReloadAssembly (136ms)
		ExecutionOrderSort (0ms)
		DisableScriptedObjects (5ms)
		BackupInstance (0ms)
		ReleaseScriptingObjects (0ms)
		CreateAndSetChildDomain (32ms)
	RebuildCommonClasses (28ms)
	RebuildNativeTypeToScriptingClass (8ms)
	initialDomainReloadingComplete (22ms)
	LoadAllAssembliesAndSetupDomain (154ms)
		LoadAssemblies (213ms)
		RebuildTransferFunctionScriptingTraits (0ms)
		AnalyzeDomain (12ms)
			TypeCache.Refresh (5ms)
				TypeCache.ScanAssembly (0ms)
			ScanForSourceGeneratedMonoScriptInfo (0ms)
			ResolveRequiredComponents (5ms)
	FinalizeReload (910ms)
		ReleaseScriptCaches (0ms)
		RebuildScriptCaches (0ms)
		SetupLoadedEditorAssemblies (511ms)
			LogAssemblyErrors (0ms)
			InitializePlatformSupportModulesInManaged (17ms)
			SetLoadedEditorAssemblies (5ms)
			RefreshPlugins (0ms)
			BeforeProcessingInitializeOnLoad (61ms)
			ProcessInitializeOnLoadAttributes (403ms)
			ProcessInitializeOnLoadMethodAttributes (22ms)
			AfterProcessingInitializeOnLoad (2ms)
			EditorAssembliesLoaded (0ms)
		ExecutionOrderSort2 (0ms)
		AwakeInstancesAfterBackupRestoration (6ms)
Refreshing native plugins compatible for Editor in 4.67 ms, found 6 plugins.
Preloading 0 native plugins for Editor in 0.00 ms.
Unloading 3345 Unused Serialized files (Serialized files now loaded: 0)
Unloading 14 unused Assets / (28.5 KB). Loaded Objects now: 4036.
Memory consumption went from 129.3 MB to 129.3 MB.
Total: 7.089000 ms (FindLiveObjects: 0.482400 ms CreateObjectMapping: 0.233900 ms MarkObjects: 6.284900 ms  DeleteObjects: 0.086000 ms)

Prepare: number of updated asset objects reloaded= 0
AssetImportParameters requested are different than current active one (requested -> active):
  custom:scripting/monoscript/fileName/SkewTextExample.cs: f96859e31fd6dde308d9dc2a2488dcff -> c142d02d70a129e0533975f7c2f96956
  custom:container-demuxer-ogg: 62fdf1f143b41e24485cea50d1cbac27 -> 
  custom:scripting/monoscript/fileName/TMP_TextEventHandler.cs: d0f86a17d6fd3e9995db934eaaf34f18 -> f5cd9d5a43bfefc8f4fec80e6de896a4
  custom:scripting/monoscript/fileName/TextMeshProFloatingText.cs: 5a37842f75734e7729f89af9a8145a1a -> 92608fa4a6315cd0786d82205e77b697
  custom:scripting/monoscript/fileName/VertexZoom.cs: 2da4737d79388c0362c64482e9ee50d2 -> 650ab1e81d40126e3edcf737cce646e4
  custom:video-codec-MediaFoundation-h265: 746d11721c4dcdbdad8f713fa42b33f4 -> 
  custom:scripting/monoscript/fileName/VertexShakeA.cs: 16900906a98712c9660b9823af1f2500 -> 63ec564c588058369499638dd899e05b
  custom:scripting/monoscript/fileName/TMP_ExampleScript_01.cs: 59997facf165601d8c6263ace2a973a5 -> a9d4be556104ff54e7d240529b3e01dc
  custom:video-decoder-ogg-theora: a1e56fd34408186e4bbccfd4996cb3dc -> 
  custom:scripting/monoscript/fileName/TMP_TextEventCheck.cs: 7ee93fce990cec7a5b67b504d0259dce -> 13505d917eab5868c435e0c2986dadfa
  custom:scripting/monoscript/fileName/TMP_TextSelector_B.cs: c0db108de9ffc9b6f619f3d00162b1c2 -> ba2be21a7486d37b1011342977a2e49d
  custom:scripting/monoscript/fileName/Benchmark01.cs: 1fef48c763f4be76a973f061699dd041 -> 2d3e2cd961730ab95f139a49a673bace
  custom:framework-win-MediaFoundation: 216162199b28c13a410421893ffa2e32 -> 
  custom:scripting/monoscript/fileName/UI_Manager.cs: 98fe954eecef79af161772dc64f463a1 -> 
  custom:scripting/monoscript/fileName/Benchmark02.cs: 92dcd0c0a469d0c0690d8ca0bfe95e6f -> 5640963252ce70910e726415f869ced6
  custom:scripting/monoscript/fileName/DropdownSample.cs: b4fe7efb027fdd4854f643ad764daa8c -> 0a92251794e5f10400149f96c3c59e5d
  custom:scripting/monoscript/fileName/WarpTextExample.cs: c5431dac938081648a3a3ac553c1029b -> 2663459c266363641981c7d17b698d7f
  custom:CustomObjectIndexerAttribute: 9a22284fe3817be447336de3de66b15e -> 
  custom:container-demuxer-webm: 4f35f7cbe854078d1ac9338744f61a02 -> 
  custom:scripting/monoscript/fileName/MainMenuButton.cs: e28869a6863284e74946ac915bb193f6 -> 
  custom:scripting/monoscript/fileName/ChatController.cs: ff21b89493e3dffcbe018a2cc5a10bae -> 876d5ccae6e345dd5d9450eb0a748f16
  custom:scripting/monoscript/fileName/TextMeshSpawner.cs: c0f20e5855e88374db1098a5acc68df4 -> 76f28e2ddb031571e6ec62b018f65fa8
  custom:scripting/monoscript/fileName/TeleType.cs: c18e16db35615314900dbe198d0144e7 -> 31fa97821c4c70f157ec81d507aa6b62
  custom:scripting/monoscript/fileName/Benchmark04.cs: 86dfb70824307c4cf164687df2489226 -> 32220b148620e52aa81c13a114862bf4
  custom:container-muxer-webm: aa71ff27fc2769a1b78a27578f13a17b -> 
  custom:video-decoder-webm-vp8: 9c59270c3fd7afecdb556c50c9e8de78 -> 
  custom:scripting/monoscript/fileName/TMP_PhoneNumberValidator.cs: b4c1c54136dffeb4e2962027ebaa6b1f -> 7c3049f481e464c6a9a15dee56c3126f
  custom:SearchIndexIgnoredProperties: e643bd26f0fe6173181afceb89e7c659 -> 
  custom:AudioImporter_EditorPlatform: d09bf68614088b80899f8185d706f6e7 -> 
  custom:scripting/monoscript/fileName/EnvMapAnimator.cs: 08e040d459cd881082c0dd5daba5f85c -> 1b4f61c17e4b7283c3ac351aacff9d26
  custom:scripting/monoscript/fileName/ShaderPropAnimator.cs: 88b70bc5bbc15375387323f48f0661cf -> 55ce425812446482e623ff2695c94cb2
  custom:scripting/monoscript/fileName/SimpleScript.cs: dcd92cf7399b0d08e25e4a66ab57e91e -> 454caab0c6c050f29b39d82e1d66d0fa
  custom:scripting/monoscript/fileName/ObjectSpin.cs: b34dd4d17018731600f920d50ca840f7 -> 2b96bb2079dd7fa5108d981627a28e1e
  custom:scripting/monoscript/fileName/CameraController.cs: 8d43c2def3a67efed518259a2232b470 -> 34b6be4e23ce86dc89786916c5983296
  custom:scripting/monoscript/fileName/TMP_TextInfoDebugTool.cs: 7aad42023b6f5112c90650ae13bd6dd8 -> 3f1709cfb2cc628169113a35b5e9be3f
  custom:scripting/monoscript/fileName/TMP_TextSelector_A.cs: 088357b4acdc1e6288d897936d29c8d3 -> 347309a09d56e367b188a6978f75b424
  custom:video-encoder-webm-vp8: eb34c28f22e8b96e1ab97ce403110664 -> 
  custom:audio-decoder-ogg-vorbis: bf7c407c2cedff20999df2af8eb42d56 -> 
  custom:scripting/monoscript/fileName/VertexJitter.cs: 6330f950b41eff6e5970f129864ecd6c -> d27eb5498e48714a66aece98da065133
  custom:scripting/monoscript/fileName/TextConsoleSimulator.cs: f2c8898b26c0cf2b0a1c7d12d99e6769 -> 33fc311abb20b5b0ed8f00e4d86b574e
  custom:scripting/monoscript/fileName/VertexColorCycler.cs: 135fb0ebdaf256193ccc08218c426c64 -> 5f984ca91cf3609293aecc6bc5641572
  custom:scripting/monoscript/fileName/TMP_FrameRateCounter.cs: 8afeb6f0251e063dcfff2bd827f92c62 -> 46f655df8cb483ac5958307137b1585a
  custom:scripting/monoscript/fileName/VertexShakeB.cs: 587e5b2aecc39120c2c9ff69742ce897 -> a6f78c4fcda1a29a1a1c1baefedba9e7
  custom:scripting/monoscript/fileName/TMP_UiFrameRateCounter.cs: 8fa3bcf761bb5076fd90d0361518d59c -> b01021aea19247f14a98ab338907956a
  custom:scripting/monoscript/fileName/TMPro_InstructionOverlay.cs: 194f3617683541355a9c6c8193e87b1c -> b626d2270e6ebd5c4311585c18b58d8d
  custom:scripting/monoscript/fileName/TMP_DigitValidator.cs: 4e5cde653ae28b90ab257e866c94dfce -> ac02af96215ae3951a3cce9e1a8c6085
  custom:audio-encoder-webm-vorbis: bf7c407c2cedff20999df2af8eb42d56 -> 
  custom:scripting/monoscript/fileName/Cube_Controller.cs: acd00592fa72aff7217b78bae7072f77 -> 
  custom:scripting/monoscript/fileName/Benchmark01_UGUI.cs: 52a24b07fcdd062ef495404efdb65870 -> 6148cfe2627b7708298f301788144139
  custom:scripting/precompiled-assembly-types:Assembly-CSharp: 252627b8445d6767445947e474900fe4 -> f39d0e8e1a2bdc72903fb33acfa56b16
  custom:scripting/monoscript/fileName/Benchmark03.cs: 520976d641c2b7cf395e30b045f5a45d -> 17cc87e0529ac71d909a946afb47a274
========================================================================
Received Prepare
Caller must complete domain reload
Begin MonoManager ReloadAssembly
- Loaded All Assemblies, in  0.347 seconds
Native extension for WindowsStandalone target not found
Native extension for Android target not found
Native extension for WebGL target not found
Mono: successfully reloaded assembly
- Finished resetting the current domain, in  0.936 seconds
Domain Reload Profiling: 1284ms
	BeginReloadAssembly (136ms)
		ExecutionOrderSort (0ms)
		DisableScriptedObjects (5ms)
		BackupInstance (0ms)
		ReleaseScriptingObjects (0ms)
		CreateAndSetChildDomain (36ms)
	RebuildCommonClasses (27ms)
	RebuildNativeTypeToScriptingClass (8ms)
	initialDomainReloadingComplete (22ms)
	LoadAllAssembliesAndSetupDomain (154ms)
		LoadAssemblies (212ms)
		RebuildTransferFunctionScriptingTraits (0ms)
		AnalyzeDomain (11ms)
			TypeCache.Refresh (5ms)
				TypeCache.ScanAssembly (0ms)
			ScanForSourceGeneratedMonoScriptInfo (0ms)
			ResolveRequiredComponents (5ms)
	FinalizeReload (937ms)
		ReleaseScriptCaches (0ms)
		RebuildScriptCaches (0ms)
		SetupLoadedEditorAssemblies (526ms)
			LogAssemblyErrors (0ms)
			InitializePlatformSupportModulesInManaged (16ms)
			SetLoadedEditorAssemblies (4ms)
			RefreshPlugins (0ms)
			BeforeProcessingInitializeOnLoad (54ms)
			ProcessInitializeOnLoadAttributes (429ms)
			ProcessInitializeOnLoadMethodAttributes (20ms)
			AfterProcessingInitializeOnLoad (2ms)
			EditorAssembliesLoaded (0ms)
		ExecutionOrderSort2 (0ms)
		AwakeInstancesAfterBackupRestoration (7ms)
Refreshing native plugins compatible for Editor in 4.42 ms, found 6 plugins.
Preloading 0 native plugins for Editor in 0.00 ms.
Unloading 3345 Unused Serialized files (Serialized files now loaded: 0)
Unloading 14 unused Assets / (28.5 KB). Loaded Objects now: 4039.
Memory consumption went from 129.3 MB to 129.3 MB.
Total: 6.826600 ms (FindLiveObjects: 0.705800 ms CreateObjectMapping: 0.255200 ms MarkObjects: 5.777000 ms  DeleteObjects: 0.082800 ms)

Prepare: number of updated asset objects reloaded= 0
AssetImportParameters requested are different than current active one (requested -> active):
  custom:scripting/monoscript/fileName/SkewTextExample.cs: f96859e31fd6dde308d9dc2a2488dcff -> c142d02d70a129e0533975f7c2f96956
  custom:container-demuxer-ogg: 62fdf1f143b41e24485cea50d1cbac27 -> 
  custom:scripting/monoscript/fileName/TMP_TextEventHandler.cs: d0f86a17d6fd3e9995db934eaaf34f18 -> f5cd9d5a43bfefc8f4fec80e6de896a4
  custom:scripting/monoscript/fileName/TextMeshProFloatingText.cs: 5a37842f75734e7729f89af9a8145a1a -> 92608fa4a6315cd0786d82205e77b697
  custom:scripting/monoscript/fileName/VertexZoom.cs: 2da4737d79388c0362c64482e9ee50d2 -> 650ab1e81d40126e3edcf737cce646e4
  custom:video-codec-MediaFoundation-h265: 746d11721c4dcdbdad8f713fa42b33f4 -> 
  custom:scripting/monoscript/fileName/VertexShakeA.cs: 16900906a98712c9660b9823af1f2500 -> 63ec564c588058369499638dd899e05b
  custom:scripting/monoscript/fileName/TMP_ExampleScript_01.cs: 59997facf165601d8c6263ace2a973a5 -> a9d4be556104ff54e7d240529b3e01dc
  custom:video-decoder-ogg-theora: a1e56fd34408186e4bbccfd4996cb3dc -> 
  custom:scripting/monoscript/fileName/TMP_TextEventCheck.cs: 7ee93fce990cec7a5b67b504d0259dce -> 13505d917eab5868c435e0c2986dadfa
  custom:scripting/monoscript/fileName/TMP_TextSelector_B.cs: c0db108de9ffc9b6f619f3d00162b1c2 -> ba2be21a7486d37b1011342977a2e49d
  custom:scripting/monoscript/fileName/Benchmark01.cs: 1fef48c763f4be76a973f061699dd041 -> 2d3e2cd961730ab95f139a49a673bace
  custom:framework-win-MediaFoundation: 216162199b28c13a410421893ffa2e32 -> 
  custom:scripting/monoscript/fileName/UI_Manager.cs: 98fe954eecef79af161772dc64f463a1 -> 
  custom:scripting/monoscript/fileName/Benchmark02.cs: 92dcd0c0a469d0c0690d8ca0bfe95e6f -> 5640963252ce70910e726415f869ced6
  custom:scripting/monoscript/fileName/DropdownSample.cs: b4fe7efb027fdd4854f643ad764daa8c -> 0a92251794e5f10400149f96c3c59e5d
  custom:scripting/monoscript/fileName/WarpTextExample.cs: c5431dac938081648a3a3ac553c1029b -> 2663459c266363641981c7d17b698d7f
  custom:CustomObjectIndexerAttribute: 9a22284fe3817be447336de3de66b15e -> 
  custom:container-demuxer-webm: 4f35f7cbe854078d1ac9338744f61a02 -> 
  custom:scripting/monoscript/fileName/MainMenuButton.cs: e28869a6863284e74946ac915bb193f6 -> 
  custom:scripting/monoscript/fileName/ChatController.cs: ff21b89493e3dffcbe018a2cc5a10bae -> 876d5ccae6e345dd5d9450eb0a748f16
  custom:scripting/monoscript/fileName/TextMeshSpawner.cs: c0f20e5855e88374db1098a5acc68df4 -> 76f28e2ddb031571e6ec62b018f65fa8
  custom:scripting/monoscript/fileName/TeleType.cs: c18e16db35615314900dbe198d0144e7 -> 31fa97821c4c70f157ec81d507aa6b62
  custom:scripting/monoscript/fileName/Benchmark04.cs: 86dfb70824307c4cf164687df2489226 -> 32220b148620e52aa81c13a114862bf4
  custom:container-muxer-webm: aa71ff27fc2769a1b78a27578f13a17b -> 
  custom:video-decoder-webm-vp8: 9c59270c3fd7afecdb556c50c9e8de78 -> 
  custom:scripting/monoscript/fileName/TMP_PhoneNumberValidator.cs: b4c1c54136dffeb4e2962027ebaa6b1f -> 7c3049f481e464c6a9a15dee56c3126f
  custom:SearchIndexIgnoredProperties: e643bd26f0fe6173181afceb89e7c659 -> 
  custom:AudioImporter_EditorPlatform: d09bf68614088b80899f8185d706f6e7 -> 
  custom:scripting/monoscript/fileName/EnvMapAnimator.cs: 08e040d459cd881082c0dd5daba5f85c -> 1b4f61c17e4b7283c3ac351aacff9d26
  custom:scripting/monoscript/fileName/ShaderPropAnimator.cs: 88b70bc5bbc15375387323f48f0661cf -> 55ce425812446482e623ff2695c94cb2
  custom:scripting/monoscript/fileName/SimpleScript.cs: dcd92cf7399b0d08e25e4a66ab57e91e -> 454caab0c6c050f29b39d82e1d66d0fa
  custom:scripting/monoscript/fileName/ObjectSpin.cs: b34dd4d17018731600f920d50ca840f7 -> 2b96bb2079dd7fa5108d981627a28e1e
  custom:scripting/monoscript/fileName/CameraController.cs: 8d43c2def3a67efed518259a2232b470 -> 34b6be4e23ce86dc89786916c5983296
  custom:scripting/monoscript/fileName/TMP_TextInfoDebugTool.cs: 7aad42023b6f5112c90650ae13bd6dd8 -> 3f1709cfb2cc628169113a35b5e9be3f
  custom:scripting/monoscript/fileName/TMP_TextSelector_A.cs: 088357b4acdc1e6288d897936d29c8d3 -> 347309a09d56e367b188a6978f75b424
  custom:video-encoder-webm-vp8: eb34c28f22e8b96e1ab97ce403110664 -> 
  custom:audio-decoder-ogg-vorbis: bf7c407c2cedff20999df2af8eb42d56 -> 
  custom:scripting/monoscript/fileName/VertexJitter.cs: 6330f950b41eff6e5970f129864ecd6c -> d27eb5498e48714a66aece98da065133
  custom:scripting/monoscript/fileName/TextConsoleSimulator.cs: f2c8898b26c0cf2b0a1c7d12d99e6769 -> 33fc311abb20b5b0ed8f00e4d86b574e
  custom:scripting/monoscript/fileName/VertexColorCycler.cs: 135fb0ebdaf256193ccc08218c426c64 -> 5f984ca91cf3609293aecc6bc5641572
  custom:scripting/monoscript/fileName/TMP_FrameRateCounter.cs: 8afeb6f0251e063dcfff2bd827f92c62 -> 46f655df8cb483ac5958307137b1585a
  custom:scripting/monoscript/fileName/VertexShakeB.cs: 587e5b2aecc39120c2c9ff69742ce897 -> a6f78c4fcda1a29a1a1c1baefedba9e7
  custom:scripting/monoscript/fileName/TMP_UiFrameRateCounter.cs: 8fa3bcf761bb5076fd90d0361518d59c -> b01021aea19247f14a98ab338907956a
  custom:scripting/monoscript/fileName/TMPro_InstructionOverlay.cs: 194f3617683541355a9c6c8193e87b1c -> b626d2270e6ebd5c4311585c18b58d8d
  custom:scripting/monoscript/fileName/TMP_DigitValidator.cs: 4e5cde653ae28b90ab257e866c94dfce -> ac02af96215ae3951a3cce9e1a8c6085
  custom:audio-encoder-webm-vorbis: bf7c407c2cedff20999df2af8eb42d56 -> 
  custom:scripting/monoscript/fileName/Cube_Controller.cs: acd00592fa72aff7217b78bae7072f77 -> 
  custom:scripting/monoscript/fileName/Benchmark01_UGUI.cs: 52a24b07fcdd062ef495404efdb65870 -> 6148cfe2627b7708298f301788144139
  custom:scripting/precompiled-assembly-types:Assembly-CSharp: 252627b8445d6767445947e474900fe4 -> f39d0e8e1a2bdc72903fb33acfa56b16
  custom:scripting/monoscript/fileName/Benchmark03.cs: 520976d641c2b7cf395e30b045f5a45d -> 17cc87e0529ac71d909a946afb47a274
========================================================================
Received Prepare
Caller must complete domain reload
Begin MonoManager ReloadAssembly
- Loaded All Assemblies, in  0.651 seconds
Native extension for WindowsStandalone target not found
Native extension for Android target not found
Native extension for WebGL target not found
Mono: successfully reloaded assembly
- Finished resetting the current domain, in  1.839 seconds
Domain Reload Profiling: 2490ms
	BeginReloadAssembly (228ms)
		ExecutionOrderSort (0ms)
		DisableScriptedObjects (9ms)
		BackupInstance (0ms)
		ReleaseScriptingObjects (0ms)
		CreateAndSetChildDomain (49ms)
	RebuildCommonClasses (59ms)
	RebuildNativeTypeToScriptingClass (20ms)
	initialDomainReloadingComplete (45ms)
	LoadAllAssembliesAndSetupDomain (299ms)
		LoadAssemblies (386ms)
		RebuildTransferFunctionScriptingTraits (0ms)
		AnalyzeDomain (44ms)
			TypeCache.Refresh (16ms)
				TypeCache.ScanAssembly (2ms)
			ScanForSourceGeneratedMonoScriptInfo (12ms)
			ResolveRequiredComponents (12ms)
	FinalizeReload (1839ms)
		ReleaseScriptCaches (0ms)
		RebuildScriptCaches (0ms)
		SetupLoadedEditorAssemblies (997ms)
			LogAssemblyErrors (0ms)
			InitializePlatformSupportModulesInManaged (33ms)
			SetLoadedEditorAssemblies (9ms)
			RefreshPlugins (0ms)
			BeforeProcessingInitializeOnLoad (105ms)
			ProcessInitializeOnLoadAttributes (811ms)
			ProcessInitializeOnLoadMethodAttributes (35ms)
			AfterProcessingInitializeOnLoad (3ms)
			EditorAssembliesLoaded (0ms)
		ExecutionOrderSort2 (0ms)
		AwakeInstancesAfterBackupRestoration (9ms)
Refreshing native plugins compatible for Editor in 5.03 ms, found 6 plugins.
Preloading 0 native plugins for Editor in 0.00 ms.
Unloading 3345 Unused Serialized files (Serialized files now loaded: 0)
Unloading 14 unused Assets / (28.5 KB). Loaded Objects now: 4042.
Memory consumption went from 129.3 MB to 129.3 MB.
Total: 7.222400 ms (FindLiveObjects: 0.532600 ms CreateObjectMapping: 0.166400 ms MarkObjects: 6.423500 ms  DeleteObjects: 0.098300 ms)

Prepare: number of updated asset objects reloaded= 0
AssetImportParameters requested are different than current active one (requested -> active):
  custom:scripting/monoscript/fileName/SkewTextExample.cs: f96859e31fd6dde308d9dc2a2488dcff -> c142d02d70a129e0533975f7c2f96956
  custom:container-demuxer-ogg: 62fdf1f143b41e24485cea50d1cbac27 -> 
  custom:scripting/monoscript/fileName/TMP_TextEventHandler.cs: d0f86a17d6fd3e9995db934eaaf34f18 -> f5cd9d5a43bfefc8f4fec80e6de896a4
  custom:scripting/monoscript/fileName/TextMeshProFloatingText.cs: 5a37842f75734e7729f89af9a8145a1a -> 92608fa4a6315cd0786d82205e77b697
  custom:scripting/monoscript/fileName/VertexZoom.cs: 2da4737d79388c0362c64482e9ee50d2 -> 650ab1e81d40126e3edcf737cce646e4
  custom:video-codec-MediaFoundation-h265: 746d11721c4dcdbdad8f713fa42b33f4 -> 
  custom:scripting/monoscript/fileName/VertexShakeA.cs: 16900906a98712c9660b9823af1f2500 -> 63ec564c588058369499638dd899e05b
  custom:scripting/monoscript/fileName/TMP_ExampleScript_01.cs: 59997facf165601d8c6263ace2a973a5 -> a9d4be556104ff54e7d240529b3e01dc
  custom:video-decoder-ogg-theora: a1e56fd34408186e4bbccfd4996cb3dc -> 
  custom:scripting/monoscript/fileName/TMP_TextEventCheck.cs: 7ee93fce990cec7a5b67b504d0259dce -> 13505d917eab5868c435e0c2986dadfa
  custom:scripting/monoscript/fileName/TMP_TextSelector_B.cs: c0db108de9ffc9b6f619f3d00162b1c2 -> ba2be21a7486d37b1011342977a2e49d
  custom:scripting/monoscript/fileName/Benchmark01.cs: 1fef48c763f4be76a973f061699dd041 -> 2d3e2cd961730ab95f139a49a673bace
  custom:framework-win-MediaFoundation: 216162199b28c13a410421893ffa2e32 -> 
  custom:scripting/monoscript/fileName/UI_Manager.cs: 98fe954eecef79af161772dc64f463a1 -> 
  custom:scripting/monoscript/fileName/Benchmark02.cs: 92dcd0c0a469d0c0690d8ca0bfe95e6f -> 5640963252ce70910e726415f869ced6
  custom:scripting/monoscript/fileName/DropdownSample.cs: b4fe7efb027fdd4854f643ad764daa8c -> 0a92251794e5f10400149f96c3c59e5d
  custom:scripting/monoscript/fileName/WarpTextExample.cs: c5431dac938081648a3a3ac553c1029b -> 2663459c266363641981c7d17b698d7f
  custom:CustomObjectIndexerAttribute: 9a22284fe3817be447336de3de66b15e -> 
  custom:container-demuxer-webm: 4f35f7cbe854078d1ac9338744f61a02 -> 
  custom:scripting/monoscript/fileName/MainMenuButton.cs: e28869a6863284e74946ac915bb193f6 -> 
  custom:scripting/monoscript/fileName/ChatController.cs: ff21b89493e3dffcbe018a2cc5a10bae -> 876d5ccae6e345dd5d9450eb0a748f16
  custom:scripting/monoscript/fileName/TextMeshSpawner.cs: c0f20e5855e88374db1098a5acc68df4 -> 76f28e2ddb031571e6ec62b018f65fa8
  custom:scripting/monoscript/fileName/TeleType.cs: c18e16db35615314900dbe198d0144e7 -> 31fa97821c4c70f157ec81d507aa6b62
  custom:scripting/monoscript/fileName/Benchmark04.cs: 86dfb70824307c4cf164687df2489226 -> 32220b148620e52aa81c13a114862bf4
  custom:container-muxer-webm: aa71ff27fc2769a1b78a27578f13a17b -> 
  custom:video-decoder-webm-vp8: 9c59270c3fd7afecdb556c50c9e8de78 -> 
  custom:scripting/monoscript/fileName/TMP_PhoneNumberValidator.cs: b4c1c54136dffeb4e2962027ebaa6b1f -> 7c3049f481e464c6a9a15dee56c3126f
  custom:SearchIndexIgnoredProperties: e643bd26f0fe6173181afceb89e7c659 -> 
  custom:AudioImporter_EditorPlatform: d09bf68614088b80899f8185d706f6e7 -> 
  custom:scripting/monoscript/fileName/EnvMapAnimator.cs: 08e040d459cd881082c0dd5daba5f85c -> 1b4f61c17e4b7283c3ac351aacff9d26
  custom:scripting/monoscript/fileName/ShaderPropAnimator.cs: 88b70bc5bbc15375387323f48f0661cf -> 55ce425812446482e623ff2695c94cb2
  custom:scripting/monoscript/fileName/SimpleScript.cs: dcd92cf7399b0d08e25e4a66ab57e91e -> 454caab0c6c050f29b39d82e1d66d0fa
  custom:scripting/monoscript/fileName/ObjectSpin.cs: b34dd4d17018731600f920d50ca840f7 -> 2b96bb2079dd7fa5108d981627a28e1e
  custom:scripting/monoscript/fileName/CameraController.cs: 8d43c2def3a67efed518259a2232b470 -> 34b6be4e23ce86dc89786916c5983296
  custom:scripting/monoscript/fileName/TMP_TextInfoDebugTool.cs: 7aad42023b6f5112c90650ae13bd6dd8 -> 3f1709cfb2cc628169113a35b5e9be3f
  custom:scripting/monoscript/fileName/TMP_TextSelector_A.cs: 088357b4acdc1e6288d897936d29c8d3 -> 347309a09d56e367b188a6978f75b424
  custom:video-encoder-webm-vp8: eb34c28f22e8b96e1ab97ce403110664 -> 
  custom:audio-decoder-ogg-vorbis: bf7c407c2cedff20999df2af8eb42d56 -> 
  custom:scripting/monoscript/fileName/VertexJitter.cs: 6330f950b41eff6e5970f129864ecd6c -> d27eb5498e48714a66aece98da065133
  custom:scripting/monoscript/fileName/TextConsoleSimulator.cs: f2c8898b26c0cf2b0a1c7d12d99e6769 -> 33fc311abb20b5b0ed8f00e4d86b574e
  custom:scripting/monoscript/fileName/VertexColorCycler.cs: 135fb0ebdaf256193ccc08218c426c64 -> 5f984ca91cf3609293aecc6bc5641572
  custom:scripting/monoscript/fileName/TMP_FrameRateCounter.cs: 8afeb6f0251e063dcfff2bd827f92c62 -> 46f655df8cb483ac5958307137b1585a
  custom:scripting/monoscript/fileName/VertexShakeB.cs: 587e5b2aecc39120c2c9ff69742ce897 -> a6f78c4fcda1a29a1a1c1baefedba9e7
  custom:scripting/monoscript/fileName/TMP_UiFrameRateCounter.cs: 8fa3bcf761bb5076fd90d0361518d59c -> b01021aea19247f14a98ab338907956a
  custom:scripting/monoscript/fileName/TMPro_InstructionOverlay.cs: 194f3617683541355a9c6c8193e87b1c -> b626d2270e6ebd5c4311585c18b58d8d
  custom:scripting/monoscript/fileName/TMP_DigitValidator.cs: 4e5cde653ae28b90ab257e866c94dfce -> ac02af96215ae3951a3cce9e1a8c6085
  custom:audio-encoder-webm-vorbis: bf7c407c2cedff20999df2af8eb42d56 -> 
  custom:scripting/monoscript/fileName/Cube_Controller.cs: acd00592fa72aff7217b78bae7072f77 -> 
  custom:scripting/monoscript/fileName/Benchmark01_UGUI.cs: 52a24b07fcdd062ef495404efdb65870 -> 6148cfe2627b7708298f301788144139
  custom:scripting/precompiled-assembly-types:Assembly-CSharp: 252627b8445d6767445947e474900fe4 -> f39d0e8e1a2bdc72903fb33acfa56b16
  custom:scripting/monoscript/fileName/Benchmark03.cs: 520976d641c2b7cf395e30b045f5a45d -> 17cc87e0529ac71d909a946afb47a274
========================================================================
Received Prepare
Caller must complete domain reload
Begin MonoManager ReloadAssembly
- Loaded All Assemblies, in  0.630 seconds
Native extension for WindowsStandalone target not found
Native extension for Android target not found
Native extension for WebGL target not found
Mono: successfully reloaded assembly
- Finished resetting the current domain, in  1.629 seconds
Domain Reload Profiling: 2259ms
	BeginReloadAssembly (229ms)
		ExecutionOrderSort (0ms)
		DisableScriptedObjects (10ms)
		BackupInstance (0ms)
		ReleaseScriptingObjects (0ms)
		CreateAndSetChildDomain (42ms)
	RebuildCommonClasses (59ms)
	RebuildNativeTypeToScriptingClass (16ms)
	initialDomainReloadingComplete (44ms)
	LoadAllAssembliesAndSetupDomain (282ms)
		LoadAssemblies (381ms)
		RebuildTransferFunctionScriptingTraits (0ms)
		AnalyzeDomain (38ms)
			TypeCache.Refresh (15ms)
				TypeCache.ScanAssembly (1ms)
			ScanForSourceGeneratedMonoScriptInfo (10ms)
			ResolveRequiredComponents (10ms)
	FinalizeReload (1630ms)
		ReleaseScriptCaches (0ms)
		RebuildScriptCaches (0ms)
		SetupLoadedEditorAssemblies (886ms)
			LogAssemblyErrors (0ms)
			InitializePlatformSupportModulesInManaged (31ms)
			SetLoadedEditorAssemblies (9ms)
			RefreshPlugins (0ms)
			BeforeProcessingInitializeOnLoad (113ms)
			ProcessInitializeOnLoadAttributes (714ms)
			ProcessInitializeOnLoadMethodAttributes (16ms)
			AfterProcessingInitializeOnLoad (3ms)
			EditorAssembliesLoaded (0ms)
		ExecutionOrderSort2 (0ms)
		AwakeInstancesAfterBackupRestoration (6ms)
Refreshing native plugins compatible for Editor in 4.85 ms, found 6 plugins.
Preloading 0 native plugins for Editor in 0.00 ms.
Unloading 3345 Unused Serialized files (Serialized files now loaded: 0)
Unloading 14 unused Assets / (28.6 KB). Loaded Objects now: 4045.
Memory consumption went from 129.3 MB to 129.3 MB.
Total: 6.147600 ms (FindLiveObjects: 0.578100 ms CreateObjectMapping: 0.251300 ms MarkObjects: 5.233700 ms  DeleteObjects: 0.082700 ms)

Prepare: number of updated asset objects reloaded= 0
AssetImportParameters requested are different than current active one (requested -> active):
  custom:scripting/monoscript/fileName/SkewTextExample.cs: f96859e31fd6dde308d9dc2a2488dcff -> c142d02d70a129e0533975f7c2f96956
  custom:container-demuxer-ogg: 62fdf1f143b41e24485cea50d1cbac27 -> 
  custom:scripting/monoscript/fileName/TMP_TextEventHandler.cs: d0f86a17d6fd3e9995db934eaaf34f18 -> f5cd9d5a43bfefc8f4fec80e6de896a4
  custom:scripting/monoscript/fileName/TextMeshProFloatingText.cs: 5a37842f75734e7729f89af9a8145a1a -> 92608fa4a6315cd0786d82205e77b697
  custom:scripting/monoscript/fileName/VertexZoom.cs: 2da4737d79388c0362c64482e9ee50d2 -> 650ab1e81d40126e3edcf737cce646e4
  custom:video-codec-MediaFoundation-h265: 746d11721c4dcdbdad8f713fa42b33f4 -> 
  custom:scripting/monoscript/fileName/VertexShakeA.cs: 16900906a98712c9660b9823af1f2500 -> 63ec564c588058369499638dd899e05b
  custom:scripting/monoscript/fileName/TMP_ExampleScript_01.cs: 59997facf165601d8c6263ace2a973a5 -> a9d4be556104ff54e7d240529b3e01dc
  custom:video-decoder-ogg-theora: a1e56fd34408186e4bbccfd4996cb3dc -> 
  custom:scripting/monoscript/fileName/TMP_TextEventCheck.cs: 7ee93fce990cec7a5b67b504d0259dce -> 13505d917eab5868c435e0c2986dadfa
  custom:scripting/monoscript/fileName/TMP_TextSelector_B.cs: c0db108de9ffc9b6f619f3d00162b1c2 -> ba2be21a7486d37b1011342977a2e49d
  custom:scripting/monoscript/fileName/Benchmark01.cs: 1fef48c763f4be76a973f061699dd041 -> 2d3e2cd961730ab95f139a49a673bace
  custom:framework-win-MediaFoundation: 216162199b28c13a410421893ffa2e32 -> 
  custom:scripting/monoscript/fileName/UI_Manager.cs: 98fe954eecef79af161772dc64f463a1 -> 
  custom:scripting/monoscript/fileName/Benchmark02.cs: 92dcd0c0a469d0c0690d8ca0bfe95e6f -> 5640963252ce70910e726415f869ced6
  custom:scripting/monoscript/fileName/DropdownSample.cs: b4fe7efb027fdd4854f643ad764daa8c -> 0a92251794e5f10400149f96c3c59e5d
  custom:scripting/monoscript/fileName/WarpTextExample.cs: c5431dac938081648a3a3ac553c1029b -> 2663459c266363641981c7d17b698d7f
  custom:CustomObjectIndexerAttribute: 9a22284fe3817be447336de3de66b15e -> 
  custom:container-demuxer-webm: 4f35f7cbe854078d1ac9338744f61a02 -> 
  custom:scripting/monoscript/fileName/MainMenuButton.cs: e28869a6863284e74946ac915bb193f6 -> 
  custom:scripting/monoscript/fileName/ChatController.cs: ff21b89493e3dffcbe018a2cc5a10bae -> 876d5ccae6e345dd5d9450eb0a748f16
  custom:scripting/monoscript/fileName/TextMeshSpawner.cs: c0f20e5855e88374db1098a5acc68df4 -> 76f28e2ddb031571e6ec62b018f65fa8
  custom:scripting/monoscript/fileName/TeleType.cs: c18e16db35615314900dbe198d0144e7 -> 31fa97821c4c70f157ec81d507aa6b62
  custom:scripting/monoscript/fileName/Benchmark04.cs: 86dfb70824307c4cf164687df2489226 -> 32220b148620e52aa81c13a114862bf4
  custom:container-muxer-webm: aa71ff27fc2769a1b78a27578f13a17b -> 
  custom:video-decoder-webm-vp8: 9c59270c3fd7afecdb556c50c9e8de78 -> 
  custom:scripting/monoscript/fileName/TMP_PhoneNumberValidator.cs: b4c1c54136dffeb4e2962027ebaa6b1f -> 7c3049f481e464c6a9a15dee56c3126f
  custom:SearchIndexIgnoredProperties: e643bd26f0fe6173181afceb89e7c659 -> 
  custom:AudioImporter_EditorPlatform: d09bf68614088b80899f8185d706f6e7 -> 
  custom:scripting/monoscript/fileName/EnvMapAnimator.cs: 08e040d459cd881082c0dd5daba5f85c -> 1b4f61c17e4b7283c3ac351aacff9d26
  custom:scripting/monoscript/fileName/ShaderPropAnimator.cs: 88b70bc5bbc15375387323f48f0661cf -> 55ce425812446482e623ff2695c94cb2
  custom:scripting/monoscript/fileName/SimpleScript.cs: dcd92cf7399b0d08e25e4a66ab57e91e -> 454caab0c6c050f29b39d82e1d66d0fa
  custom:scripting/monoscript/fileName/ObjectSpin.cs: b34dd4d17018731600f920d50ca840f7 -> 2b96bb2079dd7fa5108d981627a28e1e
  custom:scripting/monoscript/fileName/CameraController.cs: 8d43c2def3a67efed518259a2232b470 -> 34b6be4e23ce86dc89786916c5983296
  custom:scripting/monoscript/fileName/TMP_TextInfoDebugTool.cs: 7aad42023b6f5112c90650ae13bd6dd8 -> 3f1709cfb2cc628169113a35b5e9be3f
  custom:scripting/monoscript/fileName/TMP_TextSelector_A.cs: 088357b4acdc1e6288d897936d29c8d3 -> 347309a09d56e367b188a6978f75b424
  custom:video-encoder-webm-vp8: eb34c28f22e8b96e1ab97ce403110664 -> 
  custom:audio-decoder-ogg-vorbis: bf7c407c2cedff20999df2af8eb42d56 -> 
  custom:scripting/monoscript/fileName/VertexJitter.cs: 6330f950b41eff6e5970f129864ecd6c -> d27eb5498e48714a66aece98da065133
  custom:scripting/monoscript/fileName/TextConsoleSimulator.cs: f2c8898b26c0cf2b0a1c7d12d99e6769 -> 33fc311abb20b5b0ed8f00e4d86b574e
  custom:scripting/monoscript/fileName/VertexColorCycler.cs: 135fb0ebdaf256193ccc08218c426c64 -> 5f984ca91cf3609293aecc6bc5641572
  custom:scripting/monoscript/fileName/TMP_FrameRateCounter.cs: 8afeb6f0251e063dcfff2bd827f92c62 -> 46f655df8cb483ac5958307137b1585a
  custom:scripting/monoscript/fileName/VertexShakeB.cs: 587e5b2aecc39120c2c9ff69742ce897 -> a6f78c4fcda1a29a1a1c1baefedba9e7
  custom:scripting/monoscript/fileName/TMP_UiFrameRateCounter.cs: 8fa3bcf761bb5076fd90d0361518d59c -> b01021aea19247f14a98ab338907956a
  custom:scripting/monoscript/fileName/TMPro_InstructionOverlay.cs: 194f3617683541355a9c6c8193e87b1c -> b626d2270e6ebd5c4311585c18b58d8d
  custom:scripting/monoscript/fileName/TMP_DigitValidator.cs: 4e5cde653ae28b90ab257e866c94dfce -> ac02af96215ae3951a3cce9e1a8c6085
  custom:audio-encoder-webm-vorbis: bf7c407c2cedff20999df2af8eb42d56 -> 
  custom:scripting/monoscript/fileName/Cube_Controller.cs: acd00592fa72aff7217b78bae7072f77 -> 
  custom:scripting/monoscript/fileName/Benchmark01_UGUI.cs: 52a24b07fcdd062ef495404efdb65870 -> 6148cfe2627b7708298f301788144139
  custom:scripting/precompiled-assembly-types:Assembly-CSharp: 252627b8445d6767445947e474900fe4 -> f39d0e8e1a2bdc72903fb33acfa56b16
  custom:scripting/monoscript/fileName/Benchmark03.cs: 520976d641c2b7cf395e30b045f5a45d -> 17cc87e0529ac71d909a946afb47a274
========================================================================
Received Prepare
Caller must complete domain reload
Begin MonoManager ReloadAssembly
- Loaded All Assemblies, in  0.354 seconds
Native extension for WindowsStandalone target not found
Native extension for Android target not found
Native extension for WebGL target not found
Mono: successfully reloaded assembly
- Finished resetting the current domain, in  0.931 seconds
Domain Reload Profiling: 1285ms
	BeginReloadAssembly (136ms)
		ExecutionOrderSort (0ms)
		DisableScriptedObjects (5ms)
		BackupInstance (0ms)
		ReleaseScriptingObjects (0ms)
		CreateAndSetChildDomain (36ms)
	RebuildCommonClasses (29ms)
	RebuildNativeTypeToScriptingClass (9ms)
	initialDomainReloadingComplete (21ms)
	LoadAllAssembliesAndSetupDomain (158ms)
		LoadAssemblies (213ms)
		RebuildTransferFunctionScriptingTraits (0ms)
		AnalyzeDomain (13ms)
			TypeCache.Refresh (6ms)
				TypeCache.ScanAssembly (0ms)
			ScanForSourceGeneratedMonoScriptInfo (0ms)
			ResolveRequiredComponents (6ms)
	FinalizeReload (931ms)
		ReleaseScriptCaches (0ms)
		RebuildScriptCaches (0ms)
		SetupLoadedEditorAssemblies (524ms)
			LogAssemblyErrors (0ms)
			InitializePlatformSupportModulesInManaged (15ms)
			SetLoadedEditorAssemblies (4ms)
			RefreshPlugins (0ms)
			BeforeProcessingInitializeOnLoad (55ms)
			ProcessInitializeOnLoadAttributes (427ms)
			ProcessInitializeOnLoadMethodAttributes (21ms)
			AfterProcessingInitializeOnLoad (2ms)
			EditorAssembliesLoaded (0ms)
		ExecutionOrderSort2 (0ms)
		AwakeInstancesAfterBackupRestoration (7ms)
Refreshing native plugins compatible for Editor in 4.99 ms, found 6 plugins.
Preloading 0 native plugins for Editor in 0.00 ms.
Unloading 3345 Unused Serialized files (Serialized files now loaded: 0)
Unloading 14 unused Assets / (28.6 KB). Loaded Objects now: 4048.
Memory consumption went from 129.3 MB to 129.3 MB.
Total: 6.393200 ms (FindLiveObjects: 0.601200 ms CreateObjectMapping: 0.186900 ms MarkObjects: 5.525900 ms  DeleteObjects: 0.077500 ms)

Prepare: number of updated asset objects reloaded= 0
AssetImportParameters requested are different than current active one (requested -> active):
  custom:scripting/monoscript/fileName/SkewTextExample.cs: f96859e31fd6dde308d9dc2a2488dcff -> c142d02d70a129e0533975f7c2f96956
  custom:container-demuxer-ogg: 62fdf1f143b41e24485cea50d1cbac27 -> 
  custom:scripting/monoscript/fileName/TMP_TextEventHandler.cs: d0f86a17d6fd3e9995db934eaaf34f18 -> f5cd9d5a43bfefc8f4fec80e6de896a4
  custom:scripting/monoscript/fileName/TextMeshProFloatingText.cs: 5a37842f75734e7729f89af9a8145a1a -> 92608fa4a6315cd0786d82205e77b697
  custom:scripting/monoscript/fileName/VertexZoom.cs: 2da4737d79388c0362c64482e9ee50d2 -> 650ab1e81d40126e3edcf737cce646e4
  custom:video-codec-MediaFoundation-h265: 746d11721c4dcdbdad8f713fa42b33f4 -> 
  custom:scripting/monoscript/fileName/VertexShakeA.cs: 16900906a98712c9660b9823af1f2500 -> 63ec564c588058369499638dd899e05b
  custom:scripting/monoscript/fileName/TMP_ExampleScript_01.cs: 59997facf165601d8c6263ace2a973a5 -> a9d4be556104ff54e7d240529b3e01dc
  custom:video-decoder-ogg-theora: a1e56fd34408186e4bbccfd4996cb3dc -> 
  custom:scripting/monoscript/fileName/TMP_TextEventCheck.cs: 7ee93fce990cec7a5b67b504d0259dce -> 13505d917eab5868c435e0c2986dadfa
  custom:scripting/monoscript/fileName/TMP_TextSelector_B.cs: c0db108de9ffc9b6f619f3d00162b1c2 -> ba2be21a7486d37b1011342977a2e49d
  custom:scripting/monoscript/fileName/Benchmark01.cs: 1fef48c763f4be76a973f061699dd041 -> 2d3e2cd961730ab95f139a49a673bace
  custom:framework-win-MediaFoundation: 216162199b28c13a410421893ffa2e32 -> 
  custom:scripting/monoscript/fileName/UI_Manager.cs: 98fe954eecef79af161772dc64f463a1 -> 
  custom:scripting/monoscript/fileName/Benchmark02.cs: 92dcd0c0a469d0c0690d8ca0bfe95e6f -> 5640963252ce70910e726415f869ced6
  custom:scripting/monoscript/fileName/DropdownSample.cs: b4fe7efb027fdd4854f643ad764daa8c -> 0a92251794e5f10400149f96c3c59e5d
  custom:scripting/monoscript/fileName/WarpTextExample.cs: c5431dac938081648a3a3ac553c1029b -> 2663459c266363641981c7d17b698d7f
  custom:CustomObjectIndexerAttribute: 9a22284fe3817be447336de3de66b15e -> 
  custom:container-demuxer-webm: 4f35f7cbe854078d1ac9338744f61a02 -> 
  custom:scripting/monoscript/fileName/MainMenuButton.cs: e28869a6863284e74946ac915bb193f6 -> 
  custom:scripting/monoscript/fileName/ChatController.cs: ff21b89493e3dffcbe018a2cc5a10bae -> 876d5ccae6e345dd5d9450eb0a748f16
  custom:scripting/monoscript/fileName/TextMeshSpawner.cs: c0f20e5855e88374db1098a5acc68df4 -> 76f28e2ddb031571e6ec62b018f65fa8
  custom:scripting/monoscript/fileName/TeleType.cs: c18e16db35615314900dbe198d0144e7 -> 31fa97821c4c70f157ec81d507aa6b62
  custom:scripting/monoscript/fileName/Benchmark04.cs: 86dfb70824307c4cf164687df2489226 -> 32220b148620e52aa81c13a114862bf4
  custom:container-muxer-webm: aa71ff27fc2769a1b78a27578f13a17b -> 
  custom:video-decoder-webm-vp8: 9c59270c3fd7afecdb556c50c9e8de78 -> 
  custom:scripting/monoscript/fileName/TMP_PhoneNumberValidator.cs: b4c1c54136dffeb4e2962027ebaa6b1f -> 7c3049f481e464c6a9a15dee56c3126f
  custom:SearchIndexIgnoredProperties: e643bd26f0fe6173181afceb89e7c659 -> 
  custom:AudioImporter_EditorPlatform: d09bf68614088b80899f8185d706f6e7 -> 
  custom:scripting/monoscript/fileName/EnvMapAnimator.cs: 08e040d459cd881082c0dd5daba5f85c -> 1b4f61c17e4b7283c3ac351aacff9d26
  custom:scripting/monoscript/fileName/ShaderPropAnimator.cs: 88b70bc5bbc15375387323f48f0661cf -> 55ce425812446482e623ff2695c94cb2
  custom:scripting/monoscript/fileName/SimpleScript.cs: dcd92cf7399b0d08e25e4a66ab57e91e -> 454caab0c6c050f29b39d82e1d66d0fa
  custom:scripting/monoscript/fileName/ObjectSpin.cs: b34dd4d17018731600f920d50ca840f7 -> 2b96bb2079dd7fa5108d981627a28e1e
  custom:scripting/monoscript/fileName/CameraController.cs: 8d43c2def3a67efed518259a2232b470 -> 34b6be4e23ce86dc89786916c5983296
  custom:scripting/monoscript/fileName/TMP_TextInfoDebugTool.cs: 7aad42023b6f5112c90650ae13bd6dd8 -> 3f1709cfb2cc628169113a35b5e9be3f
  custom:scripting/monoscript/fileName/TMP_TextSelector_A.cs: 088357b4acdc1e6288d897936d29c8d3 -> 347309a09d56e367b188a6978f75b424
  custom:video-encoder-webm-vp8: eb34c28f22e8b96e1ab97ce403110664 -> 
  custom:audio-decoder-ogg-vorbis: bf7c407c2cedff20999df2af8eb42d56 -> 
  custom:scripting/monoscript/fileName/VertexJitter.cs: 6330f950b41eff6e5970f129864ecd6c -> d27eb5498e48714a66aece98da065133
  custom:scripting/monoscript/fileName/TextConsoleSimulator.cs: f2c8898b26c0cf2b0a1c7d12d99e6769 -> 33fc311abb20b5b0ed8f00e4d86b574e
  custom:scripting/monoscript/fileName/VertexColorCycler.cs: 135fb0ebdaf256193ccc08218c426c64 -> 5f984ca91cf3609293aecc6bc5641572
  custom:scripting/monoscript/fileName/TMP_FrameRateCounter.cs: 8afeb6f0251e063dcfff2bd827f92c62 -> 46f655df8cb483ac5958307137b1585a
  custom:scripting/monoscript/fileName/VertexShakeB.cs: 587e5b2aecc39120c2c9ff69742ce897 -> a6f78c4fcda1a29a1a1c1baefedba9e7
  custom:scripting/monoscript/fileName/TMP_UiFrameRateCounter.cs: 8fa3bcf761bb5076fd90d0361518d59c -> b01021aea19247f14a98ab338907956a
  custom:scripting/monoscript/fileName/TMPro_InstructionOverlay.cs: 194f3617683541355a9c6c8193e87b1c -> b626d2270e6ebd5c4311585c18b58d8d
  custom:scripting/monoscript/fileName/TMP_DigitValidator.cs: 4e5cde653ae28b90ab257e866c94dfce -> ac02af96215ae3951a3cce9e1a8c6085
  custom:audio-encoder-webm-vorbis: bf7c407c2cedff20999df2af8eb42d56 -> 
  custom:scripting/monoscript/fileName/Cube_Controller.cs: acd00592fa72aff7217b78bae7072f77 -> 
  custom:scripting/monoscript/fileName/Benchmark01_UGUI.cs: 52a24b07fcdd062ef495404efdb65870 -> 6148cfe2627b7708298f301788144139
  custom:scripting/precompiled-assembly-types:Assembly-CSharp: 252627b8445d6767445947e474900fe4 -> f39d0e8e1a2bdc72903fb33acfa56b16
  custom:scripting/monoscript/fileName/Benchmark03.cs: 520976d641c2b7cf395e30b045f5a45d -> 17cc87e0529ac71d909a946afb47a274
========================================================================
Received Prepare
Caller must complete domain reload
Begin MonoManager ReloadAssembly
- Loaded All Assemblies, in  0.345 seconds
Native extension for WindowsStandalone target not found
Native extension for Android target not found
Native extension for WebGL target not found
Mono: successfully reloaded assembly
- Finished resetting the current domain, in  0.903 seconds
Domain Reload Profiling: 1249ms
	BeginReloadAssembly (127ms)
		ExecutionOrderSort (0ms)
		DisableScriptedObjects (5ms)
		BackupInstance (0ms)
		ReleaseScriptingObjects (0ms)
		CreateAndSetChildDomain (29ms)
	RebuildCommonClasses (33ms)
	RebuildNativeTypeToScriptingClass (8ms)
	initialDomainReloadingComplete (21ms)
	LoadAllAssembliesAndSetupDomain (156ms)
		LoadAssemblies (211ms)
		RebuildTransferFunctionScriptingTraits (0ms)
		AnalyzeDomain (12ms)
			TypeCache.Refresh (5ms)
				TypeCache.ScanAssembly (0ms)
			ScanForSourceGeneratedMonoScriptInfo (0ms)
			ResolveRequiredComponents (5ms)
	FinalizeReload (904ms)
		ReleaseScriptCaches (0ms)
		RebuildScriptCaches (0ms)
		SetupLoadedEditorAssemblies (509ms)
			LogAssemblyErrors (0ms)
			InitializePlatformSupportModulesInManaged (16ms)
			SetLoadedEditorAssemblies (4ms)
			RefreshPlugins (0ms)
			BeforeProcessingInitializeOnLoad (54ms)
			ProcessInitializeOnLoadAttributes (415ms)
			ProcessInitializeOnLoadMethodAttributes (18ms)
			AfterProcessingInitializeOnLoad (2ms)
			EditorAssembliesLoaded (0ms)
		ExecutionOrderSort2 (0ms)
		AwakeInstancesAfterBackupRestoration (5ms)
Refreshing native plugins compatible for Editor in 5.33 ms, found 6 plugins.
Preloading 0 native plugins for Editor in 0.00 ms.
Unloading 3345 Unused Serialized files (Serialized files now loaded: 0)
Unloading 14 unused Assets / (28.5 KB). Loaded Objects now: 4051.
Memory consumption went from 129.3 MB to 129.3 MB.
Total: 6.633200 ms (FindLiveObjects: 0.565800 ms CreateObjectMapping: 0.291500 ms MarkObjects: 5.688900 ms  DeleteObjects: 0.084700 ms)

Prepare: number of updated asset objects reloaded= 0
AssetImportParameters requested are different than current active one (requested -> active):
  custom:scripting/monoscript/fileName/SkewTextExample.cs: f96859e31fd6dde308d9dc2a2488dcff -> c142d02d70a129e0533975f7c2f96956
  custom:container-demuxer-ogg: 62fdf1f143b41e24485cea50d1cbac27 -> 
  custom:scripting/monoscript/fileName/TMP_TextEventHandler.cs: d0f86a17d6fd3e9995db934eaaf34f18 -> f5cd9d5a43bfefc8f4fec80e6de896a4
  custom:scripting/monoscript/fileName/TextMeshProFloatingText.cs: 5a37842f75734e7729f89af9a8145a1a -> 92608fa4a6315cd0786d82205e77b697
  custom:scripting/monoscript/fileName/VertexZoom.cs: 2da4737d79388c0362c64482e9ee50d2 -> 650ab1e81d40126e3edcf737cce646e4
  custom:video-codec-MediaFoundation-h265: 746d11721c4dcdbdad8f713fa42b33f4 -> 
  custom:scripting/monoscript/fileName/VertexShakeA.cs: 16900906a98712c9660b9823af1f2500 -> 63ec564c588058369499638dd899e05b
  custom:scripting/monoscript/fileName/TMP_ExampleScript_01.cs: 59997facf165601d8c6263ace2a973a5 -> a9d4be556104ff54e7d240529b3e01dc
  custom:video-decoder-ogg-theora: a1e56fd34408186e4bbccfd4996cb3dc -> 
  custom:scripting/monoscript/fileName/TMP_TextEventCheck.cs: 7ee93fce990cec7a5b67b504d0259dce -> 13505d917eab5868c435e0c2986dadfa
  custom:scripting/monoscript/fileName/TMP_TextSelector_B.cs: c0db108de9ffc9b6f619f3d00162b1c2 -> ba2be21a7486d37b1011342977a2e49d
  custom:scripting/monoscript/fileName/Benchmark01.cs: 1fef48c763f4be76a973f061699dd041 -> 2d3e2cd961730ab95f139a49a673bace
  custom:framework-win-MediaFoundation: 216162199b28c13a410421893ffa2e32 -> 
  custom:scripting/monoscript/fileName/UI_Manager.cs: 98fe954eecef79af161772dc64f463a1 -> 
  custom:scripting/monoscript/fileName/Benchmark02.cs: 92dcd0c0a469d0c0690d8ca0bfe95e6f -> 5640963252ce70910e726415f869ced6
  custom:scripting/monoscript/fileName/DropdownSample.cs: b4fe7efb027fdd4854f643ad764daa8c -> 0a92251794e5f10400149f96c3c59e5d
  custom:scripting/monoscript/fileName/WarpTextExample.cs: c5431dac938081648a3a3ac553c1029b -> 2663459c266363641981c7d17b698d7f
  custom:CustomObjectIndexerAttribute: 9a22284fe3817be447336de3de66b15e -> 
  custom:container-demuxer-webm: 4f35f7cbe854078d1ac9338744f61a02 -> 
  custom:scripting/monoscript/fileName/MainMenuButton.cs: e28869a6863284e74946ac915bb193f6 -> 
  custom:scripting/monoscript/fileName/ChatController.cs: ff21b89493e3dffcbe018a2cc5a10bae -> 876d5ccae6e345dd5d9450eb0a748f16
  custom:scripting/monoscript/fileName/TextMeshSpawner.cs: c0f20e5855e88374db1098a5acc68df4 -> 76f28e2ddb031571e6ec62b018f65fa8
  custom:scripting/monoscript/fileName/TeleType.cs: c18e16db35615314900dbe198d0144e7 -> 31fa97821c4c70f157ec81d507aa6b62
  custom:scripting/monoscript/fileName/Benchmark04.cs: 86dfb70824307c4cf164687df2489226 -> 32220b148620e52aa81c13a114862bf4
  custom:container-muxer-webm: aa71ff27fc2769a1b78a27578f13a17b -> 
  custom:video-decoder-webm-vp8: 9c59270c3fd7afecdb556c50c9e8de78 -> 
  custom:scripting/monoscript/fileName/TMP_PhoneNumberValidator.cs: b4c1c54136dffeb4e2962027ebaa6b1f -> 7c3049f481e464c6a9a15dee56c3126f
  custom:SearchIndexIgnoredProperties: e643bd26f0fe6173181afceb89e7c659 -> 
  custom:AudioImporter_EditorPlatform: d09bf68614088b80899f8185d706f6e7 -> 
  custom:scripting/monoscript/fileName/EnvMapAnimator.cs: 08e040d459cd881082c0dd5daba5f85c -> 1b4f61c17e4b7283c3ac351aacff9d26
  custom:scripting/monoscript/fileName/ShaderPropAnimator.cs: 88b70bc5bbc15375387323f48f0661cf -> 55ce425812446482e623ff2695c94cb2
  custom:scripting/monoscript/fileName/SimpleScript.cs: dcd92cf7399b0d08e25e4a66ab57e91e -> 454caab0c6c050f29b39d82e1d66d0fa
  custom:scripting/monoscript/fileName/ObjectSpin.cs: b34dd4d17018731600f920d50ca840f7 -> 2b96bb2079dd7fa5108d981627a28e1e
  custom:scripting/monoscript/fileName/CameraController.cs: 8d43c2def3a67efed518259a2232b470 -> 34b6be4e23ce86dc89786916c5983296
  custom:scripting/monoscript/fileName/TMP_TextInfoDebugTool.cs: 7aad42023b6f5112c90650ae13bd6dd8 -> 3f1709cfb2cc628169113a35b5e9be3f
  custom:scripting/monoscript/fileName/TMP_TextSelector_A.cs: 088357b4acdc1e6288d897936d29c8d3 -> 347309a09d56e367b188a6978f75b424
  custom:video-encoder-webm-vp8: eb34c28f22e8b96e1ab97ce403110664 -> 
  custom:audio-decoder-ogg-vorbis: bf7c407c2cedff20999df2af8eb42d56 -> 
  custom:scripting/monoscript/fileName/VertexJitter.cs: 6330f950b41eff6e5970f129864ecd6c -> d27eb5498e48714a66aece98da065133
  custom:scripting/monoscript/fileName/TextConsoleSimulator.cs: f2c8898b26c0cf2b0a1c7d12d99e6769 -> 33fc311abb20b5b0ed8f00e4d86b574e
  custom:scripting/monoscript/fileName/VertexColorCycler.cs: 135fb0ebdaf256193ccc08218c426c64 -> 5f984ca91cf3609293aecc6bc5641572
  custom:scripting/monoscript/fileName/TMP_FrameRateCounter.cs: 8afeb6f0251e063dcfff2bd827f92c62 -> 46f655df8cb483ac5958307137b1585a
  custom:scripting/monoscript/fileName/VertexShakeB.cs: 587e5b2aecc39120c2c9ff69742ce897 -> a6f78c4fcda1a29a1a1c1baefedba9e7
  custom:scripting/monoscript/fileName/TMP_UiFrameRateCounter.cs: 8fa3bcf761bb5076fd90d0361518d59c -> b01021aea19247f14a98ab338907956a
  custom:scripting/monoscript/fileName/TMPro_InstructionOverlay.cs: 194f3617683541355a9c6c8193e87b1c -> b626d2270e6ebd5c4311585c18b58d8d
  custom:scripting/monoscript/fileName/TMP_DigitValidator.cs: 4e5cde653ae28b90ab257e866c94dfce -> ac02af96215ae3951a3cce9e1a8c6085
  custom:audio-encoder-webm-vorbis: bf7c407c2cedff20999df2af8eb42d56 -> 
  custom:scripting/monoscript/fileName/Cube_Controller.cs: acd00592fa72aff7217b78bae7072f77 -> 
  custom:scripting/monoscript/fileName/Benchmark01_UGUI.cs: 52a24b07fcdd062ef495404efdb65870 -> 6148cfe2627b7708298f301788144139
  custom:scripting/precompiled-assembly-types:Assembly-CSharp: 252627b8445d6767445947e474900fe4 -> f39d0e8e1a2bdc72903fb33acfa56b16
  custom:scripting/monoscript/fileName/Benchmark03.cs: 520976d641c2b7cf395e30b045f5a45d -> 17cc87e0529ac71d909a946afb47a274
========================================================================
Received Prepare
Caller must complete domain reload
Begin MonoManager ReloadAssembly
- Loaded All Assemblies, in  0.334 seconds
Native extension for WindowsStandalone target not found
Native extension for Android target not found
Native extension for WebGL target not found
Mono: successfully reloaded assembly
- Finished resetting the current domain, in  0.949 seconds
Domain Reload Profiling: 1284ms
	BeginReloadAssembly (128ms)
		ExecutionOrderSort (0ms)
		DisableScriptedObjects (5ms)
		BackupInstance (0ms)
		ReleaseScriptingObjects (0ms)
		CreateAndSetChildDomain (31ms)
	RebuildCommonClasses (27ms)
	RebuildNativeTypeToScriptingClass (8ms)
	initialDomainReloadingComplete (21ms)
	LoadAllAssembliesAndSetupDomain (150ms)
		LoadAssemblies (203ms)
		RebuildTransferFunctionScriptingTraits (0ms)
		AnalyzeDomain (13ms)
			TypeCache.Refresh (6ms)
				TypeCache.ScanAssembly (0ms)
			ScanForSourceGeneratedMonoScriptInfo (0ms)
			ResolveRequiredComponents (5ms)
	FinalizeReload (950ms)
		ReleaseScriptCaches (0ms)
		RebuildScriptCaches (0ms)
		SetupLoadedEditorAssemblies (547ms)
			LogAssemblyErrors (0ms)
			InitializePlatformSupportModulesInManaged (15ms)
			SetLoadedEditorAssemblies (4ms)
			RefreshPlugins (0ms)
			BeforeProcessingInitializeOnLoad (52ms)
			ProcessInitializeOnLoadAttributes (451ms)
			ProcessInitializeOnLoadMethodAttributes (22ms)
			AfterProcessingInitializeOnLoad (4ms)
			EditorAssembliesLoaded (0ms)
		ExecutionOrderSort2 (0ms)
		AwakeInstancesAfterBackupRestoration (6ms)
Refreshing native plugins compatible for Editor in 5.62 ms, found 6 plugins.
Preloading 0 native plugins for Editor in 0.00 ms.
Unloading 3345 Unused Serialized files (Serialized files now loaded: 0)
Unloading 14 unused Assets / (28.5 KB). Loaded Objects now: 4054.
Memory consumption went from 129.3 MB to 129.3 MB.
Total: 7.151500 ms (FindLiveObjects: 0.546300 ms CreateObjectMapping: 0.227600 ms MarkObjects: 6.286600 ms  DeleteObjects: 0.088900 ms)

Prepare: number of updated asset objects reloaded= 0
AssetImportParameters requested are different than current active one (requested -> active):
  custom:scripting/monoscript/fileName/SkewTextExample.cs: f96859e31fd6dde308d9dc2a2488dcff -> c142d02d70a129e0533975f7c2f96956
  custom:container-demuxer-ogg: 62fdf1f143b41e24485cea50d1cbac27 -> 
  custom:scripting/monoscript/fileName/TMP_TextEventHandler.cs: d0f86a17d6fd3e9995db934eaaf34f18 -> f5cd9d5a43bfefc8f4fec80e6de896a4
  custom:scripting/monoscript/fileName/TextMeshProFloatingText.cs: 5a37842f75734e7729f89af9a8145a1a -> 92608fa4a6315cd0786d82205e77b697
  custom:scripting/monoscript/fileName/VertexZoom.cs: 2da4737d79388c0362c64482e9ee50d2 -> 650ab1e81d40126e3edcf737cce646e4
  custom:video-codec-MediaFoundation-h265: 746d11721c4dcdbdad8f713fa42b33f4 -> 
  custom:scripting/monoscript/fileName/VertexShakeA.cs: 16900906a98712c9660b9823af1f2500 -> 63ec564c588058369499638dd899e05b
  custom:scripting/monoscript/fileName/TMP_ExampleScript_01.cs: 59997facf165601d8c6263ace2a973a5 -> a9d4be556104ff54e7d240529b3e01dc
  custom:video-decoder-ogg-theora: a1e56fd34408186e4bbccfd4996cb3dc -> 
  custom:scripting/monoscript/fileName/TMP_TextEventCheck.cs: 7ee93fce990cec7a5b67b504d0259dce -> 13505d917eab5868c435e0c2986dadfa
  custom:scripting/monoscript/fileName/TMP_TextSelector_B.cs: c0db108de9ffc9b6f619f3d00162b1c2 -> ba2be21a7486d37b1011342977a2e49d
  custom:scripting/monoscript/fileName/Benchmark01.cs: 1fef48c763f4be76a973f061699dd041 -> 2d3e2cd961730ab95f139a49a673bace
  custom:framework-win-MediaFoundation: 216162199b28c13a410421893ffa2e32 -> 
  custom:scripting/monoscript/fileName/UI_Manager.cs: 98fe954eecef79af161772dc64f463a1 -> 
  custom:scripting/monoscript/fileName/Benchmark02.cs: 92dcd0c0a469d0c0690d8ca0bfe95e6f -> 5640963252ce70910e726415f869ced6
  custom:scripting/monoscript/fileName/DropdownSample.cs: b4fe7efb027fdd4854f643ad764daa8c -> 0a92251794e5f10400149f96c3c59e5d
  custom:scripting/monoscript/fileName/WarpTextExample.cs: c5431dac938081648a3a3ac553c1029b -> 2663459c266363641981c7d17b698d7f
  custom:CustomObjectIndexerAttribute: 9a22284fe3817be447336de3de66b15e -> 
  custom:container-demuxer-webm: 4f35f7cbe854078d1ac9338744f61a02 -> 
  custom:scripting/monoscript/fileName/MainMenuButton.cs: e28869a6863284e74946ac915bb193f6 -> 
  custom:scripting/monoscript/fileName/ChatController.cs: ff21b89493e3dffcbe018a2cc5a10bae -> 876d5ccae6e345dd5d9450eb0a748f16
  custom:scripting/monoscript/fileName/TextMeshSpawner.cs: c0f20e5855e88374db1098a5acc68df4 -> 76f28e2ddb031571e6ec62b018f65fa8
  custom:scripting/monoscript/fileName/TeleType.cs: c18e16db35615314900dbe198d0144e7 -> 31fa97821c4c70f157ec81d507aa6b62
  custom:scripting/monoscript/fileName/Benchmark04.cs: 86dfb70824307c4cf164687df2489226 -> 32220b148620e52aa81c13a114862bf4
  custom:container-muxer-webm: aa71ff27fc2769a1b78a27578f13a17b -> 
  custom:video-decoder-webm-vp8: 9c59270c3fd7afecdb556c50c9e8de78 -> 
  custom:scripting/monoscript/fileName/TMP_PhoneNumberValidator.cs: b4c1c54136dffeb4e2962027ebaa6b1f -> 7c3049f481e464c6a9a15dee56c3126f
  custom:SearchIndexIgnoredProperties: e643bd26f0fe6173181afceb89e7c659 -> 
  custom:AudioImporter_EditorPlatform: d09bf68614088b80899f8185d706f6e7 -> 
  custom:scripting/monoscript/fileName/EnvMapAnimator.cs: 08e040d459cd881082c0dd5daba5f85c -> 1b4f61c17e4b7283c3ac351aacff9d26
  custom:scripting/monoscript/fileName/ShaderPropAnimator.cs: 88b70bc5bbc15375387323f48f0661cf -> 55ce425812446482e623ff2695c94cb2
  custom:scripting/monoscript/fileName/SimpleScript.cs: dcd92cf7399b0d08e25e4a66ab57e91e -> 454caab0c6c050f29b39d82e1d66d0fa
  custom:scripting/monoscript/fileName/ObjectSpin.cs: b34dd4d17018731600f920d50ca840f7 -> 2b96bb2079dd7fa5108d981627a28e1e
  custom:scripting/monoscript/fileName/CameraController.cs: 8d43c2def3a67efed518259a2232b470 -> 34b6be4e23ce86dc89786916c5983296
  custom:scripting/monoscript/fileName/TMP_TextInfoDebugTool.cs: 7aad42023b6f5112c90650ae13bd6dd8 -> 3f1709cfb2cc628169113a35b5e9be3f
  custom:scripting/monoscript/fileName/TMP_TextSelector_A.cs: 088357b4acdc1e6288d897936d29c8d3 -> 347309a09d56e367b188a6978f75b424
  custom:video-encoder-webm-vp8: eb34c28f22e8b96e1ab97ce403110664 -> 
  custom:audio-decoder-ogg-vorbis: bf7c407c2cedff20999df2af8eb42d56 -> 
  custom:scripting/monoscript/fileName/VertexJitter.cs: 6330f950b41eff6e5970f129864ecd6c -> d27eb5498e48714a66aece98da065133
  custom:scripting/monoscript/fileName/TextConsoleSimulator.cs: f2c8898b26c0cf2b0a1c7d12d99e6769 -> 33fc311abb20b5b0ed8f00e4d86b574e
  custom:scripting/monoscript/fileName/VertexColorCycler.cs: 135fb0ebdaf256193ccc08218c426c64 -> 5f984ca91cf3609293aecc6bc5641572
  custom:scripting/monoscript/fileName/TMP_FrameRateCounter.cs: 8afeb6f0251e063dcfff2bd827f92c62 -> 46f655df8cb483ac5958307137b1585a
  custom:scripting/monoscript/fileName/VertexShakeB.cs: 587e5b2aecc39120c2c9ff69742ce897 -> a6f78c4fcda1a29a1a1c1baefedba9e7
  custom:scripting/monoscript/fileName/TMP_UiFrameRateCounter.cs: 8fa3bcf761bb5076fd90d0361518d59c -> b01021aea19247f14a98ab338907956a
  custom:scripting/monoscript/fileName/TMPro_InstructionOverlay.cs: 194f3617683541355a9c6c8193e87b1c -> b626d2270e6ebd5c4311585c18b58d8d
  custom:scripting/monoscript/fileName/TMP_DigitValidator.cs: 4e5cde653ae28b90ab257e866c94dfce -> ac02af96215ae3951a3cce9e1a8c6085
  custom:audio-encoder-webm-vorbis: bf7c407c2cedff20999df2af8eb42d56 -> 
  custom:scripting/monoscript/fileName/Cube_Controller.cs: acd00592fa72aff7217b78bae7072f77 -> 
  custom:scripting/monoscript/fileName/Benchmark01_UGUI.cs: 52a24b07fcdd062ef495404efdb65870 -> 6148cfe2627b7708298f301788144139
  custom:scripting/precompiled-assembly-types:Assembly-CSharp: 252627b8445d6767445947e474900fe4 -> f39d0e8e1a2bdc72903fb33acfa56b16
  custom:scripting/monoscript/fileName/Benchmark03.cs: 520976d641c2b7cf395e30b045f5a45d -> 17cc87e0529ac71d909a946afb47a274
========================================================================
Received Prepare
Caller must complete domain reload
Begin MonoManager ReloadAssembly
- Loaded All Assemblies, in  0.339 seconds
Native extension for WindowsStandalone target not found
Native extension for Android target not found
Native extension for WebGL target not found
Mono: successfully reloaded assembly
- Finished resetting the current domain, in  0.896 seconds
Domain Reload Profiling: 1235ms
	BeginReloadAssembly (137ms)
		ExecutionOrderSort (0ms)
		DisableScriptedObjects (5ms)
		BackupInstance (0ms)
		ReleaseScriptingObjects (0ms)
		CreateAndSetChildDomain (32ms)
	RebuildCommonClasses (25ms)
	RebuildNativeTypeToScriptingClass (8ms)
	initialDomainReloadingComplete (21ms)
	LoadAllAssembliesAndSetupDomain (147ms)
		LoadAssemblies (209ms)
		RebuildTransferFunctionScriptingTraits (0ms)
		AnalyzeDomain (12ms)
			TypeCache.Refresh (6ms)
				TypeCache.ScanAssembly (0ms)
			ScanForSourceGeneratedMonoScriptInfo (0ms)
			ResolveRequiredComponents (5ms)
	FinalizeReload (896ms)
		ReleaseScriptCaches (0ms)
		RebuildScriptCaches (0ms)
		SetupLoadedEditorAssemblies (505ms)
			LogAssemblyErrors (0ms)
			InitializePlatformSupportModulesInManaged (14ms)
			SetLoadedEditorAssemblies (5ms)
			RefreshPlugins (0ms)
			BeforeProcessingInitializeOnLoad (56ms)
			ProcessInitializeOnLoadAttributes (407ms)
			ProcessInitializeOnLoadMethodAttributes (21ms)
			AfterProcessingInitializeOnLoad (2ms)
			EditorAssembliesLoaded (0ms)
		ExecutionOrderSort2 (0ms)
		AwakeInstancesAfterBackupRestoration (7ms)
Refreshing native plugins compatible for Editor in 5.93 ms, found 6 plugins.
Preloading 0 native plugins for Editor in 0.00 ms.
Unloading 3345 Unused Serialized files (Serialized files now loaded: 0)
Unloading 14 unused Assets / (28.5 KB). Loaded Objects now: 4057.
Memory consumption went from 129.3 MB to 129.3 MB.
Total: 6.817800 ms (FindLiveObjects: 0.668400 ms CreateObjectMapping: 0.271000 ms MarkObjects: 5.803300 ms  DeleteObjects: 0.073500 ms)

Prepare: number of updated asset objects reloaded= 0
AssetImportParameters requested are different than current active one (requested -> active):
  custom:scripting/monoscript/fileName/SkewTextExample.cs: f96859e31fd6dde308d9dc2a2488dcff -> c142d02d70a129e0533975f7c2f96956
  custom:container-demuxer-ogg: 62fdf1f143b41e24485cea50d1cbac27 -> 
  custom:scripting/monoscript/fileName/TMP_TextEventHandler.cs: d0f86a17d6fd3e9995db934eaaf34f18 -> f5cd9d5a43bfefc8f4fec80e6de896a4
  custom:scripting/monoscript/fileName/TextMeshProFloatingText.cs: 5a37842f75734e7729f89af9a8145a1a -> 92608fa4a6315cd0786d82205e77b697
  custom:scripting/monoscript/fileName/VertexZoom.cs: 2da4737d79388c0362c64482e9ee50d2 -> 650ab1e81d40126e3edcf737cce646e4
  custom:video-codec-MediaFoundation-h265: 746d11721c4dcdbdad8f713fa42b33f4 -> 
  custom:scripting/monoscript/fileName/VertexShakeA.cs: 16900906a98712c9660b9823af1f2500 -> 63ec564c588058369499638dd899e05b
  custom:scripting/monoscript/fileName/TMP_ExampleScript_01.cs: 59997facf165601d8c6263ace2a973a5 -> a9d4be556104ff54e7d240529b3e01dc
  custom:video-decoder-ogg-theora: a1e56fd34408186e4bbccfd4996cb3dc -> 
  custom:scripting/monoscript/fileName/TMP_TextEventCheck.cs: 7ee93fce990cec7a5b67b504d0259dce -> 13505d917eab5868c435e0c2986dadfa
  custom:scripting/monoscript/fileName/TMP_TextSelector_B.cs: c0db108de9ffc9b6f619f3d00162b1c2 -> ba2be21a7486d37b1011342977a2e49d
  custom:scripting/monoscript/fileName/Benchmark01.cs: 1fef48c763f4be76a973f061699dd041 -> 2d3e2cd961730ab95f139a49a673bace
  custom:framework-win-MediaFoundation: 216162199b28c13a410421893ffa2e32 -> 
  custom:scripting/monoscript/fileName/UI_Manager.cs: 98fe954eecef79af161772dc64f463a1 -> 
  custom:scripting/monoscript/fileName/Benchmark02.cs: 92dcd0c0a469d0c0690d8ca0bfe95e6f -> 5640963252ce70910e726415f869ced6
  custom:scripting/monoscript/fileName/DropdownSample.cs: b4fe7efb027fdd4854f643ad764daa8c -> 0a92251794e5f10400149f96c3c59e5d
  custom:scripting/monoscript/fileName/WarpTextExample.cs: c5431dac938081648a3a3ac553c1029b -> 2663459c266363641981c7d17b698d7f
  custom:CustomObjectIndexerAttribute: 9a22284fe3817be447336de3de66b15e -> 
  custom:container-demuxer-webm: 4f35f7cbe854078d1ac9338744f61a02 -> 
  custom:scripting/monoscript/fileName/MainMenuButton.cs: e28869a6863284e74946ac915bb193f6 -> 
  custom:scripting/monoscript/fileName/ChatController.cs: ff21b89493e3dffcbe018a2cc5a10bae -> 876d5ccae6e345dd5d9450eb0a748f16
  custom:scripting/monoscript/fileName/TextMeshSpawner.cs: c0f20e5855e88374db1098a5acc68df4 -> 76f28e2ddb031571e6ec62b018f65fa8
  custom:scripting/monoscript/fileName/TeleType.cs: c18e16db35615314900dbe198d0144e7 -> 31fa97821c4c70f157ec81d507aa6b62
  custom:scripting/monoscript/fileName/Benchmark04.cs: 86dfb70824307c4cf164687df2489226 -> 32220b148620e52aa81c13a114862bf4
  custom:container-muxer-webm: aa71ff27fc2769a1b78a27578f13a17b -> 
  custom:video-decoder-webm-vp8: 9c59270c3fd7afecdb556c50c9e8de78 -> 
  custom:scripting/monoscript/fileName/TMP_PhoneNumberValidator.cs: b4c1c54136dffeb4e2962027ebaa6b1f -> 7c3049f481e464c6a9a15dee56c3126f
  custom:SearchIndexIgnoredProperties: e643bd26f0fe6173181afceb89e7c659 -> 
  custom:AudioImporter_EditorPlatform: d09bf68614088b80899f8185d706f6e7 -> 
  custom:scripting/monoscript/fileName/EnvMapAnimator.cs: 08e040d459cd881082c0dd5daba5f85c -> 1b4f61c17e4b7283c3ac351aacff9d26
  custom:scripting/monoscript/fileName/ShaderPropAnimator.cs: 88b70bc5bbc15375387323f48f0661cf -> 55ce425812446482e623ff2695c94cb2
  custom:scripting/monoscript/fileName/SimpleScript.cs: dcd92cf7399b0d08e25e4a66ab57e91e -> 454caab0c6c050f29b39d82e1d66d0fa
  custom:scripting/monoscript/fileName/ObjectSpin.cs: b34dd4d17018731600f920d50ca840f7 -> 2b96bb2079dd7fa5108d981627a28e1e
  custom:scripting/monoscript/fileName/CameraController.cs: 8d43c2def3a67efed518259a2232b470 -> 34b6be4e23ce86dc89786916c5983296
  custom:scripting/monoscript/fileName/TMP_TextInfoDebugTool.cs: 7aad42023b6f5112c90650ae13bd6dd8 -> 3f1709cfb2cc628169113a35b5e9be3f
  custom:scripting/monoscript/fileName/TMP_TextSelector_A.cs: 088357b4acdc1e6288d897936d29c8d3 -> 347309a09d56e367b188a6978f75b424
  custom:video-encoder-webm-vp8: eb34c28f22e8b96e1ab97ce403110664 -> 
  custom:audio-decoder-ogg-vorbis: bf7c407c2cedff20999df2af8eb42d56 -> 
  custom:scripting/monoscript/fileName/VertexJitter.cs: 6330f950b41eff6e5970f129864ecd6c -> d27eb5498e48714a66aece98da065133
  custom:scripting/monoscript/fileName/TextConsoleSimulator.cs: f2c8898b26c0cf2b0a1c7d12d99e6769 -> 33fc311abb20b5b0ed8f00e4d86b574e
  custom:scripting/monoscript/fileName/VertexColorCycler.cs: 135fb0ebdaf256193ccc08218c426c64 -> 5f984ca91cf3609293aecc6bc5641572
  custom:scripting/monoscript/fileName/TMP_FrameRateCounter.cs: 8afeb6f0251e063dcfff2bd827f92c62 -> 46f655df8cb483ac5958307137b1585a
  custom:scripting/monoscript/fileName/VertexShakeB.cs: 587e5b2aecc39120c2c9ff69742ce897 -> a6f78c4fcda1a29a1a1c1baefedba9e7
  custom:scripting/monoscript/fileName/TMP_UiFrameRateCounter.cs: 8fa3bcf761bb5076fd90d0361518d59c -> b01021aea19247f14a98ab338907956a
  custom:scripting/monoscript/fileName/TMPro_InstructionOverlay.cs: 194f3617683541355a9c6c8193e87b1c -> b626d2270e6ebd5c4311585c18b58d8d
  custom:scripting/monoscript/fileName/TMP_DigitValidator.cs: 4e5cde653ae28b90ab257e866c94dfce -> ac02af96215ae3951a3cce9e1a8c6085
  custom:audio-encoder-webm-vorbis: bf7c407c2cedff20999df2af8eb42d56 -> 
  custom:scripting/monoscript/fileName/Cube_Controller.cs: acd00592fa72aff7217b78bae7072f77 -> 
  custom:scripting/monoscript/fileName/Benchmark01_UGUI.cs: 52a24b07fcdd062ef495404efdb65870 -> 6148cfe2627b7708298f301788144139
  custom:scripting/precompiled-assembly-types:Assembly-CSharp: 252627b8445d6767445947e474900fe4 -> f39d0e8e1a2bdc72903fb33acfa56b16
  custom:scripting/monoscript/fileName/Benchmark03.cs: 520976d641c2b7cf395e30b045f5a45d -> 17cc87e0529ac71d909a946afb47a274
========================================================================
Received Prepare
Caller must complete domain reload
Begin MonoManager ReloadAssembly
- Loaded All Assemblies, in  0.352 seconds
Native extension for WindowsStandalone target not found
Native extension for Android target not found
Native extension for WebGL target not found
Mono: successfully reloaded assembly
- Finished resetting the current domain, in  0.927 seconds
Domain Reload Profiling: 1279ms
	BeginReloadAssembly (133ms)
		ExecutionOrderSort (0ms)
		DisableScriptedObjects (5ms)
		BackupInstance (0ms)
		ReleaseScriptingObjects (0ms)
		CreateAndSetChildDomain (30ms)
	RebuildCommonClasses (26ms)
	RebuildNativeTypeToScriptingClass (8ms)
	initialDomainReloadingComplete (22ms)
	LoadAllAssembliesAndSetupDomain (162ms)
		LoadAssemblies (222ms)
		RebuildTransferFunctionScriptingTraits (0ms)
		AnalyzeDomain (13ms)
			TypeCache.Refresh (6ms)
				TypeCache.ScanAssembly (0ms)
			ScanForSourceGeneratedMonoScriptInfo (0ms)
			ResolveRequiredComponents (5ms)
	FinalizeReload (927ms)
		ReleaseScriptCaches (0ms)
		RebuildScriptCaches (0ms)
		SetupLoadedEditorAssemblies (530ms)
			LogAssemblyErrors (0ms)
			InitializePlatformSupportModulesInManaged (14ms)
			SetLoadedEditorAssemblies (4ms)
			RefreshPlugins (0ms)
			BeforeProcessingInitializeOnLoad (53ms)
			ProcessInitializeOnLoadAttributes (435ms)
			ProcessInitializeOnLoadMethodAttributes (22ms)
			AfterProcessingInitializeOnLoad (2ms)
			EditorAssembliesLoaded (0ms)
		ExecutionOrderSort2 (0ms)
		AwakeInstancesAfterBackupRestoration (6ms)
Refreshing native plugins compatible for Editor in 5.03 ms, found 6 plugins.
Preloading 0 native plugins for Editor in 0.00 ms.
Unloading 3345 Unused Serialized files (Serialized files now loaded: 0)
Unloading 14 unused Assets / (28.5 KB). Loaded Objects now: 4060.
Memory consumption went from 129.3 MB to 129.3 MB.
Total: 7.054900 ms (FindLiveObjects: 0.667000 ms CreateObjectMapping: 0.220500 ms MarkObjects: 6.086800 ms  DeleteObjects: 0.079100 ms)

Prepare: number of updated asset objects reloaded= 0
AssetImportParameters requested are different than current active one (requested -> active):
  custom:scripting/monoscript/fileName/SkewTextExample.cs: f96859e31fd6dde308d9dc2a2488dcff -> c142d02d70a129e0533975f7c2f96956
  custom:container-demuxer-ogg: 62fdf1f143b41e24485cea50d1cbac27 -> 
  custom:scripting/monoscript/fileName/TMP_TextEventHandler.cs: d0f86a17d6fd3e9995db934eaaf34f18 -> f5cd9d5a43bfefc8f4fec80e6de896a4
  custom:scripting/monoscript/fileName/TextMeshProFloatingText.cs: 5a37842f75734e7729f89af9a8145a1a -> 92608fa4a6315cd0786d82205e77b697
  custom:scripting/monoscript/fileName/VertexZoom.cs: 2da4737d79388c0362c64482e9ee50d2 -> 650ab1e81d40126e3edcf737cce646e4
  custom:video-codec-MediaFoundation-h265: 746d11721c4dcdbdad8f713fa42b33f4 -> 
  custom:scripting/monoscript/fileName/VertexShakeA.cs: 16900906a98712c9660b9823af1f2500 -> 63ec564c588058369499638dd899e05b
  custom:scripting/monoscript/fileName/TMP_ExampleScript_01.cs: 59997facf165601d8c6263ace2a973a5 -> a9d4be556104ff54e7d240529b3e01dc
  custom:video-decoder-ogg-theora: a1e56fd34408186e4bbccfd4996cb3dc -> 
  custom:scripting/monoscript/fileName/TMP_TextEventCheck.cs: 7ee93fce990cec7a5b67b504d0259dce -> 13505d917eab5868c435e0c2986dadfa
  custom:scripting/monoscript/fileName/TMP_TextSelector_B.cs: c0db108de9ffc9b6f619f3d00162b1c2 -> ba2be21a7486d37b1011342977a2e49d
  custom:scripting/monoscript/fileName/Benchmark01.cs: 1fef48c763f4be76a973f061699dd041 -> 2d3e2cd961730ab95f139a49a673bace
  custom:framework-win-MediaFoundation: 216162199b28c13a410421893ffa2e32 -> 
  custom:scripting/monoscript/fileName/UI_Manager.cs: 98fe954eecef79af161772dc64f463a1 -> 
  custom:scripting/monoscript/fileName/Benchmark02.cs: 92dcd0c0a469d0c0690d8ca0bfe95e6f -> 5640963252ce70910e726415f869ced6
  custom:scripting/monoscript/fileName/DropdownSample.cs: b4fe7efb027fdd4854f643ad764daa8c -> 0a92251794e5f10400149f96c3c59e5d
  custom:scripting/monoscript/fileName/WarpTextExample.cs: c5431dac938081648a3a3ac553c1029b -> 2663459c266363641981c7d17b698d7f
  custom:CustomObjectIndexerAttribute: 9a22284fe3817be447336de3de66b15e -> 
  custom:container-demuxer-webm: 4f35f7cbe854078d1ac9338744f61a02 -> 
  custom:scripting/monoscript/fileName/MainMenuButton.cs: e28869a6863284e74946ac915bb193f6 -> 
  custom:scripting/monoscript/fileName/ChatController.cs: ff21b89493e3dffcbe018a2cc5a10bae -> 876d5ccae6e345dd5d9450eb0a748f16
  custom:scripting/monoscript/fileName/TextMeshSpawner.cs: c0f20e5855e88374db1098a5acc68df4 -> 76f28e2ddb031571e6ec62b018f65fa8
  custom:scripting/monoscript/fileName/TeleType.cs: c18e16db35615314900dbe198d0144e7 -> 31fa97821c4c70f157ec81d507aa6b62
  custom:scripting/monoscript/fileName/Benchmark04.cs: 86dfb70824307c4cf164687df2489226 -> 32220b148620e52aa81c13a114862bf4
  custom:container-muxer-webm: aa71ff27fc2769a1b78a27578f13a17b -> 
  custom:video-decoder-webm-vp8: 9c59270c3fd7afecdb556c50c9e8de78 -> 
  custom:scripting/monoscript/fileName/TMP_PhoneNumberValidator.cs: b4c1c54136dffeb4e2962027ebaa6b1f -> 7c3049f481e464c6a9a15dee56c3126f
  custom:SearchIndexIgnoredProperties: e643bd26f0fe6173181afceb89e7c659 -> 
  custom:AudioImporter_EditorPlatform: d09bf68614088b80899f8185d706f6e7 -> 
  custom:scripting/monoscript/fileName/EnvMapAnimator.cs: 08e040d459cd881082c0dd5daba5f85c -> 1b4f61c17e4b7283c3ac351aacff9d26
  custom:scripting/monoscript/fileName/ShaderPropAnimator.cs: 88b70bc5bbc15375387323f48f0661cf -> 55ce425812446482e623ff2695c94cb2
  custom:scripting/monoscript/fileName/SimpleScript.cs: dcd92cf7399b0d08e25e4a66ab57e91e -> 454caab0c6c050f29b39d82e1d66d0fa
  custom:scripting/monoscript/fileName/ObjectSpin.cs: b34dd4d17018731600f920d50ca840f7 -> 2b96bb2079dd7fa5108d981627a28e1e
  custom:scripting/monoscript/fileName/CameraController.cs: 8d43c2def3a67efed518259a2232b470 -> 34b6be4e23ce86dc89786916c5983296
  custom:scripting/monoscript/fileName/TMP_TextInfoDebugTool.cs: 7aad42023b6f5112c90650ae13bd6dd8 -> 3f1709cfb2cc628169113a35b5e9be3f
  custom:scripting/monoscript/fileName/TMP_TextSelector_A.cs: 088357b4acdc1e6288d897936d29c8d3 -> 347309a09d56e367b188a6978f75b424
  custom:video-encoder-webm-vp8: eb34c28f22e8b96e1ab97ce403110664 -> 
  custom:audio-decoder-ogg-vorbis: bf7c407c2cedff20999df2af8eb42d56 -> 
  custom:scripting/monoscript/fileName/VertexJitter.cs: 6330f950b41eff6e5970f129864ecd6c -> d27eb5498e48714a66aece98da065133
  custom:scripting/monoscript/fileName/TextConsoleSimulator.cs: f2c8898b26c0cf2b0a1c7d12d99e6769 -> 33fc311abb20b5b0ed8f00e4d86b574e
  custom:scripting/monoscript/fileName/VertexColorCycler.cs: 135fb0ebdaf256193ccc08218c426c64 -> 5f984ca91cf3609293aecc6bc5641572
  custom:scripting/monoscript/fileName/TMP_FrameRateCounter.cs: 8afeb6f0251e063dcfff2bd827f92c62 -> 46f655df8cb483ac5958307137b1585a
  custom:scripting/monoscript/fileName/VertexShakeB.cs: 587e5b2aecc39120c2c9ff69742ce897 -> a6f78c4fcda1a29a1a1c1baefedba9e7
  custom:scripting/monoscript/fileName/TMP_UiFrameRateCounter.cs: 8fa3bcf761bb5076fd90d0361518d59c -> b01021aea19247f14a98ab338907956a
  custom:scripting/monoscript/fileName/TMPro_InstructionOverlay.cs: 194f3617683541355a9c6c8193e87b1c -> b626d2270e6ebd5c4311585c18b58d8d
  custom:scripting/monoscript/fileName/TMP_DigitValidator.cs: 4e5cde653ae28b90ab257e866c94dfce -> ac02af96215ae3951a3cce9e1a8c6085
  custom:audio-encoder-webm-vorbis: bf7c407c2cedff20999df2af8eb42d56 -> 
  custom:scripting/monoscript/fileName/Cube_Controller.cs: acd00592fa72aff7217b78bae7072f77 -> 
  custom:scripting/monoscript/fileName/Benchmark01_UGUI.cs: 52a24b07fcdd062ef495404efdb65870 -> 6148cfe2627b7708298f301788144139
  custom:scripting/precompiled-assembly-types:Assembly-CSharp: 252627b8445d6767445947e474900fe4 -> f39d0e8e1a2bdc72903fb33acfa56b16
  custom:scripting/monoscript/fileName/Benchmark03.cs: 520976d641c2b7cf395e30b045f5a45d -> 17cc87e0529ac71d909a946afb47a274
========================================================================
Received Prepare
Caller must complete domain reload
Begin MonoManager ReloadAssembly
- Loaded All Assemblies, in  0.352 seconds
Native extension for WindowsStandalone target not found
Native extension for Android target not found
Native extension for WebGL target not found
Mono: successfully reloaded assembly
- Finished resetting the current domain, in  0.958 seconds
Domain Reload Profiling: 1311ms
	BeginReloadAssembly (132ms)
		ExecutionOrderSort (0ms)
		DisableScriptedObjects (5ms)
		BackupInstance (0ms)
		ReleaseScriptingObjects (0ms)
		CreateAndSetChildDomain (30ms)
	RebuildCommonClasses (29ms)
	RebuildNativeTypeToScriptingClass (8ms)
	initialDomainReloadingComplete (24ms)
	LoadAllAssembliesAndSetupDomain (159ms)
		LoadAssemblies (219ms)
		RebuildTransferFunctionScriptingTraits (0ms)
		AnalyzeDomain (12ms)
			TypeCache.Refresh (5ms)
				TypeCache.ScanAssembly (0ms)
			ScanForSourceGeneratedMonoScriptInfo (0ms)
			ResolveRequiredComponents (5ms)
	FinalizeReload (959ms)
		ReleaseScriptCaches (0ms)
		RebuildScriptCaches (0ms)
		SetupLoadedEditorAssemblies (551ms)
			LogAssemblyErrors (0ms)
			InitializePlatformSupportModulesInManaged (18ms)
			SetLoadedEditorAssemblies (4ms)
			RefreshPlugins (0ms)
			BeforeProcessingInitializeOnLoad (57ms)
			ProcessInitializeOnLoadAttributes (448ms)
			ProcessInitializeOnLoadMethodAttributes (22ms)
			AfterProcessingInitializeOnLoad (2ms)
			EditorAssembliesLoaded (0ms)
		ExecutionOrderSort2 (0ms)
		AwakeInstancesAfterBackupRestoration (6ms)
Refreshing native plugins compatible for Editor in 6.12 ms, found 6 plugins.
Preloading 0 native plugins for Editor in 0.00 ms.
Unloading 3345 Unused Serialized files (Serialized files now loaded: 0)
Unloading 14 unused Assets / (28.6 KB). Loaded Objects now: 4063.
Memory consumption went from 129.3 MB to 129.3 MB.
Total: 6.753100 ms (FindLiveObjects: 0.739500 ms CreateObjectMapping: 0.261600 ms MarkObjects: 5.495800 ms  DeleteObjects: 0.253100 ms)

Prepare: number of updated asset objects reloaded= 0
AssetImportParameters requested are different than current active one (requested -> active):
  custom:scripting/monoscript/fileName/SkewTextExample.cs: f96859e31fd6dde308d9dc2a2488dcff -> c142d02d70a129e0533975f7c2f96956
  custom:container-demuxer-ogg: 62fdf1f143b41e24485cea50d1cbac27 -> 
  custom:scripting/monoscript/fileName/TMP_TextEventHandler.cs: d0f86a17d6fd3e9995db934eaaf34f18 -> f5cd9d5a43bfefc8f4fec80e6de896a4
  custom:scripting/monoscript/fileName/TextMeshProFloatingText.cs: 5a37842f75734e7729f89af9a8145a1a -> 92608fa4a6315cd0786d82205e77b697
  custom:scripting/monoscript/fileName/VertexZoom.cs: 2da4737d79388c0362c64482e9ee50d2 -> 650ab1e81d40126e3edcf737cce646e4
  custom:video-codec-MediaFoundation-h265: 746d11721c4dcdbdad8f713fa42b33f4 -> 
  custom:scripting/monoscript/fileName/VertexShakeA.cs: 16900906a98712c9660b9823af1f2500 -> 63ec564c588058369499638dd899e05b
  custom:scripting/monoscript/fileName/TMP_ExampleScript_01.cs: 59997facf165601d8c6263ace2a973a5 -> a9d4be556104ff54e7d240529b3e01dc
  custom:video-decoder-ogg-theora: a1e56fd34408186e4bbccfd4996cb3dc -> 
  custom:scripting/monoscript/fileName/TMP_TextEventCheck.cs: 7ee93fce990cec7a5b67b504d0259dce -> 13505d917eab5868c435e0c2986dadfa
  custom:scripting/monoscript/fileName/TMP_TextSelector_B.cs: c0db108de9ffc9b6f619f3d00162b1c2 -> ba2be21a7486d37b1011342977a2e49d
  custom:scripting/monoscript/fileName/Benchmark01.cs: 1fef48c763f4be76a973f061699dd041 -> 2d3e2cd961730ab95f139a49a673bace
  custom:framework-win-MediaFoundation: 216162199b28c13a410421893ffa2e32 -> 
  custom:scripting/monoscript/fileName/UI_Manager.cs: 98fe954eecef79af161772dc64f463a1 -> 
  custom:scripting/monoscript/fileName/Benchmark02.cs: 92dcd0c0a469d0c0690d8ca0bfe95e6f -> 5640963252ce70910e726415f869ced6
  custom:scripting/monoscript/fileName/DropdownSample.cs: b4fe7efb027fdd4854f643ad764daa8c -> 0a92251794e5f10400149f96c3c59e5d
  custom:scripting/monoscript/fileName/WarpTextExample.cs: c5431dac938081648a3a3ac553c1029b -> 2663459c266363641981c7d17b698d7f
  custom:CustomObjectIndexerAttribute: 9a22284fe3817be447336de3de66b15e -> 
  custom:container-demuxer-webm: 4f35f7cbe854078d1ac9338744f61a02 -> 
  custom:scripting/monoscript/fileName/MainMenuButton.cs: e28869a6863284e74946ac915bb193f6 -> 
  custom:scripting/monoscript/fileName/ChatController.cs: ff21b89493e3dffcbe018a2cc5a10bae -> 876d5ccae6e345dd5d9450eb0a748f16
  custom:scripting/monoscript/fileName/TextMeshSpawner.cs: c0f20e5855e88374db1098a5acc68df4 -> 76f28e2ddb031571e6ec62b018f65fa8
  custom:scripting/monoscript/fileName/TeleType.cs: c18e16db35615314900dbe198d0144e7 -> 31fa97821c4c70f157ec81d507aa6b62
  custom:scripting/monoscript/fileName/Benchmark04.cs: 86dfb70824307c4cf164687df2489226 -> 32220b148620e52aa81c13a114862bf4
  custom:container-muxer-webm: aa71ff27fc2769a1b78a27578f13a17b -> 
  custom:video-decoder-webm-vp8: 9c59270c3fd7afecdb556c50c9e8de78 -> 
  custom:scripting/monoscript/fileName/TMP_PhoneNumberValidator.cs: b4c1c54136dffeb4e2962027ebaa6b1f -> 7c3049f481e464c6a9a15dee56c3126f
  custom:SearchIndexIgnoredProperties: e643bd26f0fe6173181afceb89e7c659 -> 
  custom:AudioImporter_EditorPlatform: d09bf68614088b80899f8185d706f6e7 -> 
  custom:scripting/monoscript/fileName/EnvMapAnimator.cs: 08e040d459cd881082c0dd5daba5f85c -> 1b4f61c17e4b7283c3ac351aacff9d26
  custom:scripting/monoscript/fileName/ShaderPropAnimator.cs: 88b70bc5bbc15375387323f48f0661cf -> 55ce425812446482e623ff2695c94cb2
  custom:scripting/monoscript/fileName/SimpleScript.cs: dcd92cf7399b0d08e25e4a66ab57e91e -> 454caab0c6c050f29b39d82e1d66d0fa
  custom:scripting/monoscript/fileName/ObjectSpin.cs: b34dd4d17018731600f920d50ca840f7 -> 2b96bb2079dd7fa5108d981627a28e1e
  custom:scripting/monoscript/fileName/CameraController.cs: 8d43c2def3a67efed518259a2232b470 -> 34b6be4e23ce86dc89786916c5983296
  custom:scripting/monoscript/fileName/TMP_TextInfoDebugTool.cs: 7aad42023b6f5112c90650ae13bd6dd8 -> 3f1709cfb2cc628169113a35b5e9be3f
  custom:scripting/monoscript/fileName/TMP_TextSelector_A.cs: 088357b4acdc1e6288d897936d29c8d3 -> 347309a09d56e367b188a6978f75b424
  custom:video-encoder-webm-vp8: eb34c28f22e8b96e1ab97ce403110664 -> 
  custom:audio-decoder-ogg-vorbis: bf7c407c2cedff20999df2af8eb42d56 -> 
  custom:scripting/monoscript/fileName/VertexJitter.cs: 6330f950b41eff6e5970f129864ecd6c -> d27eb5498e48714a66aece98da065133
  custom:scripting/monoscript/fileName/TextConsoleSimulator.cs: f2c8898b26c0cf2b0a1c7d12d99e6769 -> 33fc311abb20b5b0ed8f00e4d86b574e
  custom:scripting/monoscript/fileName/VertexColorCycler.cs: 135fb0ebdaf256193ccc08218c426c64 -> 5f984ca91cf3609293aecc6bc5641572
  custom:scripting/monoscript/fileName/TMP_FrameRateCounter.cs: 8afeb6f0251e063dcfff2bd827f92c62 -> 46f655df8cb483ac5958307137b1585a
  custom:scripting/monoscript/fileName/VertexShakeB.cs: 587e5b2aecc39120c2c9ff69742ce897 -> a6f78c4fcda1a29a1a1c1baefedba9e7
  custom:scripting/monoscript/fileName/TMP_UiFrameRateCounter.cs: 8fa3bcf761bb5076fd90d0361518d59c -> b01021aea19247f14a98ab338907956a
  custom:scripting/monoscript/fileName/TMPro_InstructionOverlay.cs: 194f3617683541355a9c6c8193e87b1c -> b626d2270e6ebd5c4311585c18b58d8d
  custom:scripting/monoscript/fileName/TMP_DigitValidator.cs: 4e5cde653ae28b90ab257e866c94dfce -> ac02af96215ae3951a3cce9e1a8c6085
  custom:audio-encoder-webm-vorbis: bf7c407c2cedff20999df2af8eb42d56 -> 
  custom:scripting/monoscript/fileName/Cube_Controller.cs: acd00592fa72aff7217b78bae7072f77 -> 
  custom:scripting/monoscript/fileName/Benchmark01_UGUI.cs: 52a24b07fcdd062ef495404efdb65870 -> 6148cfe2627b7708298f301788144139
  custom:scripting/precompiled-assembly-types:Assembly-CSharp: 252627b8445d6767445947e474900fe4 -> f39d0e8e1a2bdc72903fb33acfa56b16
  custom:scripting/monoscript/fileName/Benchmark03.cs: 520976d641c2b7cf395e30b045f5a45d -> 17cc87e0529ac71d909a946afb47a274
========================================================================
Received Prepare
Caller must complete domain reload
Begin MonoManager ReloadAssembly
- Loaded All Assemblies, in  0.370 seconds
Native extension for WindowsStandalone target not found
Native extension for Android target not found
Native extension for WebGL target not found
Mono: successfully reloaded assembly
- Finished resetting the current domain, in  2.040 seconds
Domain Reload Profiling: 2410ms
	BeginReloadAssembly (135ms)
		ExecutionOrderSort (0ms)
		DisableScriptedObjects (6ms)
		BackupInstance (0ms)
		ReleaseScriptingObjects (0ms)
		CreateAndSetChildDomain (38ms)
	RebuildCommonClasses (26ms)
	RebuildNativeTypeToScriptingClass (8ms)
	initialDomainReloadingComplete (21ms)
	LoadAllAssembliesAndSetupDomain (179ms)
		LoadAssemblies (231ms)
		RebuildTransferFunctionScriptingTraits (0ms)
		AnalyzeDomain (11ms)
			TypeCache.Refresh (5ms)
				TypeCache.ScanAssembly (0ms)
			ScanForSourceGeneratedMonoScriptInfo (0ms)
			ResolveRequiredComponents (4ms)
	FinalizeReload (2041ms)
		ReleaseScriptCaches (0ms)
		RebuildScriptCaches (0ms)
		SetupLoadedEditorAssemblies (542ms)
			LogAssemblyErrors (0ms)
			InitializePlatformSupportModulesInManaged (15ms)
			SetLoadedEditorAssemblies (5ms)
			RefreshPlugins (0ms)
			BeforeProcessingInitializeOnLoad (59ms)
			ProcessInitializeOnLoadAttributes (438ms)
			ProcessInitializeOnLoadMethodAttributes (22ms)
			AfterProcessingInitializeOnLoad (2ms)
			EditorAssembliesLoaded (0ms)
		ExecutionOrderSort2 (0ms)
		AwakeInstancesAfterBackupRestoration (7ms)
Refreshing native plugins compatible for Editor in 4.97 ms, found 6 plugins.
Preloading 0 native plugins for Editor in 0.00 ms.
Unloading 3345 Unused Serialized files (Serialized files now loaded: 0)
Unloading 14 unused Assets / (28.5 KB). Loaded Objects now: 4066.
Memory consumption went from 129.3 MB to 129.3 MB.
Total: 4.717500 ms (FindLiveObjects: 0.393000 ms CreateObjectMapping: 0.158800 ms MarkObjects: 4.113600 ms  DeleteObjects: 0.050600 ms)

Prepare: number of updated asset objects reloaded= 0
AssetImportParameters requested are different than current active one (requested -> active):
  custom:scripting/monoscript/fileName/SkewTextExample.cs: f96859e31fd6dde308d9dc2a2488dcff -> c142d02d70a129e0533975f7c2f96956
  custom:container-demuxer-ogg: 62fdf1f143b41e24485cea50d1cbac27 -> 
  custom:scripting/monoscript/fileName/TMP_TextEventHandler.cs: d0f86a17d6fd3e9995db934eaaf34f18 -> f5cd9d5a43bfefc8f4fec80e6de896a4
  custom:scripting/monoscript/fileName/TextMeshProFloatingText.cs: 5a37842f75734e7729f89af9a8145a1a -> 92608fa4a6315cd0786d82205e77b697
  custom:scripting/monoscript/fileName/VertexZoom.cs: 2da4737d79388c0362c64482e9ee50d2 -> 650ab1e81d40126e3edcf737cce646e4
  custom:video-codec-MediaFoundation-h265: 746d11721c4dcdbdad8f713fa42b33f4 -> 
  custom:scripting/monoscript/fileName/VertexShakeA.cs: 16900906a98712c9660b9823af1f2500 -> 63ec564c588058369499638dd899e05b
  custom:scripting/monoscript/fileName/TMP_ExampleScript_01.cs: 59997facf165601d8c6263ace2a973a5 -> a9d4be556104ff54e7d240529b3e01dc
  custom:video-decoder-ogg-theora: a1e56fd34408186e4bbccfd4996cb3dc -> 
  custom:scripting/monoscript/fileName/TMP_TextEventCheck.cs: 7ee93fce990cec7a5b67b504d0259dce -> 13505d917eab5868c435e0c2986dadfa
  custom:scripting/monoscript/fileName/TMP_TextSelector_B.cs: c0db108de9ffc9b6f619f3d00162b1c2 -> ba2be21a7486d37b1011342977a2e49d
  custom:scripting/monoscript/fileName/Benchmark01.cs: 1fef48c763f4be76a973f061699dd041 -> 2d3e2cd961730ab95f139a49a673bace
  custom:framework-win-MediaFoundation: 216162199b28c13a410421893ffa2e32 -> 
  custom:scripting/monoscript/fileName/UI_Manager.cs: 98fe954eecef79af161772dc64f463a1 -> 
  custom:scripting/monoscript/fileName/Benchmark02.cs: 92dcd0c0a469d0c0690d8ca0bfe95e6f -> 5640963252ce70910e726415f869ced6
  custom:scripting/monoscript/fileName/DropdownSample.cs: b4fe7efb027fdd4854f643ad764daa8c -> 0a92251794e5f10400149f96c3c59e5d
  custom:scripting/monoscript/fileName/WarpTextExample.cs: c5431dac938081648a3a3ac553c1029b -> 2663459c266363641981c7d17b698d7f
  custom:CustomObjectIndexerAttribute: 9a22284fe3817be447336de3de66b15e -> 
  custom:container-demuxer-webm: 4f35f7cbe854078d1ac9338744f61a02 -> 
  custom:scripting/monoscript/fileName/MainMenuButton.cs: e28869a6863284e74946ac915bb193f6 -> 
  custom:scripting/monoscript/fileName/ChatController.cs: ff21b89493e3dffcbe018a2cc5a10bae -> 876d5ccae6e345dd5d9450eb0a748f16
  custom:scripting/monoscript/fileName/TextMeshSpawner.cs: c0f20e5855e88374db1098a5acc68df4 -> 76f28e2ddb031571e6ec62b018f65fa8
  custom:scripting/monoscript/fileName/TeleType.cs: c18e16db35615314900dbe198d0144e7 -> 31fa97821c4c70f157ec81d507aa6b62
  custom:scripting/monoscript/fileName/Benchmark04.cs: 86dfb70824307c4cf164687df2489226 -> 32220b148620e52aa81c13a114862bf4
  custom:container-muxer-webm: aa71ff27fc2769a1b78a27578f13a17b -> 
  custom:video-decoder-webm-vp8: 9c59270c3fd7afecdb556c50c9e8de78 -> 
  custom:scripting/monoscript/fileName/TMP_PhoneNumberValidator.cs: b4c1c54136dffeb4e2962027ebaa6b1f -> 7c3049f481e464c6a9a15dee56c3126f
  custom:SearchIndexIgnoredProperties: e643bd26f0fe6173181afceb89e7c659 -> 
  custom:AudioImporter_EditorPlatform: d09bf68614088b80899f8185d706f6e7 -> 
  custom:scripting/monoscript/fileName/EnvMapAnimator.cs: 08e040d459cd881082c0dd5daba5f85c -> 1b4f61c17e4b7283c3ac351aacff9d26
  custom:scripting/monoscript/fileName/ShaderPropAnimator.cs: 88b70bc5bbc15375387323f48f0661cf -> 55ce425812446482e623ff2695c94cb2
  custom:scripting/monoscript/fileName/SimpleScript.cs: dcd92cf7399b0d08e25e4a66ab57e91e -> 454caab0c6c050f29b39d82e1d66d0fa
  custom:scripting/monoscript/fileName/ObjectSpin.cs: b34dd4d17018731600f920d50ca840f7 -> 2b96bb2079dd7fa5108d981627a28e1e
  custom:scripting/monoscript/fileName/CameraController.cs: 8d43c2def3a67efed518259a2232b470 -> 34b6be4e23ce86dc89786916c5983296
  custom:scripting/monoscript/fileName/TMP_TextInfoDebugTool.cs: 7aad42023b6f5112c90650ae13bd6dd8 -> 3f1709cfb2cc628169113a35b5e9be3f
  custom:scripting/monoscript/fileName/TMP_TextSelector_A.cs: 088357b4acdc1e6288d897936d29c8d3 -> 347309a09d56e367b188a6978f75b424
  custom:video-encoder-webm-vp8: eb34c28f22e8b96e1ab97ce403110664 -> 
  custom:audio-decoder-ogg-vorbis: bf7c407c2cedff20999df2af8eb42d56 -> 
  custom:scripting/monoscript/fileName/VertexJitter.cs: 6330f950b41eff6e5970f129864ecd6c -> d27eb5498e48714a66aece98da065133
  custom:scripting/monoscript/fileName/TextConsoleSimulator.cs: f2c8898b26c0cf2b0a1c7d12d99e6769 -> 33fc311abb20b5b0ed8f00e4d86b574e
  custom:scripting/monoscript/fileName/VertexColorCycler.cs: 135fb0ebdaf256193ccc08218c426c64 -> 5f984ca91cf3609293aecc6bc5641572
  custom:scripting/monoscript/fileName/TMP_FrameRateCounter.cs: 8afeb6f0251e063dcfff2bd827f92c62 -> 46f655df8cb483ac5958307137b1585a
  custom:scripting/monoscript/fileName/VertexShakeB.cs: 587e5b2aecc39120c2c9ff69742ce897 -> a6f78c4fcda1a29a1a1c1baefedba9e7
  custom:scripting/monoscript/fileName/TMP_UiFrameRateCounter.cs: 8fa3bcf761bb5076fd90d0361518d59c -> b01021aea19247f14a98ab338907956a
  custom:scripting/monoscript/fileName/TMPro_InstructionOverlay.cs: 194f3617683541355a9c6c8193e87b1c -> b626d2270e6ebd5c4311585c18b58d8d
  custom:scripting/monoscript/fileName/TMP_DigitValidator.cs: 4e5cde653ae28b90ab257e866c94dfce -> ac02af96215ae3951a3cce9e1a8c6085
  custom:audio-encoder-webm-vorbis: bf7c407c2cedff20999df2af8eb42d56 -> 
  custom:scripting/monoscript/fileName/Cube_Controller.cs: acd00592fa72aff7217b78bae7072f77 -> 
  custom:scripting/monoscript/fileName/Benchmark01_UGUI.cs: 52a24b07fcdd062ef495404efdb65870 -> 6148cfe2627b7708298f301788144139
  custom:scripting/precompiled-assembly-types:Assembly-CSharp: 252627b8445d6767445947e474900fe4 -> f39d0e8e1a2bdc72903fb33acfa56b16
  custom:scripting/monoscript/fileName/Benchmark03.cs: 520976d641c2b7cf395e30b045f5a45d -> 17cc87e0529ac71d909a946afb47a274
========================================================================
Received Prepare
Caller must complete domain reload
Begin MonoManager ReloadAssembly
- Loaded All Assemblies, in  0.364 seconds
Native extension for WindowsStandalone target not found
Native extension for Android target not found
Native extension for WebGL target not found
Mono: successfully reloaded assembly
- Finished resetting the current domain, in  1.365 seconds
Domain Reload Profiling: 1729ms
	BeginReloadAssembly (131ms)
		ExecutionOrderSort (0ms)
		DisableScriptedObjects (5ms)
		BackupInstance (0ms)
		ReleaseScriptingObjects (0ms)
		CreateAndSetChildDomain (28ms)
	RebuildCommonClasses (27ms)
	RebuildNativeTypeToScriptingClass (9ms)
	initialDomainReloadingComplete (22ms)
	LoadAllAssembliesAndSetupDomain (176ms)
		LoadAssemblies (231ms)
		RebuildTransferFunctionScriptingTraits (0ms)
		AnalyzeDomain (15ms)
			TypeCache.Refresh (6ms)
				TypeCache.ScanAssembly (0ms)
			ScanForSourceGeneratedMonoScriptInfo (0ms)
			ResolveRequiredComponents (7ms)
	FinalizeReload (1365ms)
		ReleaseScriptCaches (0ms)
		RebuildScriptCaches (0ms)
		SetupLoadedEditorAssemblies (544ms)
			LogAssemblyErrors (0ms)
			InitializePlatformSupportModulesInManaged (17ms)
			SetLoadedEditorAssemblies (4ms)
			RefreshPlugins (0ms)
			BeforeProcessingInitializeOnLoad (58ms)
			ProcessInitializeOnLoadAttributes (443ms)
			ProcessInitializeOnLoadMethodAttributes (18ms)
			AfterProcessingInitializeOnLoad (4ms)
			EditorAssembliesLoaded (0ms)
		ExecutionOrderSort2 (0ms)
		AwakeInstancesAfterBackupRestoration (7ms)
Refreshing native plugins compatible for Editor in 4.53 ms, found 6 plugins.
Preloading 0 native plugins for Editor in 0.00 ms.
Unloading 3345 Unused Serialized files (Serialized files now loaded: 0)
Unloading 14 unused Assets / (28.5 KB). Loaded Objects now: 4069.
Memory consumption went from 129.3 MB to 129.3 MB.
Total: 5.659600 ms (FindLiveObjects: 0.526800 ms CreateObjectMapping: 0.143100 ms MarkObjects: 4.899700 ms  DeleteObjects: 0.088300 ms)

Prepare: number of updated asset objects reloaded= 0
AssetImportParameters requested are different than current active one (requested -> active):
  custom:scripting/monoscript/fileName/SkewTextExample.cs: f96859e31fd6dde308d9dc2a2488dcff -> c142d02d70a129e0533975f7c2f96956
  custom:container-demuxer-ogg: 62fdf1f143b41e24485cea50d1cbac27 -> 
  custom:scripting/monoscript/fileName/TMP_TextEventHandler.cs: d0f86a17d6fd3e9995db934eaaf34f18 -> f5cd9d5a43bfefc8f4fec80e6de896a4
  custom:scripting/monoscript/fileName/TextMeshProFloatingText.cs: 5a37842f75734e7729f89af9a8145a1a -> 92608fa4a6315cd0786d82205e77b697
  custom:scripting/monoscript/fileName/VertexZoom.cs: 2da4737d79388c0362c64482e9ee50d2 -> 650ab1e81d40126e3edcf737cce646e4
  custom:video-codec-MediaFoundation-h265: 746d11721c4dcdbdad8f713fa42b33f4 -> 
  custom:scripting/monoscript/fileName/VertexShakeA.cs: 16900906a98712c9660b9823af1f2500 -> 63ec564c588058369499638dd899e05b
  custom:scripting/monoscript/fileName/TMP_ExampleScript_01.cs: 59997facf165601d8c6263ace2a973a5 -> a9d4be556104ff54e7d240529b3e01dc
  custom:video-decoder-ogg-theora: a1e56fd34408186e4bbccfd4996cb3dc -> 
  custom:scripting/monoscript/fileName/TMP_TextEventCheck.cs: 7ee93fce990cec7a5b67b504d0259dce -> 13505d917eab5868c435e0c2986dadfa
  custom:scripting/monoscript/fileName/TMP_TextSelector_B.cs: c0db108de9ffc9b6f619f3d00162b1c2 -> ba2be21a7486d37b1011342977a2e49d
  custom:scripting/monoscript/fileName/Benchmark01.cs: 1fef48c763f4be76a973f061699dd041 -> 2d3e2cd961730ab95f139a49a673bace
  custom:framework-win-MediaFoundation: 216162199b28c13a410421893ffa2e32 -> 
  custom:scripting/monoscript/fileName/UI_Manager.cs: 98fe954eecef79af161772dc64f463a1 -> 
  custom:scripting/monoscript/fileName/Benchmark02.cs: 92dcd0c0a469d0c0690d8ca0bfe95e6f -> 5640963252ce70910e726415f869ced6
  custom:scripting/monoscript/fileName/DropdownSample.cs: b4fe7efb027fdd4854f643ad764daa8c -> 0a92251794e5f10400149f96c3c59e5d
  custom:scripting/monoscript/fileName/WarpTextExample.cs: c5431dac938081648a3a3ac553c1029b -> 2663459c266363641981c7d17b698d7f
  custom:CustomObjectIndexerAttribute: 9a22284fe3817be447336de3de66b15e -> 
  custom:container-demuxer-webm: 4f35f7cbe854078d1ac9338744f61a02 -> 
  custom:scripting/monoscript/fileName/MainMenuButton.cs: e28869a6863284e74946ac915bb193f6 -> 
  custom:scripting/monoscript/fileName/ChatController.cs: ff21b89493e3dffcbe018a2cc5a10bae -> 876d5ccae6e345dd5d9450eb0a748f16
  custom:scripting/monoscript/fileName/TextMeshSpawner.cs: c0f20e5855e88374db1098a5acc68df4 -> 76f28e2ddb031571e6ec62b018f65fa8
  custom:scripting/monoscript/fileName/TeleType.cs: c18e16db35615314900dbe198d0144e7 -> 31fa97821c4c70f157ec81d507aa6b62
  custom:scripting/monoscript/fileName/Benchmark04.cs: 86dfb70824307c4cf164687df2489226 -> 32220b148620e52aa81c13a114862bf4
  custom:container-muxer-webm: aa71ff27fc2769a1b78a27578f13a17b -> 
  custom:video-decoder-webm-vp8: 9c59270c3fd7afecdb556c50c9e8de78 -> 
  custom:scripting/monoscript/fileName/TMP_PhoneNumberValidator.cs: b4c1c54136dffeb4e2962027ebaa6b1f -> 7c3049f481e464c6a9a15dee56c3126f
  custom:SearchIndexIgnoredProperties: e643bd26f0fe6173181afceb89e7c659 -> 
  custom:AudioImporter_EditorPlatform: d09bf68614088b80899f8185d706f6e7 -> 
  custom:scripting/monoscript/fileName/EnvMapAnimator.cs: 08e040d459cd881082c0dd5daba5f85c -> 1b4f61c17e4b7283c3ac351aacff9d26
  custom:scripting/monoscript/fileName/ShaderPropAnimator.cs: 88b70bc5bbc15375387323f48f0661cf -> 55ce425812446482e623ff2695c94cb2
  custom:scripting/monoscript/fileName/SimpleScript.cs: dcd92cf7399b0d08e25e4a66ab57e91e -> 454caab0c6c050f29b39d82e1d66d0fa
  custom:scripting/monoscript/fileName/ObjectSpin.cs: b34dd4d17018731600f920d50ca840f7 -> 2b96bb2079dd7fa5108d981627a28e1e
  custom:scripting/monoscript/fileName/CameraController.cs: 8d43c2def3a67efed518259a2232b470 -> 34b6be4e23ce86dc89786916c5983296
  custom:scripting/monoscript/fileName/TMP_TextInfoDebugTool.cs: 7aad42023b6f5112c90650ae13bd6dd8 -> 3f1709cfb2cc628169113a35b5e9be3f
  custom:scripting/monoscript/fileName/TMP_TextSelector_A.cs: 088357b4acdc1e6288d897936d29c8d3 -> 347309a09d56e367b188a6978f75b424
  custom:video-encoder-webm-vp8: eb34c28f22e8b96e1ab97ce403110664 -> 
  custom:audio-decoder-ogg-vorbis: bf7c407c2cedff20999df2af8eb42d56 -> 
  custom:scripting/monoscript/fileName/VertexJitter.cs: 6330f950b41eff6e5970f129864ecd6c -> d27eb5498e48714a66aece98da065133
  custom:scripting/monoscript/fileName/TextConsoleSimulator.cs: f2c8898b26c0cf2b0a1c7d12d99e6769 -> 33fc311abb20b5b0ed8f00e4d86b574e
  custom:scripting/monoscript/fileName/VertexColorCycler.cs: 135fb0ebdaf256193ccc08218c426c64 -> 5f984ca91cf3609293aecc6bc5641572
  custom:scripting/monoscript/fileName/TMP_FrameRateCounter.cs: 8afeb6f0251e063dcfff2bd827f92c62 -> 46f655df8cb483ac5958307137b1585a
  custom:scripting/monoscript/fileName/VertexShakeB.cs: 587e5b2aecc39120c2c9ff69742ce897 -> a6f78c4fcda1a29a1a1c1baefedba9e7
  custom:scripting/monoscript/fileName/TMP_UiFrameRateCounter.cs: 8fa3bcf761bb5076fd90d0361518d59c -> b01021aea19247f14a98ab338907956a
  custom:scripting/monoscript/fileName/TMPro_InstructionOverlay.cs: 194f3617683541355a9c6c8193e87b1c -> b626d2270e6ebd5c4311585c18b58d8d
  custom:scripting/monoscript/fileName/TMP_DigitValidator.cs: 4e5cde653ae28b90ab257e866c94dfce -> ac02af96215ae3951a3cce9e1a8c6085
  custom:audio-encoder-webm-vorbis: bf7c407c2cedff20999df2af8eb42d56 -> 
  custom:scripting/monoscript/fileName/Cube_Controller.cs: acd00592fa72aff7217b78bae7072f77 -> 
  custom:scripting/monoscript/fileName/Benchmark01_UGUI.cs: 52a24b07fcdd062ef495404efdb65870 -> 6148cfe2627b7708298f301788144139
  custom:scripting/precompiled-assembly-types:Assembly-CSharp: 252627b8445d6767445947e474900fe4 -> f39d0e8e1a2bdc72903fb33acfa56b16
  custom:scripting/monoscript/fileName/Benchmark03.cs: 520976d641c2b7cf395e30b045f5a45d -> 17cc87e0529ac71d909a946afb47a274
========================================================================
Received Prepare
Caller must complete domain reload
Begin MonoManager ReloadAssembly
- Loaded All Assemblies, in  0.337 seconds
Native extension for WindowsStandalone target not found
Native extension for Android target not found
Native extension for WebGL target not found
Mono: successfully reloaded assembly
- Finished resetting the current domain, in  0.926 seconds
Domain Reload Profiling: 1263ms
	BeginReloadAssembly (125ms)
		ExecutionOrderSort (0ms)
		DisableScriptedObjects (5ms)
		BackupInstance (0ms)
		ReleaseScriptingObjects (0ms)
		CreateAndSetChildDomain (32ms)
	RebuildCommonClasses (30ms)
	RebuildNativeTypeToScriptingClass (9ms)
	initialDomainReloadingComplete (21ms)
	LoadAllAssembliesAndSetupDomain (151ms)
		LoadAssemblies (200ms)
		RebuildTransferFunctionScriptingTraits (0ms)
		AnalyzeDomain (12ms)
			TypeCache.Refresh (5ms)
				TypeCache.ScanAssembly (0ms)
			ScanForSourceGeneratedMonoScriptInfo (0ms)
			ResolveRequiredComponents (5ms)
	FinalizeReload (926ms)
		ReleaseScriptCaches (0ms)
		RebuildScriptCaches (0ms)
		SetupLoadedEditorAssemblies (521ms)
			LogAssemblyErrors (0ms)
			InitializePlatformSupportModulesInManaged (15ms)
			SetLoadedEditorAssemblies (4ms)
			RefreshPlugins (0ms)
			BeforeProcessingInitializeOnLoad (56ms)
			ProcessInitializeOnLoadAttributes (423ms)
			ProcessInitializeOnLoadMethodAttributes (21ms)
			AfterProcessingInitializeOnLoad (2ms)
			EditorAssembliesLoaded (0ms)
		ExecutionOrderSort2 (0ms)
		AwakeInstancesAfterBackupRestoration (6ms)
Refreshing native plugins compatible for Editor in 4.24 ms, found 6 plugins.
Preloading 0 native plugins for Editor in 0.00 ms.
Unloading 3345 Unused Serialized files (Serialized files now loaded: 0)
Unloading 14 unused Assets / (28.5 KB). Loaded Objects now: 4072.
Memory consumption went from 129.3 MB to 129.3 MB.
Total: 6.267000 ms (FindLiveObjects: 0.527900 ms CreateObjectMapping: 0.379000 ms MarkObjects: 5.304100 ms  DeleteObjects: 0.054200 ms)

Prepare: number of updated asset objects reloaded= 0
AssetImportParameters requested are different than current active one (requested -> active):
  custom:scripting/monoscript/fileName/SkewTextExample.cs: f96859e31fd6dde308d9dc2a2488dcff -> c142d02d70a129e0533975f7c2f96956
  custom:container-demuxer-ogg: 62fdf1f143b41e24485cea50d1cbac27 -> 
  custom:scripting/monoscript/fileName/TMP_TextEventHandler.cs: d0f86a17d6fd3e9995db934eaaf34f18 -> f5cd9d5a43bfefc8f4fec80e6de896a4
  custom:scripting/monoscript/fileName/TextMeshProFloatingText.cs: 5a37842f75734e7729f89af9a8145a1a -> 92608fa4a6315cd0786d82205e77b697
  custom:scripting/monoscript/fileName/VertexZoom.cs: 2da4737d79388c0362c64482e9ee50d2 -> 650ab1e81d40126e3edcf737cce646e4
  custom:video-codec-MediaFoundation-h265: 746d11721c4dcdbdad8f713fa42b33f4 -> 
  custom:scripting/monoscript/fileName/VertexShakeA.cs: 16900906a98712c9660b9823af1f2500 -> 63ec564c588058369499638dd899e05b
  custom:scripting/monoscript/fileName/TMP_ExampleScript_01.cs: 59997facf165601d8c6263ace2a973a5 -> a9d4be556104ff54e7d240529b3e01dc
  custom:video-decoder-ogg-theora: a1e56fd34408186e4bbccfd4996cb3dc -> 
  custom:scripting/monoscript/fileName/TMP_TextEventCheck.cs: 7ee93fce990cec7a5b67b504d0259dce -> 13505d917eab5868c435e0c2986dadfa
  custom:scripting/monoscript/fileName/TMP_TextSelector_B.cs: c0db108de9ffc9b6f619f3d00162b1c2 -> ba2be21a7486d37b1011342977a2e49d
  custom:scripting/monoscript/fileName/Benchmark01.cs: 1fef48c763f4be76a973f061699dd041 -> 2d3e2cd961730ab95f139a49a673bace
  custom:framework-win-MediaFoundation: 216162199b28c13a410421893ffa2e32 -> 
  custom:scripting/monoscript/fileName/UI_Manager.cs: 98fe954eecef79af161772dc64f463a1 -> 
  custom:scripting/monoscript/fileName/Benchmark02.cs: 92dcd0c0a469d0c0690d8ca0bfe95e6f -> 5640963252ce70910e726415f869ced6
  custom:scripting/monoscript/fileName/DropdownSample.cs: b4fe7efb027fdd4854f643ad764daa8c -> 0a92251794e5f10400149f96c3c59e5d
  custom:scripting/monoscript/fileName/WarpTextExample.cs: c5431dac938081648a3a3ac553c1029b -> 2663459c266363641981c7d17b698d7f
  custom:CustomObjectIndexerAttribute: 9a22284fe3817be447336de3de66b15e -> 
  custom:container-demuxer-webm: 4f35f7cbe854078d1ac9338744f61a02 -> 
  custom:scripting/monoscript/fileName/MainMenuButton.cs: e28869a6863284e74946ac915bb193f6 -> 
  custom:scripting/monoscript/fileName/ChatController.cs: ff21b89493e3dffcbe018a2cc5a10bae -> 876d5ccae6e345dd5d9450eb0a748f16
  custom:scripting/monoscript/fileName/TextMeshSpawner.cs: c0f20e5855e88374db1098a5acc68df4 -> 76f28e2ddb031571e6ec62b018f65fa8
  custom:scripting/monoscript/fileName/TeleType.cs: c18e16db35615314900dbe198d0144e7 -> 31fa97821c4c70f157ec81d507aa6b62
  custom:scripting/monoscript/fileName/Benchmark04.cs: 86dfb70824307c4cf164687df2489226 -> 32220b148620e52aa81c13a114862bf4
  custom:container-muxer-webm: aa71ff27fc2769a1b78a27578f13a17b -> 
  custom:video-decoder-webm-vp8: 9c59270c3fd7afecdb556c50c9e8de78 -> 
  custom:scripting/monoscript/fileName/TMP_PhoneNumberValidator.cs: b4c1c54136dffeb4e2962027ebaa6b1f -> 7c3049f481e464c6a9a15dee56c3126f
  custom:SearchIndexIgnoredProperties: e643bd26f0fe6173181afceb89e7c659 -> 
  custom:AudioImporter_EditorPlatform: d09bf68614088b80899f8185d706f6e7 -> 
  custom:scripting/monoscript/fileName/EnvMapAnimator.cs: 08e040d459cd881082c0dd5daba5f85c -> 1b4f61c17e4b7283c3ac351aacff9d26
  custom:scripting/monoscript/fileName/ShaderPropAnimator.cs: 88b70bc5bbc15375387323f48f0661cf -> 55ce425812446482e623ff2695c94cb2
  custom:scripting/monoscript/fileName/SimpleScript.cs: dcd92cf7399b0d08e25e4a66ab57e91e -> 454caab0c6c050f29b39d82e1d66d0fa
  custom:scripting/monoscript/fileName/ObjectSpin.cs: b34dd4d17018731600f920d50ca840f7 -> 2b96bb2079dd7fa5108d981627a28e1e
  custom:scripting/monoscript/fileName/CameraController.cs: 8d43c2def3a67efed518259a2232b470 -> 34b6be4e23ce86dc89786916c5983296
  custom:scripting/monoscript/fileName/TMP_TextInfoDebugTool.cs: 7aad42023b6f5112c90650ae13bd6dd8 -> 3f1709cfb2cc628169113a35b5e9be3f
  custom:scripting/monoscript/fileName/TMP_TextSelector_A.cs: 088357b4acdc1e6288d897936d29c8d3 -> 347309a09d56e367b188a6978f75b424
  custom:video-encoder-webm-vp8: eb34c28f22e8b96e1ab97ce403110664 -> 
  custom:audio-decoder-ogg-vorbis: bf7c407c2cedff20999df2af8eb42d56 -> 
  custom:scripting/monoscript/fileName/VertexJitter.cs: 6330f950b41eff6e5970f129864ecd6c -> d27eb5498e48714a66aece98da065133
  custom:scripting/monoscript/fileName/TextConsoleSimulator.cs: f2c8898b26c0cf2b0a1c7d12d99e6769 -> 33fc311abb20b5b0ed8f00e4d86b574e
  custom:scripting/monoscript/fileName/VertexColorCycler.cs: 135fb0ebdaf256193ccc08218c426c64 -> 5f984ca91cf3609293aecc6bc5641572
  custom:scripting/monoscript/fileName/TMP_FrameRateCounter.cs: 8afeb6f0251e063dcfff2bd827f92c62 -> 46f655df8cb483ac5958307137b1585a
  custom:scripting/monoscript/fileName/VertexShakeB.cs: 587e5b2aecc39120c2c9ff69742ce897 -> a6f78c4fcda1a29a1a1c1baefedba9e7
  custom:scripting/monoscript/fileName/TMP_UiFrameRateCounter.cs: 8fa3bcf761bb5076fd90d0361518d59c -> b01021aea19247f14a98ab338907956a
  custom:scripting/monoscript/fileName/TMPro_InstructionOverlay.cs: 194f3617683541355a9c6c8193e87b1c -> b626d2270e6ebd5c4311585c18b58d8d
  custom:scripting/monoscript/fileName/TMP_DigitValidator.cs: 4e5cde653ae28b90ab257e866c94dfce -> ac02af96215ae3951a3cce9e1a8c6085
  custom:audio-encoder-webm-vorbis: bf7c407c2cedff20999df2af8eb42d56 -> 
  custom:scripting/monoscript/fileName/Cube_Controller.cs: acd00592fa72aff7217b78bae7072f77 -> 
  custom:scripting/monoscript/fileName/Benchmark01_UGUI.cs: 52a24b07fcdd062ef495404efdb65870 -> 6148cfe2627b7708298f301788144139
  custom:scripting/precompiled-assembly-types:Assembly-CSharp: 252627b8445d6767445947e474900fe4 -> f39d0e8e1a2bdc72903fb33acfa56b16
  custom:scripting/monoscript/fileName/Benchmark03.cs: 520976d641c2b7cf395e30b045f5a45d -> 17cc87e0529ac71d909a946afb47a274
========================================================================
Received Prepare
Caller must complete domain reload
Begin MonoManager ReloadAssembly
- Loaded All Assemblies, in  0.631 seconds
Native extension for WindowsStandalone target not found
Native extension for Android target not found
Native extension for WebGL target not found
Mono: successfully reloaded assembly
- Finished resetting the current domain, in  1.441 seconds
Domain Reload Profiling: 2074ms
	BeginReloadAssembly (223ms)
		ExecutionOrderSort (0ms)
		DisableScriptedObjects (13ms)
		BackupInstance (0ms)
		ReleaseScriptingObjects (0ms)
		CreateAndSetChildDomain (77ms)
	RebuildCommonClasses (35ms)
	RebuildNativeTypeToScriptingClass (10ms)
	initialDomainReloadingComplete (28ms)
	LoadAllAssembliesAndSetupDomain (337ms)
		LoadAssemblies (395ms)
		RebuildTransferFunctionScriptingTraits (0ms)
		AnalyzeDomain (31ms)
			TypeCache.Refresh (12ms)
				TypeCache.ScanAssembly (1ms)
			ScanForSourceGeneratedMonoScriptInfo (10ms)
			ResolveRequiredComponents (6ms)
	FinalizeReload (1442ms)
		ReleaseScriptCaches (0ms)
		RebuildScriptCaches (0ms)
		SetupLoadedEditorAssemblies (584ms)
			LogAssemblyErrors (0ms)
			InitializePlatformSupportModulesInManaged (19ms)
			SetLoadedEditorAssemblies (5ms)
			RefreshPlugins (0ms)
			BeforeProcessingInitializeOnLoad (58ms)
			ProcessInitializeOnLoadAttributes (476ms)
			ProcessInitializeOnLoadMethodAttributes (22ms)
			AfterProcessingInitializeOnLoad (2ms)
			EditorAssembliesLoaded (0ms)
		ExecutionOrderSort2 (0ms)
		AwakeInstancesAfterBackupRestoration (8ms)
Refreshing native plugins compatible for Editor in 4.69 ms, found 6 plugins.
Preloading 0 native plugins for Editor in 0.00 ms.
Unloading 3346 Unused Serialized files (Serialized files now loaded: 0)
Unloading 14 unused Assets / (28.5 KB). Loaded Objects now: 4076.
Memory consumption went from 129.4 MB to 129.3 MB.
Total: 9.359100 ms (FindLiveObjects: 0.718200 ms CreateObjectMapping: 0.294000 ms MarkObjects: 8.242600 ms  DeleteObjects: 0.103000 ms)

Prepare: number of updated asset objects reloaded= 0
AssetImportParameters requested are different than current active one (requested -> active):
  custom:scripting/monoscript/fileName/SkewTextExample.cs: f96859e31fd6dde308d9dc2a2488dcff -> c142d02d70a129e0533975f7c2f96956
  custom:container-demuxer-ogg: 62fdf1f143b41e24485cea50d1cbac27 -> 
  custom:scripting/monoscript/fileName/TMP_TextEventHandler.cs: d0f86a17d6fd3e9995db934eaaf34f18 -> f5cd9d5a43bfefc8f4fec80e6de896a4
  custom:scripting/monoscript/fileName/TextMeshProFloatingText.cs: 5a37842f75734e7729f89af9a8145a1a -> 92608fa4a6315cd0786d82205e77b697
  custom:scripting/monoscript/fileName/VertexZoom.cs: 2da4737d79388c0362c64482e9ee50d2 -> 650ab1e81d40126e3edcf737cce646e4
  custom:video-codec-MediaFoundation-h265: 746d11721c4dcdbdad8f713fa42b33f4 -> 
  custom:scripting/monoscript/fileName/VertexShakeA.cs: 16900906a98712c9660b9823af1f2500 -> 63ec564c588058369499638dd899e05b
  custom:scripting/monoscript/fileName/TMP_ExampleScript_01.cs: 59997facf165601d8c6263ace2a973a5 -> a9d4be556104ff54e7d240529b3e01dc
  custom:video-decoder-ogg-theora: a1e56fd34408186e4bbccfd4996cb3dc -> 
  custom:scripting/monoscript/fileName/TMP_TextEventCheck.cs: 7ee93fce990cec7a5b67b504d0259dce -> 13505d917eab5868c435e0c2986dadfa
  custom:scripting/monoscript/fileName/TMP_TextSelector_B.cs: c0db108de9ffc9b6f619f3d00162b1c2 -> ba2be21a7486d37b1011342977a2e49d
  custom:scripting/monoscript/fileName/Benchmark01.cs: 1fef48c763f4be76a973f061699dd041 -> 2d3e2cd961730ab95f139a49a673bace
  custom:framework-win-MediaFoundation: 216162199b28c13a410421893ffa2e32 -> 
  custom:scripting/monoscript/fileName/UI_Manager.cs: 98fe954eecef79af161772dc64f463a1 -> 
  custom:scripting/monoscript/fileName/Benchmark02.cs: 92dcd0c0a469d0c0690d8ca0bfe95e6f -> 5640963252ce70910e726415f869ced6
  custom:scripting/monoscript/fileName/DropdownSample.cs: b4fe7efb027fdd4854f643ad764daa8c -> 0a92251794e5f10400149f96c3c59e5d
  custom:scripting/monoscript/fileName/WarpTextExample.cs: c5431dac938081648a3a3ac553c1029b -> 2663459c266363641981c7d17b698d7f
  custom:CustomObjectIndexerAttribute: 9a22284fe3817be447336de3de66b15e -> 
  custom:container-demuxer-webm: 4f35f7cbe854078d1ac9338744f61a02 -> 
  custom:scripting/monoscript/fileName/MainMenuButton.cs: e28869a6863284e74946ac915bb193f6 -> 
  custom:scripting/monoscript/fileName/ChatController.cs: ff21b89493e3dffcbe018a2cc5a10bae -> 876d5ccae6e345dd5d9450eb0a748f16
  custom:scripting/monoscript/fileName/TextMeshSpawner.cs: c0f20e5855e88374db1098a5acc68df4 -> 76f28e2ddb031571e6ec62b018f65fa8
  custom:scripting/monoscript/fileName/TeleType.cs: c18e16db35615314900dbe198d0144e7 -> 31fa97821c4c70f157ec81d507aa6b62
  custom:scripting/monoscript/fileName/Benchmark04.cs: 86dfb70824307c4cf164687df2489226 -> 32220b148620e52aa81c13a114862bf4
  custom:container-muxer-webm: aa71ff27fc2769a1b78a27578f13a17b -> 
  custom:video-decoder-webm-vp8: 9c59270c3fd7afecdb556c50c9e8de78 -> 
  custom:scripting/monoscript/fileName/TMP_PhoneNumberValidator.cs: b4c1c54136dffeb4e2962027ebaa6b1f -> 7c3049f481e464c6a9a15dee56c3126f
  custom:SearchIndexIgnoredProperties: e643bd26f0fe6173181afceb89e7c659 -> 
  custom:AudioImporter_EditorPlatform: d09bf68614088b80899f8185d706f6e7 -> 
  custom:scripting/monoscript/fileName/EnvMapAnimator.cs: 08e040d459cd881082c0dd5daba5f85c -> 1b4f61c17e4b7283c3ac351aacff9d26
  custom:scripting/monoscript/fileName/ShaderPropAnimator.cs: 88b70bc5bbc15375387323f48f0661cf -> 55ce425812446482e623ff2695c94cb2
  custom:scripting/monoscript/fileName/SimpleScript.cs: dcd92cf7399b0d08e25e4a66ab57e91e -> 454caab0c6c050f29b39d82e1d66d0fa
  custom:scripting/monoscript/fileName/ObjectSpin.cs: b34dd4d17018731600f920d50ca840f7 -> 2b96bb2079dd7fa5108d981627a28e1e
  custom:scripting/monoscript/fileName/CameraController.cs: 8d43c2def3a67efed518259a2232b470 -> 34b6be4e23ce86dc89786916c5983296
  custom:scripting/monoscript/fileName/TMP_TextInfoDebugTool.cs: 7aad42023b6f5112c90650ae13bd6dd8 -> 3f1709cfb2cc628169113a35b5e9be3f
  custom:scripting/monoscript/fileName/TMP_TextSelector_A.cs: 088357b4acdc1e6288d897936d29c8d3 -> 347309a09d56e367b188a6978f75b424
  custom:video-encoder-webm-vp8: eb34c28f22e8b96e1ab97ce403110664 -> 
  custom:audio-decoder-ogg-vorbis: bf7c407c2cedff20999df2af8eb42d56 -> 
  custom:scripting/monoscript/fileName/VertexJitter.cs: 6330f950b41eff6e5970f129864ecd6c -> d27eb5498e48714a66aece98da065133
  custom:scripting/monoscript/fileName/TextConsoleSimulator.cs: f2c8898b26c0cf2b0a1c7d12d99e6769 -> 33fc311abb20b5b0ed8f00e4d86b574e
  custom:scripting/monoscript/fileName/VertexColorCycler.cs: 135fb0ebdaf256193ccc08218c426c64 -> 5f984ca91cf3609293aecc6bc5641572
  custom:scripting/monoscript/fileName/TMP_FrameRateCounter.cs: 8afeb6f0251e063dcfff2bd827f92c62 -> 46f655df8cb483ac5958307137b1585a
  custom:scripting/monoscript/fileName/VertexShakeB.cs: 587e5b2aecc39120c2c9ff69742ce897 -> a6f78c4fcda1a29a1a1c1baefedba9e7
  custom:scripting/monoscript/fileName/TMP_UiFrameRateCounter.cs: 8fa3bcf761bb5076fd90d0361518d59c -> b01021aea19247f14a98ab338907956a
  custom:scripting/monoscript/fileName/TMPro_InstructionOverlay.cs: 194f3617683541355a9c6c8193e87b1c -> b626d2270e6ebd5c4311585c18b58d8d
  custom:scripting/monoscript/fileName/TMP_DigitValidator.cs: 4e5cde653ae28b90ab257e866c94dfce -> ac02af96215ae3951a3cce9e1a8c6085
  custom:audio-encoder-webm-vorbis: bf7c407c2cedff20999df2af8eb42d56 -> 
  custom:scripting/monoscript/fileName/Cube_Controller.cs: acd00592fa72aff7217b78bae7072f77 -> 
  custom:scripting/monoscript/fileName/PrefabSpawner.cs: 04b83ae4bab2c0fd29efee19cf4620f0 -> 
  custom:scripting/monoscript/fileName/Benchmark01_UGUI.cs: 52a24b07fcdd062ef495404efdb65870 -> 6148cfe2627b7708298f301788144139
  custom:scripting/precompiled-assembly-types:Assembly-CSharp: 2f77be2b8cf7032865496eef4e73c9b4 -> f39d0e8e1a2bdc72903fb33acfa56b16
  custom:scripting/monoscript/fileName/Benchmark03.cs: 520976d641c2b7cf395e30b045f5a45d -> 17cc87e0529ac71d909a946afb47a274
========================================================================
Received Prepare
Caller must complete domain reload
Begin MonoManager ReloadAssembly
- Loaded All Assemblies, in  0.626 seconds
Native extension for WindowsStandalone target not found
Native extension for Android target not found
Native extension for WebGL target not found
Mono: successfully reloaded assembly
- Finished resetting the current domain, in  1.826 seconds
Domain Reload Profiling: 2452ms
	BeginReloadAssembly (239ms)
		ExecutionOrderSort (0ms)
		DisableScriptedObjects (11ms)
		BackupInstance (0ms)
		ReleaseScriptingObjects (0ms)
		CreateAndSetChildDomain (52ms)
	RebuildCommonClasses (52ms)
	RebuildNativeTypeToScriptingClass (15ms)
	initialDomainReloadingComplete (40ms)
	LoadAllAssembliesAndSetupDomain (279ms)
		LoadAssemblies (374ms)
		RebuildTransferFunctionScriptingTraits (0ms)
		AnalyzeDomain (37ms)
			TypeCache.Refresh (15ms)
				TypeCache.ScanAssembly (2ms)
			ScanForSourceGeneratedMonoScriptInfo (9ms)
			ResolveRequiredComponents (10ms)
	FinalizeReload (1827ms)
		ReleaseScriptCaches (0ms)
		RebuildScriptCaches (0ms)
		SetupLoadedEditorAssemblies (989ms)
			LogAssemblyErrors (0ms)
			InitializePlatformSupportModulesInManaged (36ms)
			SetLoadedEditorAssemblies (8ms)
			RefreshPlugins (0ms)
			BeforeProcessingInitializeOnLoad (111ms)
			ProcessInitializeOnLoadAttributes (792ms)
			ProcessInitializeOnLoadMethodAttributes (38ms)
			AfterProcessingInitializeOnLoad (4ms)
			EditorAssembliesLoaded (0ms)
		ExecutionOrderSort2 (0ms)
		AwakeInstancesAfterBackupRestoration (12ms)
Refreshing native plugins compatible for Editor in 6.54 ms, found 6 plugins.
Preloading 0 native plugins for Editor in 0.00 ms.
Unloading 3346 Unused Serialized files (Serialized files now loaded: 0)
Unloading 14 unused Assets / (28.6 KB). Loaded Objects now: 4079.
Memory consumption went from 129.4 MB to 129.3 MB.
Total: 6.573400 ms (FindLiveObjects: 0.683800 ms CreateObjectMapping: 0.269000 ms MarkObjects: 5.514600 ms  DeleteObjects: 0.103800 ms)

Prepare: number of updated asset objects reloaded= 0
AssetImportParameters requested are different than current active one (requested -> active):
  custom:scripting/monoscript/fileName/SkewTextExample.cs: f96859e31fd6dde308d9dc2a2488dcff -> c142d02d70a129e0533975f7c2f96956
  custom:container-demuxer-ogg: 62fdf1f143b41e24485cea50d1cbac27 -> 
  custom:scripting/monoscript/fileName/TMP_TextEventHandler.cs: d0f86a17d6fd3e9995db934eaaf34f18 -> f5cd9d5a43bfefc8f4fec80e6de896a4
  custom:scripting/monoscript/fileName/TextMeshProFloatingText.cs: 5a37842f75734e7729f89af9a8145a1a -> 92608fa4a6315cd0786d82205e77b697
  custom:scripting/monoscript/fileName/VertexZoom.cs: 2da4737d79388c0362c64482e9ee50d2 -> 650ab1e81d40126e3edcf737cce646e4
  custom:video-codec-MediaFoundation-h265: 746d11721c4dcdbdad8f713fa42b33f4 -> 
  custom:scripting/monoscript/fileName/VertexShakeA.cs: 16900906a98712c9660b9823af1f2500 -> 63ec564c588058369499638dd899e05b
  custom:scripting/monoscript/fileName/TMP_ExampleScript_01.cs: 59997facf165601d8c6263ace2a973a5 -> a9d4be556104ff54e7d240529b3e01dc
  custom:video-decoder-ogg-theora: a1e56fd34408186e4bbccfd4996cb3dc -> 
  custom:scripting/monoscript/fileName/TMP_TextEventCheck.cs: 7ee93fce990cec7a5b67b504d0259dce -> 13505d917eab5868c435e0c2986dadfa
  custom:scripting/monoscript/fileName/TMP_TextSelector_B.cs: c0db108de9ffc9b6f619f3d00162b1c2 -> ba2be21a7486d37b1011342977a2e49d
  custom:scripting/monoscript/fileName/Benchmark01.cs: 1fef48c763f4be76a973f061699dd041 -> 2d3e2cd961730ab95f139a49a673bace
  custom:framework-win-MediaFoundation: 216162199b28c13a410421893ffa2e32 -> 
  custom:scripting/monoscript/fileName/UI_Manager.cs: 98fe954eecef79af161772dc64f463a1 -> 
  custom:scripting/monoscript/fileName/Benchmark02.cs: 92dcd0c0a469d0c0690d8ca0bfe95e6f -> 5640963252ce70910e726415f869ced6
  custom:scripting/monoscript/fileName/DropdownSample.cs: b4fe7efb027fdd4854f643ad764daa8c -> 0a92251794e5f10400149f96c3c59e5d
  custom:scripting/monoscript/fileName/WarpTextExample.cs: c5431dac938081648a3a3ac553c1029b -> 2663459c266363641981c7d17b698d7f
  custom:CustomObjectIndexerAttribute: 9a22284fe3817be447336de3de66b15e -> 
  custom:container-demuxer-webm: 4f35f7cbe854078d1ac9338744f61a02 -> 
  custom:scripting/monoscript/fileName/MainMenuButton.cs: e28869a6863284e74946ac915bb193f6 -> 
  custom:scripting/monoscript/fileName/ChatController.cs: ff21b89493e3dffcbe018a2cc5a10bae -> 876d5ccae6e345dd5d9450eb0a748f16
  custom:scripting/monoscript/fileName/TextMeshSpawner.cs: c0f20e5855e88374db1098a5acc68df4 -> 76f28e2ddb031571e6ec62b018f65fa8
  custom:scripting/monoscript/fileName/TeleType.cs: c18e16db35615314900dbe198d0144e7 -> 31fa97821c4c70f157ec81d507aa6b62
  custom:scripting/monoscript/fileName/Benchmark04.cs: 86dfb70824307c4cf164687df2489226 -> 32220b148620e52aa81c13a114862bf4
  custom:container-muxer-webm: aa71ff27fc2769a1b78a27578f13a17b -> 
  custom:video-decoder-webm-vp8: 9c59270c3fd7afecdb556c50c9e8de78 -> 
  custom:scripting/monoscript/fileName/TMP_PhoneNumberValidator.cs: b4c1c54136dffeb4e2962027ebaa6b1f -> 7c3049f481e464c6a9a15dee56c3126f
  custom:SearchIndexIgnoredProperties: e643bd26f0fe6173181afceb89e7c659 -> 
  custom:AudioImporter_EditorPlatform: d09bf68614088b80899f8185d706f6e7 -> 
  custom:scripting/monoscript/fileName/EnvMapAnimator.cs: 08e040d459cd881082c0dd5daba5f85c -> 1b4f61c17e4b7283c3ac351aacff9d26
  custom:scripting/monoscript/fileName/ShaderPropAnimator.cs: 88b70bc5bbc15375387323f48f0661cf -> 55ce425812446482e623ff2695c94cb2
  custom:scripting/monoscript/fileName/SimpleScript.cs: dcd92cf7399b0d08e25e4a66ab57e91e -> 454caab0c6c050f29b39d82e1d66d0fa
  custom:scripting/monoscript/fileName/ObjectSpin.cs: b34dd4d17018731600f920d50ca840f7 -> 2b96bb2079dd7fa5108d981627a28e1e
  custom:scripting/monoscript/fileName/CameraController.cs: 8d43c2def3a67efed518259a2232b470 -> 34b6be4e23ce86dc89786916c5983296
  custom:scripting/monoscript/fileName/TMP_TextInfoDebugTool.cs: 7aad42023b6f5112c90650ae13bd6dd8 -> 3f1709cfb2cc628169113a35b5e9be3f
  custom:scripting/monoscript/fileName/TMP_TextSelector_A.cs: 088357b4acdc1e6288d897936d29c8d3 -> 347309a09d56e367b188a6978f75b424
  custom:video-encoder-webm-vp8: eb34c28f22e8b96e1ab97ce403110664 -> 
  custom:audio-decoder-ogg-vorbis: bf7c407c2cedff20999df2af8eb42d56 -> 
  custom:scripting/monoscript/fileName/VertexJitter.cs: 6330f950b41eff6e5970f129864ecd6c -> d27eb5498e48714a66aece98da065133
  custom:scripting/monoscript/fileName/TextConsoleSimulator.cs: f2c8898b26c0cf2b0a1c7d12d99e6769 -> 33fc311abb20b5b0ed8f00e4d86b574e
  custom:scripting/monoscript/fileName/VertexColorCycler.cs: 135fb0ebdaf256193ccc08218c426c64 -> 5f984ca91cf3609293aecc6bc5641572
  custom:scripting/monoscript/fileName/TMP_FrameRateCounter.cs: 8afeb6f0251e063dcfff2bd827f92c62 -> 46f655df8cb483ac5958307137b1585a
  custom:scripting/monoscript/fileName/VertexShakeB.cs: 587e5b2aecc39120c2c9ff69742ce897 -> a6f78c4fcda1a29a1a1c1baefedba9e7
  custom:scripting/monoscript/fileName/TMP_UiFrameRateCounter.cs: 8fa3bcf761bb5076fd90d0361518d59c -> b01021aea19247f14a98ab338907956a
  custom:scripting/monoscript/fileName/TMPro_InstructionOverlay.cs: 194f3617683541355a9c6c8193e87b1c -> b626d2270e6ebd5c4311585c18b58d8d
  custom:scripting/monoscript/fileName/TMP_DigitValidator.cs: 4e5cde653ae28b90ab257e866c94dfce -> ac02af96215ae3951a3cce9e1a8c6085
  custom:audio-encoder-webm-vorbis: bf7c407c2cedff20999df2af8eb42d56 -> 
  custom:scripting/monoscript/fileName/Cube_Controller.cs: acd00592fa72aff7217b78bae7072f77 -> 
  custom:scripting/monoscript/fileName/PrefabSpawner.cs: 04b83ae4bab2c0fd29efee19cf4620f0 -> 
  custom:scripting/monoscript/fileName/Benchmark01_UGUI.cs: 52a24b07fcdd062ef495404efdb65870 -> 6148cfe2627b7708298f301788144139
  custom:scripting/precompiled-assembly-types:Assembly-CSharp: 2f77be2b8cf7032865496eef4e73c9b4 -> f39d0e8e1a2bdc72903fb33acfa56b16
  custom:scripting/monoscript/fileName/Benchmark03.cs: 520976d641c2b7cf395e30b045f5a45d -> 17cc87e0529ac71d909a946afb47a274
