Using pre-set license
Built from '2022.3/staging' branch; Version is '2022.3.44f1 (c3ae09b9f03c) revision 12824073'; Using compiler version '192829333'; Build Type 'Release'
OS: 'Windows 11  (10.0.26100) 64bit CoreSingleLanguage' Language: 'en' Physical Memory: 15603 MB
BatchMode: 1, IsHumanControllingUs: 0, StartBugReporterOnCrash: 0, Is64bit: 1, IsPro: 1

COMMAND LINE ARGUMENTS:
D:\Unity\2022.3.44f1\Editor\Unity.exe
-adb2
-batchMode
-noUpm
-name
AssetImportWorker0
-projectPath
D:/Hemnath_Crion/Hemnath_Crion
-logFile
Logs/AssetImportWorker0.log
-srvPort
50396
Successfully changed project path to: D:/Hemnath_Crion/Hemnath_Crion
D:/Hemnath_Crion/Hemnath_Crion
[UnityMemory] Configuration Parameters - Can be set up in boot.config
    "memorysetup-bucket-allocator-granularity=16"
    "memorysetup-bucket-allocator-bucket-count=8"
    "memorysetup-bucket-allocator-block-size=33554432"
    "memorysetup-bucket-allocator-block-count=8"
    "memorysetup-main-allocator-block-size=16777216"
    "memorysetup-thread-allocator-block-size=16777216"
    "memorysetup-gfx-main-allocator-block-size=16777216"
    "memorysetup-gfx-thread-allocator-block-size=16777216"
    "memorysetup-cache-allocator-block-size=4194304"
    "memorysetup-typetree-allocator-block-size=2097152"
    "memorysetup-profiler-bucket-allocator-granularity=16"
    "memorysetup-profiler-bucket-allocator-bucket-count=8"
    "memorysetup-profiler-bucket-allocator-block-size=33554432"
    "memorysetup-profiler-bucket-allocator-block-count=8"
    "memorysetup-profiler-allocator-block-size=16777216"
    "memorysetup-profiler-editor-allocator-block-size=1048576"
    "memorysetup-temp-allocator-size-main=16777216"
    "memorysetup-job-temp-allocator-block-size=2097152"
    "memorysetup-job-temp-allocator-block-size-background=1048576"
    "memorysetup-job-temp-allocator-reduction-small-platforms=262144"
    "memorysetup-allocator-temp-initial-block-size-main=262144"
    "memorysetup-allocator-temp-initial-block-size-worker=262144"
    "memorysetup-temp-allocator-size-background-worker=32768"
    "memorysetup-temp-allocator-size-job-worker=262144"
    "memorysetup-temp-allocator-size-preload-manager=33554432"
    "memorysetup-temp-allocator-size-nav-mesh-worker=65536"
    "memorysetup-temp-allocator-size-audio-worker=65536"
    "memorysetup-temp-allocator-size-cloud-worker=32768"
    "memorysetup-temp-allocator-size-gi-baking-worker=262144"
    "memorysetup-temp-allocator-size-gfx=262144"
Player connection [10028]  Target information:

Player connection [10028]  * "[IP] 10.100.100.62 [Port] 0 [Flags] 2 [Guid] 4085186121 [EditorId] 4085186121 [Version] 1048832 [Id] WindowsEditor(7,DESKTOP-OHIPR52) [Debug] 1 [PackageName] WindowsEditor [ProjectName] Editor" 

Player connection [10028] Host joined multi-casting on [225.0.0.222:54997]...
Player connection [10028] Host joined alternative multi-casting on [225.0.0.222:34997]...
[PhysX] Initialized MultithreadedTaskDispatcher with 16 workers.
Refreshing native plugins compatible for Editor in 3034.15 ms, found 6 plugins.
Preloading 0 native plugins for Editor in 0.00 ms.
Initialize engine version: 2022.3.44f1 (c3ae09b9f03c)
[Subsystems] Discovering subsystems at path D:/Unity/2022.3.44f1/Editor/Data/Resources/UnitySubsystems
[Subsystems] Discovering subsystems at path D:/Hemnath_Crion/Hemnath_Crion/Assets
GfxDevice: creating device client; threaded=0; jobified=0
Direct3D:
    Version:  Direct3D 11.0 [level 11.1]
    Renderer: NVIDIA GeForce RTX 3060 Laptop GPU (ID=0x2560)
    Vendor:   NVIDIA
    VRAM:     5996 MB
    Driver:   32.0.15.7283
Initialize mono
Mono path[0] = 'D:/Unity/2022.3.44f1/Editor/Data/Managed'
Mono path[1] = 'D:/Unity/2022.3.44f1/Editor/Data/MonoBleedingEdge/lib/mono/unityjit-win32'
Mono config path = 'D:/Unity/2022.3.44f1/Editor/Data/MonoBleedingEdge/etc'
Using monoOptions --debugger-agent=transport=dt_socket,embedding=1,server=y,suspend=n,address=127.0.0.1:56340
Begin MonoManager ReloadAssembly
Registering precompiled unity dll's ...
Register platform support module: D:/Unity/2022.3.44f1/Editor/Data/PlaybackEngines/WebGLSupport/UnityEditor.WebGL.Extensions.dll
Register platform support module: D:/Unity/2022.3.44f1/Editor/Data/PlaybackEngines/AndroidPlayer/UnityEditor.Android.Extensions.dll
Register platform support module: D:/Unity/2022.3.44f1/Editor/Data/PlaybackEngines/WindowsStandaloneSupport/UnityEditor.WindowsStandalone.Extensions.dll
Registered in 0.812990 seconds.
- Loaded All Assemblies, in 11.181 seconds
Native extension for WindowsStandalone target not found
Native extension for Android target not found
Android Extension - Scanning For ADB Devices 641 ms
Native extension for WebGL target not found
Mono: successfully reloaded assembly
- Finished resetting the current domain, in  1.204 seconds
Domain Reload Profiling: 12385ms
	BeginReloadAssembly (7659ms)
		ExecutionOrderSort (0ms)
		DisableScriptedObjects (0ms)
		BackupInstance (0ms)
		ReleaseScriptingObjects (0ms)
		CreateAndSetChildDomain (1ms)
	RebuildCommonClasses (594ms)
	RebuildNativeTypeToScriptingClass (10ms)
	initialDomainReloadingComplete (857ms)
	LoadAllAssembliesAndSetupDomain (2061ms)
		LoadAssemblies (7659ms)
		RebuildTransferFunctionScriptingTraits (0ms)
		AnalyzeDomain (2058ms)
			TypeCache.Refresh (2057ms)
				TypeCache.ScanAssembly (1619ms)
			ScanForSourceGeneratedMonoScriptInfo (0ms)
			ResolveRequiredComponents (0ms)
	FinalizeReload (1204ms)
		ReleaseScriptCaches (0ms)
		RebuildScriptCaches (0ms)
		SetupLoadedEditorAssemblies (1153ms)
			LogAssemblyErrors (0ms)
			InitializePlatformSupportModulesInManaged (896ms)
			SetLoadedEditorAssemblies (6ms)
			RefreshPlugins (0ms)
			BeforeProcessingInitializeOnLoad (3ms)
			ProcessInitializeOnLoadAttributes (167ms)
			ProcessInitializeOnLoadMethodAttributes (82ms)
			AfterProcessingInitializeOnLoad (0ms)
			EditorAssembliesLoaded (0ms)
		ExecutionOrderSort2 (0ms)
		AwakeInstancesAfterBackupRestoration (0ms)
========================================================================
Worker process is ready to serve import requests
Caller must complete domain reload
Begin MonoManager ReloadAssembly
- Loaded All Assemblies, in  8.286 seconds
Native extension for WindowsStandalone target not found
Native extension for Android target not found
Native extension for WebGL target not found
Mono: successfully reloaded assembly
- Finished resetting the current domain, in  0.827 seconds
Domain Reload Profiling: 9113ms
	BeginReloadAssembly (133ms)
		ExecutionOrderSort (0ms)
		DisableScriptedObjects (5ms)
		BackupInstance (0ms)
		ReleaseScriptingObjects (0ms)
		CreateAndSetChildDomain (22ms)
	RebuildCommonClasses (27ms)
	RebuildNativeTypeToScriptingClass (11ms)
	initialDomainReloadingComplete (51ms)
	LoadAllAssembliesAndSetupDomain (8063ms)
		LoadAssemblies (7352ms)
		RebuildTransferFunctionScriptingTraits (0ms)
		AnalyzeDomain (788ms)
			TypeCache.Refresh (769ms)
				TypeCache.ScanAssembly (651ms)
			ScanForSourceGeneratedMonoScriptInfo (13ms)
			ResolveRequiredComponents (4ms)
	FinalizeReload (828ms)
		ReleaseScriptCaches (0ms)
		RebuildScriptCaches (0ms)
		SetupLoadedEditorAssemblies (650ms)
			LogAssemblyErrors (0ms)
			InitializePlatformSupportModulesInManaged (15ms)
			SetLoadedEditorAssemblies (4ms)
			RefreshPlugins (0ms)
			BeforeProcessingInitializeOnLoad (51ms)
			ProcessInitializeOnLoadAttributes (560ms)
			ProcessInitializeOnLoadMethodAttributes (18ms)
			AfterProcessingInitializeOnLoad (3ms)
			EditorAssembliesLoaded (0ms)
		ExecutionOrderSort2 (0ms)
		AwakeInstancesAfterBackupRestoration (5ms)
Launched and connected shader compiler UnityShaderCompiler.exe after 0.09 seconds
Refreshing native plugins compatible for Editor in 4.90 ms, found 6 plugins.
Preloading 0 native plugins for Editor in 0.00 ms.
Unloading 3370 Unused Serialized files (Serialized files now loaded: 0)
Unloading 19 unused Assets / (54.7 KB). Loaded Objects now: 3840.
Memory consumption went from 130.0 MB to 129.9 MB.
Total: 3.473100 ms (FindLiveObjects: 0.360600 ms CreateObjectMapping: 0.169000 ms MarkObjects: 2.855300 ms  DeleteObjects: 0.087100 ms)

AssetImportParameters requested are different than current active one (requested -> active):
  custom:container-demuxer-ogg: 62fdf1f143b41e24485cea50d1cbac27 -> 
  custom:video-codec-MediaFoundation-h265: 746d11721c4dcdbdad8f713fa42b33f4 -> 
  custom:video-decoder-ogg-theora: a1e56fd34408186e4bbccfd4996cb3dc -> 
  custom:framework-win-MediaFoundation: 216162199b28c13a410421893ffa2e32 -> 
  custom:CustomObjectIndexerAttribute: 9a22284fe3817be447336de3de66b15e -> 
  custom:container-demuxer-webm: 4f35f7cbe854078d1ac9338744f61a02 -> 
  custom:container-muxer-webm: aa71ff27fc2769a1b78a27578f13a17b -> 
  custom:video-decoder-webm-vp8: 9c59270c3fd7afecdb556c50c9e8de78 -> 
  custom:SearchIndexIgnoredProperties: e643bd26f0fe6173181afceb89e7c659 -> 
  custom:AudioImporter_EditorPlatform: d09bf68614088b80899f8185d706f6e7 -> 
  custom:video-encoder-webm-vp8: eb34c28f22e8b96e1ab97ce403110664 -> 
  custom:audio-decoder-ogg-vorbis: bf7c407c2cedff20999df2af8eb42d56 -> 
  custom:audio-encoder-webm-vorbis: bf7c407c2cedff20999df2af8eb42d56 -> 
========================================================================
Received Import Request.
  Time since last request: 845.246261 seconds.
  path: Assets/Crion/Texture
  artifactKey: Guid(c4f04d4ec53a0b04681dded6ff20ae81) Importer(815301076,1909f56bfc062723c751e8b465ee728b)
Start importing Assets/Crion/Texture using Guid(c4f04d4ec53a0b04681dded6ff20ae81) Importer(815301076,1909f56bfc062723c751e8b465ee728b) [PhysX] Initialized MultithreadedTaskDispatcher with 16 workers.
 -> (artifact id: '14a538d95caa2f68a95daa66eeadd19b') in 0.003283 seconds
Number of updated asset objects reloaded before import = 0
Number of asset objects unloaded after import = 0
========================================================================
Received Import Request.
  Time since last request: 109.018105 seconds.
  path: Assets/Crion/Texture/UI_Texture
  artifactKey: Guid(1b4c6061d635647449748917d0aa9441) Importer(815301076,1909f56bfc062723c751e8b465ee728b)
Start importing Assets/Crion/Texture/UI_Texture using Guid(1b4c6061d635647449748917d0aa9441) Importer(815301076,1909f56bfc062723c751e8b465ee728b) [PhysX] Initialized MultithreadedTaskDispatcher with 16 workers.
 -> (artifact id: 'fb77ada896edc1d8e808f45afb6040fb') in 0.000772 seconds
Number of updated asset objects reloaded before import = 0
Number of asset objects unloaded after import = 0
========================================================================
Received Prepare
Caller must complete domain reload
Begin MonoManager ReloadAssembly
- Loaded All Assemblies, in  0.570 seconds
Native extension for WindowsStandalone target not found
Native extension for Android target not found
Native extension for WebGL target not found
Mono: successfully reloaded assembly
- Finished resetting the current domain, in  1.507 seconds
Domain Reload Profiling: 2077ms
	BeginReloadAssembly (241ms)
		ExecutionOrderSort (0ms)
		DisableScriptedObjects (11ms)
		BackupInstance (0ms)
		ReleaseScriptingObjects (0ms)
		CreateAndSetChildDomain (56ms)
	RebuildCommonClasses (40ms)
	RebuildNativeTypeToScriptingClass (13ms)
	initialDomainReloadingComplete (30ms)
	LoadAllAssembliesAndSetupDomain (245ms)
		LoadAssemblies (349ms)
		RebuildTransferFunctionScriptingTraits (0ms)
		AnalyzeDomain (34ms)
			TypeCache.Refresh (13ms)
				TypeCache.ScanAssembly (2ms)
			ScanForSourceGeneratedMonoScriptInfo (11ms)
			ResolveRequiredComponents (8ms)
	FinalizeReload (1508ms)
		ReleaseScriptCaches (0ms)
		RebuildScriptCaches (0ms)
		SetupLoadedEditorAssemblies (779ms)
			LogAssemblyErrors (0ms)
			InitializePlatformSupportModulesInManaged (24ms)
			SetLoadedEditorAssemblies (6ms)
			RefreshPlugins (0ms)
			BeforeProcessingInitializeOnLoad (78ms)
			ProcessInitializeOnLoadAttributes (643ms)
			ProcessInitializeOnLoadMethodAttributes (25ms)
			AfterProcessingInitializeOnLoad (3ms)
			EditorAssembliesLoaded (0ms)
		ExecutionOrderSort2 (0ms)
		AwakeInstancesAfterBackupRestoration (10ms)
Refreshing native plugins compatible for Editor in 6.00 ms, found 6 plugins.
Preloading 0 native plugins for Editor in 0.00 ms.
Unloading 3341 Unused Serialized files (Serialized files now loaded: 0)
Unloading 14 unused Assets / (28.5 KB). Loaded Objects now: 3843.
Memory consumption went from 123.9 MB to 123.9 MB.
Total: 5.799600 ms (FindLiveObjects: 0.619900 ms CreateObjectMapping: 0.196000 ms MarkObjects: 4.919800 ms  DeleteObjects: 0.062000 ms)

Prepare: number of updated asset objects reloaded= 9
AssetImportParameters requested are different than current active one (requested -> active):
  custom:scripting/monoscript/fileName/SkewTextExample.cs: f96859e31fd6dde308d9dc2a2488dcff -> c142d02d70a129e0533975f7c2f96956
  custom:container-demuxer-ogg: 62fdf1f143b41e24485cea50d1cbac27 -> 
  custom:scripting/monoscript/fileName/TMP_TextEventHandler.cs: d0f86a17d6fd3e9995db934eaaf34f18 -> f5cd9d5a43bfefc8f4fec80e6de896a4
  custom:scripting/monoscript/fileName/TextMeshProFloatingText.cs: 5a37842f75734e7729f89af9a8145a1a -> 92608fa4a6315cd0786d82205e77b697
  custom:scripting/monoscript/fileName/VertexZoom.cs: 2da4737d79388c0362c64482e9ee50d2 -> 650ab1e81d40126e3edcf737cce646e4
  custom:video-codec-MediaFoundation-h265: 746d11721c4dcdbdad8f713fa42b33f4 -> 
  custom:scripting/monoscript/fileName/VertexShakeA.cs: 16900906a98712c9660b9823af1f2500 -> 63ec564c588058369499638dd899e05b
  custom:scripting/monoscript/fileName/TMP_ExampleScript_01.cs: 59997facf165601d8c6263ace2a973a5 -> a9d4be556104ff54e7d240529b3e01dc
  custom:video-decoder-ogg-theora: a1e56fd34408186e4bbccfd4996cb3dc -> 
  custom:scripting/monoscript/fileName/TMP_TextEventCheck.cs: 7ee93fce990cec7a5b67b504d0259dce -> 13505d917eab5868c435e0c2986dadfa
  custom:scripting/monoscript/fileName/TMP_TextSelector_B.cs: c0db108de9ffc9b6f619f3d00162b1c2 -> ba2be21a7486d37b1011342977a2e49d
  custom:scripting/monoscript/fileName/Benchmark01.cs: 1fef48c763f4be76a973f061699dd041 -> 2d3e2cd961730ab95f139a49a673bace
  custom:framework-win-MediaFoundation: 216162199b28c13a410421893ffa2e32 -> 
  custom:scripting/monoscript/fileName/Benchmark02.cs: 92dcd0c0a469d0c0690d8ca0bfe95e6f -> 5640963252ce70910e726415f869ced6
  custom:scripting/monoscript/fileName/DropdownSample.cs: b4fe7efb027fdd4854f643ad764daa8c -> 0a92251794e5f10400149f96c3c59e5d
  custom:scripting/monoscript/fileName/WarpTextExample.cs: c5431dac938081648a3a3ac553c1029b -> 2663459c266363641981c7d17b698d7f
  custom:CustomObjectIndexerAttribute: 9a22284fe3817be447336de3de66b15e -> 
  custom:container-demuxer-webm: 4f35f7cbe854078d1ac9338744f61a02 -> 
  custom:scripting/monoscript/fileName/ChatController.cs: ff21b89493e3dffcbe018a2cc5a10bae -> 876d5ccae6e345dd5d9450eb0a748f16
  custom:scripting/monoscript/fileName/TextMeshSpawner.cs: c0f20e5855e88374db1098a5acc68df4 -> 76f28e2ddb031571e6ec62b018f65fa8
  custom:scripting/monoscript/fileName/TeleType.cs: c18e16db35615314900dbe198d0144e7 -> 31fa97821c4c70f157ec81d507aa6b62
  custom:scripting/monoscript/fileName/Benchmark04.cs: 86dfb70824307c4cf164687df2489226 -> 32220b148620e52aa81c13a114862bf4
  custom:container-muxer-webm: aa71ff27fc2769a1b78a27578f13a17b -> 
  custom:video-decoder-webm-vp8: 9c59270c3fd7afecdb556c50c9e8de78 -> 
  custom:scripting/monoscript/fileName/TMP_PhoneNumberValidator.cs: b4c1c54136dffeb4e2962027ebaa6b1f -> 7c3049f481e464c6a9a15dee56c3126f
  custom:SearchIndexIgnoredProperties: e643bd26f0fe6173181afceb89e7c659 -> 
  custom:AudioImporter_EditorPlatform: d09bf68614088b80899f8185d706f6e7 -> 
  custom:scripting/monoscript/fileName/EnvMapAnimator.cs: 08e040d459cd881082c0dd5daba5f85c -> 1b4f61c17e4b7283c3ac351aacff9d26
  custom:scripting/monoscript/fileName/ShaderPropAnimator.cs: 88b70bc5bbc15375387323f48f0661cf -> 55ce425812446482e623ff2695c94cb2
  custom:scripting/monoscript/fileName/SimpleScript.cs: dcd92cf7399b0d08e25e4a66ab57e91e -> 454caab0c6c050f29b39d82e1d66d0fa
  custom:scripting/monoscript/fileName/ObjectSpin.cs: b34dd4d17018731600f920d50ca840f7 -> 2b96bb2079dd7fa5108d981627a28e1e
  custom:scripting/monoscript/fileName/CameraController.cs: 8d43c2def3a67efed518259a2232b470 -> 34b6be4e23ce86dc89786916c5983296
  custom:scripting/monoscript/fileName/TMP_TextInfoDebugTool.cs: 7aad42023b6f5112c90650ae13bd6dd8 -> 3f1709cfb2cc628169113a35b5e9be3f
  custom:scripting/monoscript/fileName/TMP_TextSelector_A.cs: 088357b4acdc1e6288d897936d29c8d3 -> 347309a09d56e367b188a6978f75b424
  custom:video-encoder-webm-vp8: eb34c28f22e8b96e1ab97ce403110664 -> 
  custom:audio-decoder-ogg-vorbis: bf7c407c2cedff20999df2af8eb42d56 -> 
  custom:scripting/monoscript/fileName/VertexJitter.cs: 6330f950b41eff6e5970f129864ecd6c -> d27eb5498e48714a66aece98da065133
  custom:scripting/monoscript/fileName/TextConsoleSimulator.cs: f2c8898b26c0cf2b0a1c7d12d99e6769 -> 33fc311abb20b5b0ed8f00e4d86b574e
  custom:scripting/monoscript/fileName/VertexColorCycler.cs: 135fb0ebdaf256193ccc08218c426c64 -> 5f984ca91cf3609293aecc6bc5641572
  custom:scripting/monoscript/fileName/TMP_FrameRateCounter.cs: 8afeb6f0251e063dcfff2bd827f92c62 -> 46f655df8cb483ac5958307137b1585a
  custom:scripting/monoscript/fileName/VertexShakeB.cs: 587e5b2aecc39120c2c9ff69742ce897 -> a6f78c4fcda1a29a1a1c1baefedba9e7
  custom:scripting/monoscript/fileName/TMP_UiFrameRateCounter.cs: 8fa3bcf761bb5076fd90d0361518d59c -> b01021aea19247f14a98ab338907956a
  custom:scripting/monoscript/fileName/TMPro_InstructionOverlay.cs: 194f3617683541355a9c6c8193e87b1c -> b626d2270e6ebd5c4311585c18b58d8d
  custom:scripting/monoscript/fileName/TMP_DigitValidator.cs: 4e5cde653ae28b90ab257e866c94dfce -> ac02af96215ae3951a3cce9e1a8c6085
  custom:audio-encoder-webm-vorbis: bf7c407c2cedff20999df2af8eb42d56 -> 
  custom:scripting/monoscript/fileName/Benchmark01_UGUI.cs: 52a24b07fcdd062ef495404efdb65870 -> 6148cfe2627b7708298f301788144139
  custom:scripting/precompiled-assembly-types:Assembly-CSharp: edd7e9f9f6df4fff3837dafee3297e60 -> f39d0e8e1a2bdc72903fb33acfa56b16
  custom:scripting/monoscript/fileName/Benchmark03.cs: 520976d641c2b7cf395e30b045f5a45d -> 17cc87e0529ac71d909a946afb47a274
========================================================================
Received Import Request.
  Time since last request: 200.733340 seconds.
  path: Assets/Crion/Scripts/MainMenuButton.cs
  artifactKey: Guid(967a06e2bfcee674dbac4652c63a40ae) Importer(815301076,1909f56bfc062723c751e8b465ee728b)
Start importing Assets/Crion/Scripts/MainMenuButton.cs using Guid(967a06e2bfcee674dbac4652c63a40ae) Importer(815301076,1909f56bfc062723c751e8b465ee728b) [PhysX] Initialized MultithreadedTaskDispatcher with 16 workers.
 -> (artifact id: '80ae8583088cab23de79ef33cdf3c0f1') in 0.003671 seconds
Number of updated asset objects reloaded before import = 0
Number of asset objects unloaded after import = 0
========================================================================
Received Prepare
Caller must complete domain reload
Begin MonoManager ReloadAssembly
- Loaded All Assemblies, in  0.394 seconds
Native extension for WindowsStandalone target not found
Native extension for Android target not found
Native extension for WebGL target not found
Mono: successfully reloaded assembly
- Finished resetting the current domain, in  1.123 seconds
Domain Reload Profiling: 1517ms
	BeginReloadAssembly (138ms)
		ExecutionOrderSort (0ms)
		DisableScriptedObjects (5ms)
		BackupInstance (0ms)
		ReleaseScriptingObjects (0ms)
		CreateAndSetChildDomain (34ms)
	RebuildCommonClasses (36ms)
	RebuildNativeTypeToScriptingClass (15ms)
	initialDomainReloadingComplete (22ms)
	LoadAllAssembliesAndSetupDomain (183ms)
		LoadAssemblies (228ms)
		RebuildTransferFunctionScriptingTraits (0ms)
		AnalyzeDomain (26ms)
			TypeCache.Refresh (9ms)
				TypeCache.ScanAssembly (1ms)
			ScanForSourceGeneratedMonoScriptInfo (9ms)
			ResolveRequiredComponents (7ms)
	FinalizeReload (1123ms)
		ReleaseScriptCaches (0ms)
		RebuildScriptCaches (0ms)
		SetupLoadedEditorAssemblies (649ms)
			LogAssemblyErrors (0ms)
			InitializePlatformSupportModulesInManaged (18ms)
			SetLoadedEditorAssemblies (4ms)
			RefreshPlugins (0ms)
			BeforeProcessingInitializeOnLoad (65ms)
			ProcessInitializeOnLoadAttributes (536ms)
			ProcessInitializeOnLoadMethodAttributes (24ms)
			AfterProcessingInitializeOnLoad (2ms)
			EditorAssembliesLoaded (0ms)
		ExecutionOrderSort2 (0ms)
		AwakeInstancesAfterBackupRestoration (6ms)
Refreshing native plugins compatible for Editor in 4.97 ms, found 6 plugins.
Preloading 0 native plugins for Editor in 0.00 ms.
Unloading 3342 Unused Serialized files (Serialized files now loaded: 0)
Unloading 14 unused Assets / (28.5 KB). Loaded Objects now: 3847.
Memory consumption went from 124.0 MB to 123.9 MB.
Total: 7.561600 ms (FindLiveObjects: 0.719600 ms CreateObjectMapping: 0.332200 ms MarkObjects: 6.410200 ms  DeleteObjects: 0.098000 ms)

Prepare: number of updated asset objects reloaded= 0
AssetImportParameters requested are different than current active one (requested -> active):
  custom:scripting/monoscript/fileName/SkewTextExample.cs: f96859e31fd6dde308d9dc2a2488dcff -> c142d02d70a129e0533975f7c2f96956
  custom:container-demuxer-ogg: 62fdf1f143b41e24485cea50d1cbac27 -> 
  custom:scripting/monoscript/fileName/TMP_TextEventHandler.cs: d0f86a17d6fd3e9995db934eaaf34f18 -> f5cd9d5a43bfefc8f4fec80e6de896a4
  custom:scripting/monoscript/fileName/TextMeshProFloatingText.cs: 5a37842f75734e7729f89af9a8145a1a -> 92608fa4a6315cd0786d82205e77b697
  custom:scripting/monoscript/fileName/VertexZoom.cs: 2da4737d79388c0362c64482e9ee50d2 -> 650ab1e81d40126e3edcf737cce646e4
  custom:video-codec-MediaFoundation-h265: 746d11721c4dcdbdad8f713fa42b33f4 -> 
  custom:scripting/monoscript/fileName/VertexShakeA.cs: 16900906a98712c9660b9823af1f2500 -> 63ec564c588058369499638dd899e05b
  custom:scripting/monoscript/fileName/TMP_ExampleScript_01.cs: 59997facf165601d8c6263ace2a973a5 -> a9d4be556104ff54e7d240529b3e01dc
  custom:video-decoder-ogg-theora: a1e56fd34408186e4bbccfd4996cb3dc -> 
  custom:scripting/monoscript/fileName/TMP_TextEventCheck.cs: 7ee93fce990cec7a5b67b504d0259dce -> 13505d917eab5868c435e0c2986dadfa
  custom:scripting/monoscript/fileName/TMP_TextSelector_B.cs: c0db108de9ffc9b6f619f3d00162b1c2 -> ba2be21a7486d37b1011342977a2e49d
  custom:scripting/monoscript/fileName/Benchmark01.cs: 1fef48c763f4be76a973f061699dd041 -> 2d3e2cd961730ab95f139a49a673bace
  custom:framework-win-MediaFoundation: 216162199b28c13a410421893ffa2e32 -> 
  custom:scripting/monoscript/fileName/Benchmark02.cs: 92dcd0c0a469d0c0690d8ca0bfe95e6f -> 5640963252ce70910e726415f869ced6
  custom:scripting/monoscript/fileName/DropdownSample.cs: b4fe7efb027fdd4854f643ad764daa8c -> 0a92251794e5f10400149f96c3c59e5d
  custom:scripting/monoscript/fileName/WarpTextExample.cs: c5431dac938081648a3a3ac553c1029b -> 2663459c266363641981c7d17b698d7f
  custom:CustomObjectIndexerAttribute: 9a22284fe3817be447336de3de66b15e -> 
  custom:container-demuxer-webm: 4f35f7cbe854078d1ac9338744f61a02 -> 
  custom:scripting/monoscript/fileName/MainMenuButton.cs: e28869a6863284e74946ac915bb193f6 -> 
  custom:scripting/monoscript/fileName/ChatController.cs: ff21b89493e3dffcbe018a2cc5a10bae -> 876d5ccae6e345dd5d9450eb0a748f16
  custom:scripting/monoscript/fileName/TextMeshSpawner.cs: c0f20e5855e88374db1098a5acc68df4 -> 76f28e2ddb031571e6ec62b018f65fa8
  custom:scripting/monoscript/fileName/TeleType.cs: c18e16db35615314900dbe198d0144e7 -> 31fa97821c4c70f157ec81d507aa6b62
  custom:scripting/monoscript/fileName/Benchmark04.cs: 86dfb70824307c4cf164687df2489226 -> 32220b148620e52aa81c13a114862bf4
  custom:container-muxer-webm: aa71ff27fc2769a1b78a27578f13a17b -> 
  custom:video-decoder-webm-vp8: 9c59270c3fd7afecdb556c50c9e8de78 -> 
  custom:scripting/monoscript/fileName/TMP_PhoneNumberValidator.cs: b4c1c54136dffeb4e2962027ebaa6b1f -> 7c3049f481e464c6a9a15dee56c3126f
  custom:SearchIndexIgnoredProperties: e643bd26f0fe6173181afceb89e7c659 -> 
  custom:AudioImporter_EditorPlatform: d09bf68614088b80899f8185d706f6e7 -> 
  custom:scripting/monoscript/fileName/EnvMapAnimator.cs: 08e040d459cd881082c0dd5daba5f85c -> 1b4f61c17e4b7283c3ac351aacff9d26
  custom:scripting/monoscript/fileName/ShaderPropAnimator.cs: 88b70bc5bbc15375387323f48f0661cf -> 55ce425812446482e623ff2695c94cb2
  custom:scripting/monoscript/fileName/SimpleScript.cs: dcd92cf7399b0d08e25e4a66ab57e91e -> 454caab0c6c050f29b39d82e1d66d0fa
  custom:scripting/monoscript/fileName/ObjectSpin.cs: b34dd4d17018731600f920d50ca840f7 -> 2b96bb2079dd7fa5108d981627a28e1e
  custom:scripting/monoscript/fileName/CameraController.cs: 8d43c2def3a67efed518259a2232b470 -> 34b6be4e23ce86dc89786916c5983296
  custom:scripting/monoscript/fileName/TMP_TextInfoDebugTool.cs: 7aad42023b6f5112c90650ae13bd6dd8 -> 3f1709cfb2cc628169113a35b5e9be3f
  custom:scripting/monoscript/fileName/TMP_TextSelector_A.cs: 088357b4acdc1e6288d897936d29c8d3 -> 347309a09d56e367b188a6978f75b424
  custom:video-encoder-webm-vp8: eb34c28f22e8b96e1ab97ce403110664 -> 
  custom:audio-decoder-ogg-vorbis: bf7c407c2cedff20999df2af8eb42d56 -> 
  custom:scripting/monoscript/fileName/VertexJitter.cs: 6330f950b41eff6e5970f129864ecd6c -> d27eb5498e48714a66aece98da065133
  custom:scripting/monoscript/fileName/TextConsoleSimulator.cs: f2c8898b26c0cf2b0a1c7d12d99e6769 -> 33fc311abb20b5b0ed8f00e4d86b574e
  custom:scripting/monoscript/fileName/VertexColorCycler.cs: 135fb0ebdaf256193ccc08218c426c64 -> 5f984ca91cf3609293aecc6bc5641572
  custom:scripting/monoscript/fileName/TMP_FrameRateCounter.cs: 8afeb6f0251e063dcfff2bd827f92c62 -> 46f655df8cb483ac5958307137b1585a
  custom:scripting/monoscript/fileName/VertexShakeB.cs: 587e5b2aecc39120c2c9ff69742ce897 -> a6f78c4fcda1a29a1a1c1baefedba9e7
  custom:scripting/monoscript/fileName/TMP_UiFrameRateCounter.cs: 8fa3bcf761bb5076fd90d0361518d59c -> b01021aea19247f14a98ab338907956a
  custom:scripting/monoscript/fileName/TMPro_InstructionOverlay.cs: 194f3617683541355a9c6c8193e87b1c -> b626d2270e6ebd5c4311585c18b58d8d
  custom:scripting/monoscript/fileName/TMP_DigitValidator.cs: 4e5cde653ae28b90ab257e866c94dfce -> ac02af96215ae3951a3cce9e1a8c6085
  custom:audio-encoder-webm-vorbis: bf7c407c2cedff20999df2af8eb42d56 -> 
  custom:scripting/monoscript/fileName/Benchmark01_UGUI.cs: 52a24b07fcdd062ef495404efdb65870 -> 6148cfe2627b7708298f301788144139
  custom:scripting/precompiled-assembly-types:Assembly-CSharp: d6dbaa4c869d194b03c2f976e23ca9b2 -> f39d0e8e1a2bdc72903fb33acfa56b16
  custom:scripting/monoscript/fileName/Benchmark03.cs: 520976d641c2b7cf395e30b045f5a45d -> 17cc87e0529ac71d909a946afb47a274
========================================================================
Received Prepare
Caller must complete domain reload
Begin MonoManager ReloadAssembly
- Loaded All Assemblies, in  0.570 seconds
Native extension for WindowsStandalone target not found
Native extension for Android target not found
Native extension for WebGL target not found
Mono: successfully reloaded assembly
- Finished resetting the current domain, in  1.975 seconds
Domain Reload Profiling: 2544ms
	BeginReloadAssembly (201ms)
		ExecutionOrderSort (0ms)
		DisableScriptedObjects (7ms)
		BackupInstance (0ms)
		ReleaseScriptingObjects (0ms)
		CreateAndSetChildDomain (40ms)
	RebuildCommonClasses (41ms)
	RebuildNativeTypeToScriptingClass (13ms)
	initialDomainReloadingComplete (39ms)
	LoadAllAssembliesAndSetupDomain (274ms)
		LoadAssemblies (372ms)
		RebuildTransferFunctionScriptingTraits (0ms)
		AnalyzeDomain (17ms)
			TypeCache.Refresh (7ms)
				TypeCache.ScanAssembly (0ms)
			ScanForSourceGeneratedMonoScriptInfo (0ms)
			ResolveRequiredComponents (8ms)
	FinalizeReload (1975ms)
		ReleaseScriptCaches (0ms)
		RebuildScriptCaches (0ms)
		SetupLoadedEditorAssemblies (768ms)
			LogAssemblyErrors (0ms)
			InitializePlatformSupportModulesInManaged (25ms)
			SetLoadedEditorAssemblies (6ms)
			RefreshPlugins (0ms)
			BeforeProcessingInitializeOnLoad (80ms)
			ProcessInitializeOnLoadAttributes (628ms)
			ProcessInitializeOnLoadMethodAttributes (26ms)
			AfterProcessingInitializeOnLoad (2ms)
			EditorAssembliesLoaded (0ms)
		ExecutionOrderSort2 (0ms)
		AwakeInstancesAfterBackupRestoration (9ms)
Refreshing native plugins compatible for Editor in 5.55 ms, found 6 plugins.
Preloading 0 native plugins for Editor in 0.00 ms.
Unloading 3343 Unused Serialized files (Serialized files now loaded: 0)
Unloading 14 unused Assets / (28.5 KB). Loaded Objects now: 3850.
Memory consumption went from 124.2 MB to 124.2 MB.
Total: 5.295500 ms (FindLiveObjects: 0.637100 ms CreateObjectMapping: 0.146300 ms MarkObjects: 4.443200 ms  DeleteObjects: 0.067700 ms)

Prepare: number of updated asset objects reloaded= 0
AssetImportParameters requested are different than current active one (requested -> active):
  custom:scripting/monoscript/fileName/SkewTextExample.cs: f96859e31fd6dde308d9dc2a2488dcff -> c142d02d70a129e0533975f7c2f96956
  custom:container-demuxer-ogg: 62fdf1f143b41e24485cea50d1cbac27 -> 
  custom:scripting/monoscript/fileName/TMP_TextEventHandler.cs: d0f86a17d6fd3e9995db934eaaf34f18 -> f5cd9d5a43bfefc8f4fec80e6de896a4
  custom:scripting/monoscript/fileName/TextMeshProFloatingText.cs: 5a37842f75734e7729f89af9a8145a1a -> 92608fa4a6315cd0786d82205e77b697
  custom:scripting/monoscript/fileName/VertexZoom.cs: 2da4737d79388c0362c64482e9ee50d2 -> 650ab1e81d40126e3edcf737cce646e4
  custom:video-codec-MediaFoundation-h265: 746d11721c4dcdbdad8f713fa42b33f4 -> 
  custom:scripting/monoscript/fileName/VertexShakeA.cs: 16900906a98712c9660b9823af1f2500 -> 63ec564c588058369499638dd899e05b
  custom:scripting/monoscript/fileName/TMP_ExampleScript_01.cs: 59997facf165601d8c6263ace2a973a5 -> a9d4be556104ff54e7d240529b3e01dc
  custom:video-decoder-ogg-theora: a1e56fd34408186e4bbccfd4996cb3dc -> 
  custom:scripting/monoscript/fileName/TMP_TextEventCheck.cs: 7ee93fce990cec7a5b67b504d0259dce -> 13505d917eab5868c435e0c2986dadfa
  custom:scripting/monoscript/fileName/TMP_TextSelector_B.cs: c0db108de9ffc9b6f619f3d00162b1c2 -> ba2be21a7486d37b1011342977a2e49d
  custom:scripting/monoscript/fileName/Benchmark01.cs: 1fef48c763f4be76a973f061699dd041 -> 2d3e2cd961730ab95f139a49a673bace
  custom:framework-win-MediaFoundation: 216162199b28c13a410421893ffa2e32 -> 
  custom:scripting/monoscript/fileName/Benchmark02.cs: 92dcd0c0a469d0c0690d8ca0bfe95e6f -> 5640963252ce70910e726415f869ced6
  custom:scripting/monoscript/fileName/DropdownSample.cs: b4fe7efb027fdd4854f643ad764daa8c -> 0a92251794e5f10400149f96c3c59e5d
  custom:scripting/monoscript/fileName/WarpTextExample.cs: c5431dac938081648a3a3ac553c1029b -> 2663459c266363641981c7d17b698d7f
  custom:CustomObjectIndexerAttribute: 9a22284fe3817be447336de3de66b15e -> 
  custom:container-demuxer-webm: 4f35f7cbe854078d1ac9338744f61a02 -> 
  custom:scripting/monoscript/fileName/MainMenuButton.cs: e28869a6863284e74946ac915bb193f6 -> 
  custom:scripting/monoscript/fileName/ChatController.cs: ff21b89493e3dffcbe018a2cc5a10bae -> 876d5ccae6e345dd5d9450eb0a748f16
  custom:scripting/monoscript/fileName/TextMeshSpawner.cs: c0f20e5855e88374db1098a5acc68df4 -> 76f28e2ddb031571e6ec62b018f65fa8
  custom:scripting/monoscript/fileName/TeleType.cs: c18e16db35615314900dbe198d0144e7 -> 31fa97821c4c70f157ec81d507aa6b62
  custom:scripting/monoscript/fileName/Benchmark04.cs: 86dfb70824307c4cf164687df2489226 -> 32220b148620e52aa81c13a114862bf4
  custom:container-muxer-webm: aa71ff27fc2769a1b78a27578f13a17b -> 
  custom:video-decoder-webm-vp8: 9c59270c3fd7afecdb556c50c9e8de78 -> 
  custom:scripting/monoscript/fileName/TMP_PhoneNumberValidator.cs: b4c1c54136dffeb4e2962027ebaa6b1f -> 7c3049f481e464c6a9a15dee56c3126f
  custom:SearchIndexIgnoredProperties: e643bd26f0fe6173181afceb89e7c659 -> 
  custom:AudioImporter_EditorPlatform: d09bf68614088b80899f8185d706f6e7 -> 
  custom:scripting/monoscript/fileName/EnvMapAnimator.cs: 08e040d459cd881082c0dd5daba5f85c -> 1b4f61c17e4b7283c3ac351aacff9d26
  custom:scripting/monoscript/fileName/ShaderPropAnimator.cs: 88b70bc5bbc15375387323f48f0661cf -> 55ce425812446482e623ff2695c94cb2
  custom:scripting/monoscript/fileName/SimpleScript.cs: dcd92cf7399b0d08e25e4a66ab57e91e -> 454caab0c6c050f29b39d82e1d66d0fa
  custom:scripting/monoscript/fileName/ObjectSpin.cs: b34dd4d17018731600f920d50ca840f7 -> 2b96bb2079dd7fa5108d981627a28e1e
  custom:scripting/monoscript/fileName/CameraController.cs: 8d43c2def3a67efed518259a2232b470 -> 34b6be4e23ce86dc89786916c5983296
  custom:scripting/monoscript/fileName/TMP_TextInfoDebugTool.cs: 7aad42023b6f5112c90650ae13bd6dd8 -> 3f1709cfb2cc628169113a35b5e9be3f
  custom:scripting/monoscript/fileName/TMP_TextSelector_A.cs: 088357b4acdc1e6288d897936d29c8d3 -> 347309a09d56e367b188a6978f75b424
  custom:video-encoder-webm-vp8: eb34c28f22e8b96e1ab97ce403110664 -> 
  custom:audio-decoder-ogg-vorbis: bf7c407c2cedff20999df2af8eb42d56 -> 
  custom:scripting/monoscript/fileName/VertexJitter.cs: 6330f950b41eff6e5970f129864ecd6c -> d27eb5498e48714a66aece98da065133
  custom:scripting/monoscript/fileName/TextConsoleSimulator.cs: f2c8898b26c0cf2b0a1c7d12d99e6769 -> 33fc311abb20b5b0ed8f00e4d86b574e
  custom:scripting/monoscript/fileName/VertexColorCycler.cs: 135fb0ebdaf256193ccc08218c426c64 -> 5f984ca91cf3609293aecc6bc5641572
  custom:scripting/monoscript/fileName/TMP_FrameRateCounter.cs: 8afeb6f0251e063dcfff2bd827f92c62 -> 46f655df8cb483ac5958307137b1585a
  custom:scripting/monoscript/fileName/VertexShakeB.cs: 587e5b2aecc39120c2c9ff69742ce897 -> a6f78c4fcda1a29a1a1c1baefedba9e7
  custom:scripting/monoscript/fileName/TMP_UiFrameRateCounter.cs: 8fa3bcf761bb5076fd90d0361518d59c -> b01021aea19247f14a98ab338907956a
  custom:scripting/monoscript/fileName/TMPro_InstructionOverlay.cs: 194f3617683541355a9c6c8193e87b1c -> b626d2270e6ebd5c4311585c18b58d8d
  custom:scripting/monoscript/fileName/TMP_DigitValidator.cs: 4e5cde653ae28b90ab257e866c94dfce -> ac02af96215ae3951a3cce9e1a8c6085
  custom:audio-encoder-webm-vorbis: bf7c407c2cedff20999df2af8eb42d56 -> 
  custom:scripting/monoscript/fileName/Benchmark01_UGUI.cs: 52a24b07fcdd062ef495404efdb65870 -> 6148cfe2627b7708298f301788144139
  custom:scripting/precompiled-assembly-types:Assembly-CSharp: d6dbaa4c869d194b03c2f976e23ca9b2 -> f39d0e8e1a2bdc72903fb33acfa56b16
  custom:scripting/monoscript/fileName/Benchmark03.cs: 520976d641c2b7cf395e30b045f5a45d -> 17cc87e0529ac71d909a946afb47a274
========================================================================
Received Prepare
Caller must complete domain reload
Begin MonoManager ReloadAssembly
- Loaded All Assemblies, in  0.746 seconds
Native extension for WindowsStandalone target not found
Native extension for Android target not found
Native extension for WebGL target not found
Mono: successfully reloaded assembly
- Finished resetting the current domain, in  1.804 seconds
Domain Reload Profiling: 2549ms
	BeginReloadAssembly (259ms)
		ExecutionOrderSort (0ms)
		DisableScriptedObjects (11ms)
		BackupInstance (0ms)
		ReleaseScriptingObjects (0ms)
		CreateAndSetChildDomain (51ms)
	RebuildCommonClasses (67ms)
	RebuildNativeTypeToScriptingClass (30ms)
	initialDomainReloadingComplete (51ms)
	LoadAllAssembliesAndSetupDomain (337ms)
		LoadAssemblies (451ms)
		RebuildTransferFunctionScriptingTraits (0ms)
		AnalyzeDomain (42ms)
			TypeCache.Refresh (14ms)
				TypeCache.ScanAssembly (1ms)
			ScanForSourceGeneratedMonoScriptInfo (13ms)
			ResolveRequiredComponents (12ms)
	FinalizeReload (1805ms)
		ReleaseScriptCaches (0ms)
		RebuildScriptCaches (0ms)
		SetupLoadedEditorAssemblies (946ms)
			LogAssemblyErrors (0ms)
			InitializePlatformSupportModulesInManaged (24ms)
			SetLoadedEditorAssemblies (6ms)
			RefreshPlugins (0ms)
			BeforeProcessingInitializeOnLoad (102ms)
			ProcessInitializeOnLoadAttributes (772ms)
			ProcessInitializeOnLoadMethodAttributes (35ms)
			AfterProcessingInitializeOnLoad (5ms)
			EditorAssembliesLoaded (0ms)
		ExecutionOrderSort2 (0ms)
		AwakeInstancesAfterBackupRestoration (12ms)
Refreshing native plugins compatible for Editor in 5.58 ms, found 6 plugins.
Preloading 0 native plugins for Editor in 0.00 ms.
Unloading 3343 Unused Serialized files (Serialized files now loaded: 0)
Unloading 14 unused Assets / (28.5 KB). Loaded Objects now: 3853.
Memory consumption went from 124.2 MB to 124.2 MB.
Total: 6.596700 ms (FindLiveObjects: 0.421900 ms CreateObjectMapping: 0.110300 ms MarkObjects: 5.987700 ms  DeleteObjects: 0.075500 ms)

Prepare: number of updated asset objects reloaded= 0
AssetImportParameters requested are different than current active one (requested -> active):
  custom:scripting/monoscript/fileName/SkewTextExample.cs: f96859e31fd6dde308d9dc2a2488dcff -> c142d02d70a129e0533975f7c2f96956
  custom:container-demuxer-ogg: 62fdf1f143b41e24485cea50d1cbac27 -> 
  custom:scripting/monoscript/fileName/TMP_TextEventHandler.cs: d0f86a17d6fd3e9995db934eaaf34f18 -> f5cd9d5a43bfefc8f4fec80e6de896a4
  custom:scripting/monoscript/fileName/TextMeshProFloatingText.cs: 5a37842f75734e7729f89af9a8145a1a -> 92608fa4a6315cd0786d82205e77b697
  custom:scripting/monoscript/fileName/VertexZoom.cs: 2da4737d79388c0362c64482e9ee50d2 -> 650ab1e81d40126e3edcf737cce646e4
  custom:video-codec-MediaFoundation-h265: 746d11721c4dcdbdad8f713fa42b33f4 -> 
  custom:scripting/monoscript/fileName/VertexShakeA.cs: 16900906a98712c9660b9823af1f2500 -> 63ec564c588058369499638dd899e05b
  custom:scripting/monoscript/fileName/TMP_ExampleScript_01.cs: 59997facf165601d8c6263ace2a973a5 -> a9d4be556104ff54e7d240529b3e01dc
  custom:video-decoder-ogg-theora: a1e56fd34408186e4bbccfd4996cb3dc -> 
  custom:scripting/monoscript/fileName/TMP_TextEventCheck.cs: 7ee93fce990cec7a5b67b504d0259dce -> 13505d917eab5868c435e0c2986dadfa
  custom:scripting/monoscript/fileName/TMP_TextSelector_B.cs: c0db108de9ffc9b6f619f3d00162b1c2 -> ba2be21a7486d37b1011342977a2e49d
  custom:scripting/monoscript/fileName/Benchmark01.cs: 1fef48c763f4be76a973f061699dd041 -> 2d3e2cd961730ab95f139a49a673bace
  custom:framework-win-MediaFoundation: 216162199b28c13a410421893ffa2e32 -> 
  custom:scripting/monoscript/fileName/Benchmark02.cs: 92dcd0c0a469d0c0690d8ca0bfe95e6f -> 5640963252ce70910e726415f869ced6
  custom:scripting/monoscript/fileName/DropdownSample.cs: b4fe7efb027fdd4854f643ad764daa8c -> 0a92251794e5f10400149f96c3c59e5d
  custom:scripting/monoscript/fileName/WarpTextExample.cs: c5431dac938081648a3a3ac553c1029b -> 2663459c266363641981c7d17b698d7f
  custom:CustomObjectIndexerAttribute: 9a22284fe3817be447336de3de66b15e -> 
  custom:container-demuxer-webm: 4f35f7cbe854078d1ac9338744f61a02 -> 
  custom:scripting/monoscript/fileName/MainMenuButton.cs: e28869a6863284e74946ac915bb193f6 -> 
  custom:scripting/monoscript/fileName/ChatController.cs: ff21b89493e3dffcbe018a2cc5a10bae -> 876d5ccae6e345dd5d9450eb0a748f16
  custom:scripting/monoscript/fileName/TextMeshSpawner.cs: c0f20e5855e88374db1098a5acc68df4 -> 76f28e2ddb031571e6ec62b018f65fa8
  custom:scripting/monoscript/fileName/TeleType.cs: c18e16db35615314900dbe198d0144e7 -> 31fa97821c4c70f157ec81d507aa6b62
  custom:scripting/monoscript/fileName/Benchmark04.cs: 86dfb70824307c4cf164687df2489226 -> 32220b148620e52aa81c13a114862bf4
  custom:container-muxer-webm: aa71ff27fc2769a1b78a27578f13a17b -> 
  custom:video-decoder-webm-vp8: 9c59270c3fd7afecdb556c50c9e8de78 -> 
  custom:scripting/monoscript/fileName/TMP_PhoneNumberValidator.cs: b4c1c54136dffeb4e2962027ebaa6b1f -> 7c3049f481e464c6a9a15dee56c3126f
  custom:SearchIndexIgnoredProperties: e643bd26f0fe6173181afceb89e7c659 -> 
  custom:AudioImporter_EditorPlatform: d09bf68614088b80899f8185d706f6e7 -> 
  custom:scripting/monoscript/fileName/EnvMapAnimator.cs: 08e040d459cd881082c0dd5daba5f85c -> 1b4f61c17e4b7283c3ac351aacff9d26
  custom:scripting/monoscript/fileName/ShaderPropAnimator.cs: 88b70bc5bbc15375387323f48f0661cf -> 55ce425812446482e623ff2695c94cb2
  custom:scripting/monoscript/fileName/SimpleScript.cs: dcd92cf7399b0d08e25e4a66ab57e91e -> 454caab0c6c050f29b39d82e1d66d0fa
  custom:scripting/monoscript/fileName/ObjectSpin.cs: b34dd4d17018731600f920d50ca840f7 -> 2b96bb2079dd7fa5108d981627a28e1e
  custom:scripting/monoscript/fileName/CameraController.cs: 8d43c2def3a67efed518259a2232b470 -> 34b6be4e23ce86dc89786916c5983296
  custom:scripting/monoscript/fileName/TMP_TextInfoDebugTool.cs: 7aad42023b6f5112c90650ae13bd6dd8 -> 3f1709cfb2cc628169113a35b5e9be3f
  custom:scripting/monoscript/fileName/TMP_TextSelector_A.cs: 088357b4acdc1e6288d897936d29c8d3 -> 347309a09d56e367b188a6978f75b424
  custom:video-encoder-webm-vp8: eb34c28f22e8b96e1ab97ce403110664 -> 
  custom:audio-decoder-ogg-vorbis: bf7c407c2cedff20999df2af8eb42d56 -> 
  custom:scripting/monoscript/fileName/VertexJitter.cs: 6330f950b41eff6e5970f129864ecd6c -> d27eb5498e48714a66aece98da065133
  custom:scripting/monoscript/fileName/TextConsoleSimulator.cs: f2c8898b26c0cf2b0a1c7d12d99e6769 -> 33fc311abb20b5b0ed8f00e4d86b574e
  custom:scripting/monoscript/fileName/VertexColorCycler.cs: 135fb0ebdaf256193ccc08218c426c64 -> 5f984ca91cf3609293aecc6bc5641572
  custom:scripting/monoscript/fileName/TMP_FrameRateCounter.cs: 8afeb6f0251e063dcfff2bd827f92c62 -> 46f655df8cb483ac5958307137b1585a
  custom:scripting/monoscript/fileName/VertexShakeB.cs: 587e5b2aecc39120c2c9ff69742ce897 -> a6f78c4fcda1a29a1a1c1baefedba9e7
  custom:scripting/monoscript/fileName/TMP_UiFrameRateCounter.cs: 8fa3bcf761bb5076fd90d0361518d59c -> b01021aea19247f14a98ab338907956a
  custom:scripting/monoscript/fileName/TMPro_InstructionOverlay.cs: 194f3617683541355a9c6c8193e87b1c -> b626d2270e6ebd5c4311585c18b58d8d
  custom:scripting/monoscript/fileName/TMP_DigitValidator.cs: 4e5cde653ae28b90ab257e866c94dfce -> ac02af96215ae3951a3cce9e1a8c6085
  custom:audio-encoder-webm-vorbis: bf7c407c2cedff20999df2af8eb42d56 -> 
  custom:scripting/monoscript/fileName/Benchmark01_UGUI.cs: 52a24b07fcdd062ef495404efdb65870 -> 6148cfe2627b7708298f301788144139
  custom:scripting/precompiled-assembly-types:Assembly-CSharp: d6dbaa4c869d194b03c2f976e23ca9b2 -> f39d0e8e1a2bdc72903fb33acfa56b16
  custom:scripting/monoscript/fileName/Benchmark03.cs: 520976d641c2b7cf395e30b045f5a45d -> 17cc87e0529ac71d909a946afb47a274
========================================================================
Received Prepare
Caller must complete domain reload
Begin MonoManager ReloadAssembly
- Loaded All Assemblies, in  0.541 seconds
Native extension for WindowsStandalone target not found
Native extension for Android target not found
Native extension for WebGL target not found
Mono: successfully reloaded assembly
- Finished resetting the current domain, in  1.508 seconds
Domain Reload Profiling: 2049ms
	BeginReloadAssembly (216ms)
		ExecutionOrderSort (0ms)
		DisableScriptedObjects (8ms)
		BackupInstance (0ms)
		ReleaseScriptingObjects (0ms)
		CreateAndSetChildDomain (49ms)
	RebuildCommonClasses (52ms)
	RebuildNativeTypeToScriptingClass (19ms)
	initialDomainReloadingComplete (32ms)
	LoadAllAssembliesAndSetupDomain (223ms)
		LoadAssemblies (324ms)
		RebuildTransferFunctionScriptingTraits (0ms)
		AnalyzeDomain (20ms)
			TypeCache.Refresh (7ms)
				TypeCache.ScanAssembly (0ms)
			ScanForSourceGeneratedMonoScriptInfo (0ms)
			ResolveRequiredComponents (9ms)
	FinalizeReload (1508ms)
		ReleaseScriptCaches (0ms)
		RebuildScriptCaches (0ms)
		SetupLoadedEditorAssemblies (882ms)
			LogAssemblyErrors (0ms)
			InitializePlatformSupportModulesInManaged (26ms)
			SetLoadedEditorAssemblies (6ms)
			RefreshPlugins (0ms)
			BeforeProcessingInitializeOnLoad (93ms)
			ProcessInitializeOnLoadAttributes (729ms)
			ProcessInitializeOnLoadMethodAttributes (26ms)
			AfterProcessingInitializeOnLoad (3ms)
			EditorAssembliesLoaded (0ms)
		ExecutionOrderSort2 (0ms)
		AwakeInstancesAfterBackupRestoration (13ms)
Refreshing native plugins compatible for Editor in 6.44 ms, found 6 plugins.
Preloading 0 native plugins for Editor in 0.00 ms.
Unloading 3343 Unused Serialized files (Serialized files now loaded: 0)
Unloading 14 unused Assets / (28.5 KB). Loaded Objects now: 3856.
Memory consumption went from 124.2 MB to 124.2 MB.
Total: 8.134900 ms (FindLiveObjects: 0.927100 ms CreateObjectMapping: 0.436400 ms MarkObjects: 6.699700 ms  DeleteObjects: 0.070000 ms)

Prepare: number of updated asset objects reloaded= 0
AssetImportParameters requested are different than current active one (requested -> active):
  custom:scripting/monoscript/fileName/SkewTextExample.cs: f96859e31fd6dde308d9dc2a2488dcff -> c142d02d70a129e0533975f7c2f96956
  custom:container-demuxer-ogg: 62fdf1f143b41e24485cea50d1cbac27 -> 
  custom:scripting/monoscript/fileName/TMP_TextEventHandler.cs: d0f86a17d6fd3e9995db934eaaf34f18 -> f5cd9d5a43bfefc8f4fec80e6de896a4
  custom:scripting/monoscript/fileName/TextMeshProFloatingText.cs: 5a37842f75734e7729f89af9a8145a1a -> 92608fa4a6315cd0786d82205e77b697
  custom:scripting/monoscript/fileName/VertexZoom.cs: 2da4737d79388c0362c64482e9ee50d2 -> 650ab1e81d40126e3edcf737cce646e4
  custom:video-codec-MediaFoundation-h265: 746d11721c4dcdbdad8f713fa42b33f4 -> 
  custom:scripting/monoscript/fileName/VertexShakeA.cs: 16900906a98712c9660b9823af1f2500 -> 63ec564c588058369499638dd899e05b
  custom:scripting/monoscript/fileName/TMP_ExampleScript_01.cs: 59997facf165601d8c6263ace2a973a5 -> a9d4be556104ff54e7d240529b3e01dc
  custom:video-decoder-ogg-theora: a1e56fd34408186e4bbccfd4996cb3dc -> 
  custom:scripting/monoscript/fileName/TMP_TextEventCheck.cs: 7ee93fce990cec7a5b67b504d0259dce -> 13505d917eab5868c435e0c2986dadfa
  custom:scripting/monoscript/fileName/TMP_TextSelector_B.cs: c0db108de9ffc9b6f619f3d00162b1c2 -> ba2be21a7486d37b1011342977a2e49d
  custom:scripting/monoscript/fileName/Benchmark01.cs: 1fef48c763f4be76a973f061699dd041 -> 2d3e2cd961730ab95f139a49a673bace
  custom:framework-win-MediaFoundation: 216162199b28c13a410421893ffa2e32 -> 
  custom:scripting/monoscript/fileName/Benchmark02.cs: 92dcd0c0a469d0c0690d8ca0bfe95e6f -> 5640963252ce70910e726415f869ced6
  custom:scripting/monoscript/fileName/DropdownSample.cs: b4fe7efb027fdd4854f643ad764daa8c -> 0a92251794e5f10400149f96c3c59e5d
  custom:scripting/monoscript/fileName/WarpTextExample.cs: c5431dac938081648a3a3ac553c1029b -> 2663459c266363641981c7d17b698d7f
  custom:CustomObjectIndexerAttribute: 9a22284fe3817be447336de3de66b15e -> 
  custom:container-demuxer-webm: 4f35f7cbe854078d1ac9338744f61a02 -> 
  custom:scripting/monoscript/fileName/MainMenuButton.cs: e28869a6863284e74946ac915bb193f6 -> 
  custom:scripting/monoscript/fileName/ChatController.cs: ff21b89493e3dffcbe018a2cc5a10bae -> 876d5ccae6e345dd5d9450eb0a748f16
  custom:scripting/monoscript/fileName/TextMeshSpawner.cs: c0f20e5855e88374db1098a5acc68df4 -> 76f28e2ddb031571e6ec62b018f65fa8
  custom:scripting/monoscript/fileName/TeleType.cs: c18e16db35615314900dbe198d0144e7 -> 31fa97821c4c70f157ec81d507aa6b62
  custom:scripting/monoscript/fileName/Benchmark04.cs: 86dfb70824307c4cf164687df2489226 -> 32220b148620e52aa81c13a114862bf4
  custom:container-muxer-webm: aa71ff27fc2769a1b78a27578f13a17b -> 
  custom:video-decoder-webm-vp8: 9c59270c3fd7afecdb556c50c9e8de78 -> 
  custom:scripting/monoscript/fileName/TMP_PhoneNumberValidator.cs: b4c1c54136dffeb4e2962027ebaa6b1f -> 7c3049f481e464c6a9a15dee56c3126f
  custom:SearchIndexIgnoredProperties: e643bd26f0fe6173181afceb89e7c659 -> 
  custom:AudioImporter_EditorPlatform: d09bf68614088b80899f8185d706f6e7 -> 
  custom:scripting/monoscript/fileName/EnvMapAnimator.cs: 08e040d459cd881082c0dd5daba5f85c -> 1b4f61c17e4b7283c3ac351aacff9d26
  custom:scripting/monoscript/fileName/ShaderPropAnimator.cs: 88b70bc5bbc15375387323f48f0661cf -> 55ce425812446482e623ff2695c94cb2
  custom:scripting/monoscript/fileName/SimpleScript.cs: dcd92cf7399b0d08e25e4a66ab57e91e -> 454caab0c6c050f29b39d82e1d66d0fa
  custom:scripting/monoscript/fileName/ObjectSpin.cs: b34dd4d17018731600f920d50ca840f7 -> 2b96bb2079dd7fa5108d981627a28e1e
  custom:scripting/monoscript/fileName/CameraController.cs: 8d43c2def3a67efed518259a2232b470 -> 34b6be4e23ce86dc89786916c5983296
  custom:scripting/monoscript/fileName/TMP_TextInfoDebugTool.cs: 7aad42023b6f5112c90650ae13bd6dd8 -> 3f1709cfb2cc628169113a35b5e9be3f
  custom:scripting/monoscript/fileName/TMP_TextSelector_A.cs: 088357b4acdc1e6288d897936d29c8d3 -> 347309a09d56e367b188a6978f75b424
  custom:video-encoder-webm-vp8: eb34c28f22e8b96e1ab97ce403110664 -> 
  custom:audio-decoder-ogg-vorbis: bf7c407c2cedff20999df2af8eb42d56 -> 
  custom:scripting/monoscript/fileName/VertexJitter.cs: 6330f950b41eff6e5970f129864ecd6c -> d27eb5498e48714a66aece98da065133
  custom:scripting/monoscript/fileName/TextConsoleSimulator.cs: f2c8898b26c0cf2b0a1c7d12d99e6769 -> 33fc311abb20b5b0ed8f00e4d86b574e
  custom:scripting/monoscript/fileName/VertexColorCycler.cs: 135fb0ebdaf256193ccc08218c426c64 -> 5f984ca91cf3609293aecc6bc5641572
  custom:scripting/monoscript/fileName/TMP_FrameRateCounter.cs: 8afeb6f0251e063dcfff2bd827f92c62 -> 46f655df8cb483ac5958307137b1585a
  custom:scripting/monoscript/fileName/VertexShakeB.cs: 587e5b2aecc39120c2c9ff69742ce897 -> a6f78c4fcda1a29a1a1c1baefedba9e7
  custom:scripting/monoscript/fileName/TMP_UiFrameRateCounter.cs: 8fa3bcf761bb5076fd90d0361518d59c -> b01021aea19247f14a98ab338907956a
  custom:scripting/monoscript/fileName/TMPro_InstructionOverlay.cs: 194f3617683541355a9c6c8193e87b1c -> b626d2270e6ebd5c4311585c18b58d8d
  custom:scripting/monoscript/fileName/TMP_DigitValidator.cs: 4e5cde653ae28b90ab257e866c94dfce -> ac02af96215ae3951a3cce9e1a8c6085
  custom:audio-encoder-webm-vorbis: bf7c407c2cedff20999df2af8eb42d56 -> 
  custom:scripting/monoscript/fileName/Benchmark01_UGUI.cs: 52a24b07fcdd062ef495404efdb65870 -> 6148cfe2627b7708298f301788144139
  custom:scripting/precompiled-assembly-types:Assembly-CSharp: d6dbaa4c869d194b03c2f976e23ca9b2 -> f39d0e8e1a2bdc72903fb33acfa56b16
  custom:scripting/monoscript/fileName/Benchmark03.cs: 520976d641c2b7cf395e30b045f5a45d -> 17cc87e0529ac71d909a946afb47a274
========================================================================
Received Prepare
Caller must complete domain reload
Begin MonoManager ReloadAssembly
- Loaded All Assemblies, in  0.439 seconds
Native extension for WindowsStandalone target not found
Native extension for Android target not found
Native extension for WebGL target not found
Mono: successfully reloaded assembly
- Finished resetting the current domain, in  1.072 seconds
Domain Reload Profiling: 1512ms
	BeginReloadAssembly (170ms)
		ExecutionOrderSort (0ms)
		DisableScriptedObjects (6ms)
		BackupInstance (0ms)
		ReleaseScriptingObjects (0ms)
		CreateAndSetChildDomain (34ms)
	RebuildCommonClasses (48ms)
	RebuildNativeTypeToScriptingClass (10ms)
	initialDomainReloadingComplete (26ms)
	LoadAllAssembliesAndSetupDomain (185ms)
		LoadAssemblies (274ms)
		RebuildTransferFunctionScriptingTraits (0ms)
		AnalyzeDomain (13ms)
			TypeCache.Refresh (5ms)
				TypeCache.ScanAssembly (0ms)
			ScanForSourceGeneratedMonoScriptInfo (0ms)
			ResolveRequiredComponents (5ms)
	FinalizeReload (1073ms)
		ReleaseScriptCaches (0ms)
		RebuildScriptCaches (0ms)
		SetupLoadedEditorAssemblies (560ms)
			LogAssemblyErrors (0ms)
			InitializePlatformSupportModulesInManaged (16ms)
			SetLoadedEditorAssemblies (4ms)
			RefreshPlugins (0ms)
			BeforeProcessingInitializeOnLoad (56ms)
			ProcessInitializeOnLoadAttributes (461ms)
			ProcessInitializeOnLoadMethodAttributes (20ms)
			AfterProcessingInitializeOnLoad (3ms)
			EditorAssembliesLoaded (0ms)
		ExecutionOrderSort2 (0ms)
		AwakeInstancesAfterBackupRestoration (10ms)
Refreshing native plugins compatible for Editor in 4.67 ms, found 6 plugins.
Preloading 0 native plugins for Editor in 0.00 ms.
Unloading 3343 Unused Serialized files (Serialized files now loaded: 0)
Unloading 14 unused Assets / (28.5 KB). Loaded Objects now: 3859.
Memory consumption went from 124.2 MB to 124.2 MB.
Total: 5.884300 ms (FindLiveObjects: 0.500000 ms CreateObjectMapping: 0.147000 ms MarkObjects: 5.156100 ms  DeleteObjects: 0.079300 ms)

Prepare: number of updated asset objects reloaded= 0
AssetImportParameters requested are different than current active one (requested -> active):
  custom:scripting/monoscript/fileName/SkewTextExample.cs: f96859e31fd6dde308d9dc2a2488dcff -> c142d02d70a129e0533975f7c2f96956
  custom:container-demuxer-ogg: 62fdf1f143b41e24485cea50d1cbac27 -> 
  custom:scripting/monoscript/fileName/TMP_TextEventHandler.cs: d0f86a17d6fd3e9995db934eaaf34f18 -> f5cd9d5a43bfefc8f4fec80e6de896a4
  custom:scripting/monoscript/fileName/TextMeshProFloatingText.cs: 5a37842f75734e7729f89af9a8145a1a -> 92608fa4a6315cd0786d82205e77b697
  custom:scripting/monoscript/fileName/VertexZoom.cs: 2da4737d79388c0362c64482e9ee50d2 -> 650ab1e81d40126e3edcf737cce646e4
  custom:video-codec-MediaFoundation-h265: 746d11721c4dcdbdad8f713fa42b33f4 -> 
  custom:scripting/monoscript/fileName/VertexShakeA.cs: 16900906a98712c9660b9823af1f2500 -> 63ec564c588058369499638dd899e05b
  custom:scripting/monoscript/fileName/TMP_ExampleScript_01.cs: 59997facf165601d8c6263ace2a973a5 -> a9d4be556104ff54e7d240529b3e01dc
  custom:video-decoder-ogg-theora: a1e56fd34408186e4bbccfd4996cb3dc -> 
  custom:scripting/monoscript/fileName/TMP_TextEventCheck.cs: 7ee93fce990cec7a5b67b504d0259dce -> 13505d917eab5868c435e0c2986dadfa
  custom:scripting/monoscript/fileName/TMP_TextSelector_B.cs: c0db108de9ffc9b6f619f3d00162b1c2 -> ba2be21a7486d37b1011342977a2e49d
  custom:scripting/monoscript/fileName/Benchmark01.cs: 1fef48c763f4be76a973f061699dd041 -> 2d3e2cd961730ab95f139a49a673bace
  custom:framework-win-MediaFoundation: 216162199b28c13a410421893ffa2e32 -> 
  custom:scripting/monoscript/fileName/Benchmark02.cs: 92dcd0c0a469d0c0690d8ca0bfe95e6f -> 5640963252ce70910e726415f869ced6
  custom:scripting/monoscript/fileName/DropdownSample.cs: b4fe7efb027fdd4854f643ad764daa8c -> 0a92251794e5f10400149f96c3c59e5d
  custom:scripting/monoscript/fileName/WarpTextExample.cs: c5431dac938081648a3a3ac553c1029b -> 2663459c266363641981c7d17b698d7f
  custom:CustomObjectIndexerAttribute: 9a22284fe3817be447336de3de66b15e -> 
  custom:container-demuxer-webm: 4f35f7cbe854078d1ac9338744f61a02 -> 
  custom:scripting/monoscript/fileName/MainMenuButton.cs: e28869a6863284e74946ac915bb193f6 -> 
  custom:scripting/monoscript/fileName/ChatController.cs: ff21b89493e3dffcbe018a2cc5a10bae -> 876d5ccae6e345dd5d9450eb0a748f16
  custom:scripting/monoscript/fileName/TextMeshSpawner.cs: c0f20e5855e88374db1098a5acc68df4 -> 76f28e2ddb031571e6ec62b018f65fa8
  custom:scripting/monoscript/fileName/TeleType.cs: c18e16db35615314900dbe198d0144e7 -> 31fa97821c4c70f157ec81d507aa6b62
  custom:scripting/monoscript/fileName/Benchmark04.cs: 86dfb70824307c4cf164687df2489226 -> 32220b148620e52aa81c13a114862bf4
  custom:container-muxer-webm: aa71ff27fc2769a1b78a27578f13a17b -> 
  custom:video-decoder-webm-vp8: 9c59270c3fd7afecdb556c50c9e8de78 -> 
  custom:scripting/monoscript/fileName/TMP_PhoneNumberValidator.cs: b4c1c54136dffeb4e2962027ebaa6b1f -> 7c3049f481e464c6a9a15dee56c3126f
  custom:SearchIndexIgnoredProperties: e643bd26f0fe6173181afceb89e7c659 -> 
  custom:AudioImporter_EditorPlatform: d09bf68614088b80899f8185d706f6e7 -> 
  custom:scripting/monoscript/fileName/EnvMapAnimator.cs: 08e040d459cd881082c0dd5daba5f85c -> 1b4f61c17e4b7283c3ac351aacff9d26
  custom:scripting/monoscript/fileName/ShaderPropAnimator.cs: 88b70bc5bbc15375387323f48f0661cf -> 55ce425812446482e623ff2695c94cb2
  custom:scripting/monoscript/fileName/SimpleScript.cs: dcd92cf7399b0d08e25e4a66ab57e91e -> 454caab0c6c050f29b39d82e1d66d0fa
  custom:scripting/monoscript/fileName/ObjectSpin.cs: b34dd4d17018731600f920d50ca840f7 -> 2b96bb2079dd7fa5108d981627a28e1e
  custom:scripting/monoscript/fileName/CameraController.cs: 8d43c2def3a67efed518259a2232b470 -> 34b6be4e23ce86dc89786916c5983296
  custom:scripting/monoscript/fileName/TMP_TextInfoDebugTool.cs: 7aad42023b6f5112c90650ae13bd6dd8 -> 3f1709cfb2cc628169113a35b5e9be3f
  custom:scripting/monoscript/fileName/TMP_TextSelector_A.cs: 088357b4acdc1e6288d897936d29c8d3 -> 347309a09d56e367b188a6978f75b424
  custom:video-encoder-webm-vp8: eb34c28f22e8b96e1ab97ce403110664 -> 
  custom:audio-decoder-ogg-vorbis: bf7c407c2cedff20999df2af8eb42d56 -> 
  custom:scripting/monoscript/fileName/VertexJitter.cs: 6330f950b41eff6e5970f129864ecd6c -> d27eb5498e48714a66aece98da065133
  custom:scripting/monoscript/fileName/TextConsoleSimulator.cs: f2c8898b26c0cf2b0a1c7d12d99e6769 -> 33fc311abb20b5b0ed8f00e4d86b574e
  custom:scripting/monoscript/fileName/VertexColorCycler.cs: 135fb0ebdaf256193ccc08218c426c64 -> 5f984ca91cf3609293aecc6bc5641572
  custom:scripting/monoscript/fileName/TMP_FrameRateCounter.cs: 8afeb6f0251e063dcfff2bd827f92c62 -> 46f655df8cb483ac5958307137b1585a
  custom:scripting/monoscript/fileName/VertexShakeB.cs: 587e5b2aecc39120c2c9ff69742ce897 -> a6f78c4fcda1a29a1a1c1baefedba9e7
  custom:scripting/monoscript/fileName/TMP_UiFrameRateCounter.cs: 8fa3bcf761bb5076fd90d0361518d59c -> b01021aea19247f14a98ab338907956a
  custom:scripting/monoscript/fileName/TMPro_InstructionOverlay.cs: 194f3617683541355a9c6c8193e87b1c -> b626d2270e6ebd5c4311585c18b58d8d
  custom:scripting/monoscript/fileName/TMP_DigitValidator.cs: 4e5cde653ae28b90ab257e866c94dfce -> ac02af96215ae3951a3cce9e1a8c6085
  custom:audio-encoder-webm-vorbis: bf7c407c2cedff20999df2af8eb42d56 -> 
  custom:scripting/monoscript/fileName/Benchmark01_UGUI.cs: 52a24b07fcdd062ef495404efdb65870 -> 6148cfe2627b7708298f301788144139
  custom:scripting/precompiled-assembly-types:Assembly-CSharp: d6dbaa4c869d194b03c2f976e23ca9b2 -> f39d0e8e1a2bdc72903fb33acfa56b16
  custom:scripting/monoscript/fileName/Benchmark03.cs: 520976d641c2b7cf395e30b045f5a45d -> 17cc87e0529ac71d909a946afb47a274
========================================================================
Received Prepare
Caller must complete domain reload
Begin MonoManager ReloadAssembly
- Loaded All Assemblies, in  0.403 seconds
Native extension for WindowsStandalone target not found
Native extension for Android target not found
Native extension for WebGL target not found
Mono: successfully reloaded assembly
- Finished resetting the current domain, in  1.148 seconds
Domain Reload Profiling: 1552ms
	BeginReloadAssembly (146ms)
		ExecutionOrderSort (0ms)
		DisableScriptedObjects (5ms)
		BackupInstance (0ms)
		ReleaseScriptingObjects (0ms)
		CreateAndSetChildDomain (34ms)
	RebuildCommonClasses (30ms)
	RebuildNativeTypeToScriptingClass (9ms)
	initialDomainReloadingComplete (26ms)
	LoadAllAssembliesAndSetupDomain (192ms)
		LoadAssemblies (247ms)
		RebuildTransferFunctionScriptingTraits (0ms)
		AnalyzeDomain (23ms)
			TypeCache.Refresh (10ms)
				TypeCache.ScanAssembly (1ms)
			ScanForSourceGeneratedMonoScriptInfo (6ms)
			ResolveRequiredComponents (6ms)
	FinalizeReload (1150ms)
		ReleaseScriptCaches (0ms)
		RebuildScriptCaches (0ms)
		SetupLoadedEditorAssemblies (617ms)
			LogAssemblyErrors (0ms)
			InitializePlatformSupportModulesInManaged (15ms)
			SetLoadedEditorAssemblies (5ms)
			RefreshPlugins (0ms)
			BeforeProcessingInitializeOnLoad (61ms)
			ProcessInitializeOnLoadAttributes (492ms)
			ProcessInitializeOnLoadMethodAttributes (39ms)
			AfterProcessingInitializeOnLoad (5ms)
			EditorAssembliesLoaded (0ms)
		ExecutionOrderSort2 (0ms)
		AwakeInstancesAfterBackupRestoration (13ms)
Refreshing native plugins compatible for Editor in 6.78 ms, found 6 plugins.
Preloading 0 native plugins for Editor in 0.00 ms.
Unloading 3343 Unused Serialized files (Serialized files now loaded: 0)
Unloading 14 unused Assets / (28.5 KB). Loaded Objects now: 3862.
Memory consumption went from 124.2 MB to 124.2 MB.
Total: 8.460800 ms (FindLiveObjects: 0.533200 ms CreateObjectMapping: 0.187600 ms MarkObjects: 7.666400 ms  DeleteObjects: 0.072400 ms)

Prepare: number of updated asset objects reloaded= 0
AssetImportParameters requested are different than current active one (requested -> active):
  custom:scripting/monoscript/fileName/SkewTextExample.cs: f96859e31fd6dde308d9dc2a2488dcff -> c142d02d70a129e0533975f7c2f96956
  custom:container-demuxer-ogg: 62fdf1f143b41e24485cea50d1cbac27 -> 
  custom:scripting/monoscript/fileName/TMP_TextEventHandler.cs: d0f86a17d6fd3e9995db934eaaf34f18 -> f5cd9d5a43bfefc8f4fec80e6de896a4
  custom:scripting/monoscript/fileName/TextMeshProFloatingText.cs: 5a37842f75734e7729f89af9a8145a1a -> 92608fa4a6315cd0786d82205e77b697
  custom:scripting/monoscript/fileName/VertexZoom.cs: 2da4737d79388c0362c64482e9ee50d2 -> 650ab1e81d40126e3edcf737cce646e4
  custom:video-codec-MediaFoundation-h265: 746d11721c4dcdbdad8f713fa42b33f4 -> 
  custom:scripting/monoscript/fileName/VertexShakeA.cs: 16900906a98712c9660b9823af1f2500 -> 63ec564c588058369499638dd899e05b
  custom:scripting/monoscript/fileName/TMP_ExampleScript_01.cs: 59997facf165601d8c6263ace2a973a5 -> a9d4be556104ff54e7d240529b3e01dc
  custom:video-decoder-ogg-theora: a1e56fd34408186e4bbccfd4996cb3dc -> 
  custom:scripting/monoscript/fileName/TMP_TextEventCheck.cs: 7ee93fce990cec7a5b67b504d0259dce -> 13505d917eab5868c435e0c2986dadfa
  custom:scripting/monoscript/fileName/TMP_TextSelector_B.cs: c0db108de9ffc9b6f619f3d00162b1c2 -> ba2be21a7486d37b1011342977a2e49d
  custom:scripting/monoscript/fileName/Benchmark01.cs: 1fef48c763f4be76a973f061699dd041 -> 2d3e2cd961730ab95f139a49a673bace
  custom:framework-win-MediaFoundation: 216162199b28c13a410421893ffa2e32 -> 
  custom:scripting/monoscript/fileName/Benchmark02.cs: 92dcd0c0a469d0c0690d8ca0bfe95e6f -> 5640963252ce70910e726415f869ced6
  custom:scripting/monoscript/fileName/DropdownSample.cs: b4fe7efb027fdd4854f643ad764daa8c -> 0a92251794e5f10400149f96c3c59e5d
  custom:scripting/monoscript/fileName/WarpTextExample.cs: c5431dac938081648a3a3ac553c1029b -> 2663459c266363641981c7d17b698d7f
  custom:CustomObjectIndexerAttribute: 9a22284fe3817be447336de3de66b15e -> 
  custom:container-demuxer-webm: 4f35f7cbe854078d1ac9338744f61a02 -> 
  custom:scripting/monoscript/fileName/MainMenuButton.cs: e28869a6863284e74946ac915bb193f6 -> 
  custom:scripting/monoscript/fileName/ChatController.cs: ff21b89493e3dffcbe018a2cc5a10bae -> 876d5ccae6e345dd5d9450eb0a748f16
  custom:scripting/monoscript/fileName/TextMeshSpawner.cs: c0f20e5855e88374db1098a5acc68df4 -> 76f28e2ddb031571e6ec62b018f65fa8
  custom:scripting/monoscript/fileName/TeleType.cs: c18e16db35615314900dbe198d0144e7 -> 31fa97821c4c70f157ec81d507aa6b62
  custom:scripting/monoscript/fileName/Benchmark04.cs: 86dfb70824307c4cf164687df2489226 -> 32220b148620e52aa81c13a114862bf4
  custom:container-muxer-webm: aa71ff27fc2769a1b78a27578f13a17b -> 
  custom:video-decoder-webm-vp8: 9c59270c3fd7afecdb556c50c9e8de78 -> 
  custom:scripting/monoscript/fileName/TMP_PhoneNumberValidator.cs: b4c1c54136dffeb4e2962027ebaa6b1f -> 7c3049f481e464c6a9a15dee56c3126f
  custom:SearchIndexIgnoredProperties: e643bd26f0fe6173181afceb89e7c659 -> 
  custom:AudioImporter_EditorPlatform: d09bf68614088b80899f8185d706f6e7 -> 
  custom:scripting/monoscript/fileName/EnvMapAnimator.cs: 08e040d459cd881082c0dd5daba5f85c -> 1b4f61c17e4b7283c3ac351aacff9d26
  custom:scripting/monoscript/fileName/ShaderPropAnimator.cs: 88b70bc5bbc15375387323f48f0661cf -> 55ce425812446482e623ff2695c94cb2
  custom:scripting/monoscript/fileName/SimpleScript.cs: dcd92cf7399b0d08e25e4a66ab57e91e -> 454caab0c6c050f29b39d82e1d66d0fa
  custom:scripting/monoscript/fileName/ObjectSpin.cs: b34dd4d17018731600f920d50ca840f7 -> 2b96bb2079dd7fa5108d981627a28e1e
  custom:scripting/monoscript/fileName/CameraController.cs: 8d43c2def3a67efed518259a2232b470 -> 34b6be4e23ce86dc89786916c5983296
  custom:scripting/monoscript/fileName/TMP_TextInfoDebugTool.cs: 7aad42023b6f5112c90650ae13bd6dd8 -> 3f1709cfb2cc628169113a35b5e9be3f
  custom:scripting/monoscript/fileName/TMP_TextSelector_A.cs: 088357b4acdc1e6288d897936d29c8d3 -> 347309a09d56e367b188a6978f75b424
  custom:video-encoder-webm-vp8: eb34c28f22e8b96e1ab97ce403110664 -> 
  custom:audio-decoder-ogg-vorbis: bf7c407c2cedff20999df2af8eb42d56 -> 
  custom:scripting/monoscript/fileName/VertexJitter.cs: 6330f950b41eff6e5970f129864ecd6c -> d27eb5498e48714a66aece98da065133
  custom:scripting/monoscript/fileName/TextConsoleSimulator.cs: f2c8898b26c0cf2b0a1c7d12d99e6769 -> 33fc311abb20b5b0ed8f00e4d86b574e
  custom:scripting/monoscript/fileName/VertexColorCycler.cs: 135fb0ebdaf256193ccc08218c426c64 -> 5f984ca91cf3609293aecc6bc5641572
  custom:scripting/monoscript/fileName/TMP_FrameRateCounter.cs: 8afeb6f0251e063dcfff2bd827f92c62 -> 46f655df8cb483ac5958307137b1585a
  custom:scripting/monoscript/fileName/VertexShakeB.cs: 587e5b2aecc39120c2c9ff69742ce897 -> a6f78c4fcda1a29a1a1c1baefedba9e7
  custom:scripting/monoscript/fileName/TMP_UiFrameRateCounter.cs: 8fa3bcf761bb5076fd90d0361518d59c -> b01021aea19247f14a98ab338907956a
  custom:scripting/monoscript/fileName/TMPro_InstructionOverlay.cs: 194f3617683541355a9c6c8193e87b1c -> b626d2270e6ebd5c4311585c18b58d8d
  custom:scripting/monoscript/fileName/TMP_DigitValidator.cs: 4e5cde653ae28b90ab257e866c94dfce -> ac02af96215ae3951a3cce9e1a8c6085
  custom:audio-encoder-webm-vorbis: bf7c407c2cedff20999df2af8eb42d56 -> 
  custom:scripting/monoscript/fileName/Benchmark01_UGUI.cs: 52a24b07fcdd062ef495404efdb65870 -> 6148cfe2627b7708298f301788144139
  custom:scripting/precompiled-assembly-types:Assembly-CSharp: d6dbaa4c869d194b03c2f976e23ca9b2 -> f39d0e8e1a2bdc72903fb33acfa56b16
  custom:scripting/monoscript/fileName/Benchmark03.cs: 520976d641c2b7cf395e30b045f5a45d -> 17cc87e0529ac71d909a946afb47a274
========================================================================
Received Prepare
Caller must complete domain reload
Begin MonoManager ReloadAssembly
- Loaded All Assemblies, in  0.643 seconds
Native extension for WindowsStandalone target not found
Native extension for Android target not found
Native extension for WebGL target not found
Mono: successfully reloaded assembly
- Finished resetting the current domain, in  1.699 seconds
Domain Reload Profiling: 2341ms
	BeginReloadAssembly (216ms)
		ExecutionOrderSort (0ms)
		DisableScriptedObjects (8ms)
		BackupInstance (0ms)
		ReleaseScriptingObjects (0ms)
		CreateAndSetChildDomain (52ms)
	RebuildCommonClasses (45ms)
	RebuildNativeTypeToScriptingClass (20ms)
	initialDomainReloadingComplete (44ms)
	LoadAllAssembliesAndSetupDomain (317ms)
		LoadAssemblies (394ms)
		RebuildTransferFunctionScriptingTraits (0ms)
		AnalyzeDomain (38ms)
			TypeCache.Refresh (14ms)
				TypeCache.ScanAssembly (1ms)
			ScanForSourceGeneratedMonoScriptInfo (14ms)
			ResolveRequiredComponents (8ms)
	FinalizeReload (1700ms)
		ReleaseScriptCaches (0ms)
		RebuildScriptCaches (0ms)
		SetupLoadedEditorAssemblies (964ms)
			LogAssemblyErrors (0ms)
			InitializePlatformSupportModulesInManaged (23ms)
			SetLoadedEditorAssemblies (7ms)
			RefreshPlugins (0ms)
			BeforeProcessingInitializeOnLoad (111ms)
			ProcessInitializeOnLoadAttributes (787ms)
			ProcessInitializeOnLoadMethodAttributes (31ms)
			AfterProcessingInitializeOnLoad (5ms)
			EditorAssembliesLoaded (0ms)
		ExecutionOrderSort2 (0ms)
		AwakeInstancesAfterBackupRestoration (11ms)
Refreshing native plugins compatible for Editor in 6.12 ms, found 6 plugins.
Preloading 0 native plugins for Editor in 0.00 ms.
Unloading 3343 Unused Serialized files (Serialized files now loaded: 0)
Unloading 14 unused Assets / (28.5 KB). Loaded Objects now: 3865.
Memory consumption went from 124.2 MB to 124.2 MB.
Total: 6.009900 ms (FindLiveObjects: 0.446900 ms CreateObjectMapping: 0.183200 ms MarkObjects: 5.310000 ms  DeleteObjects: 0.068200 ms)

Prepare: number of updated asset objects reloaded= 0
AssetImportParameters requested are different than current active one (requested -> active):
  custom:scripting/monoscript/fileName/SkewTextExample.cs: f96859e31fd6dde308d9dc2a2488dcff -> c142d02d70a129e0533975f7c2f96956
  custom:container-demuxer-ogg: 62fdf1f143b41e24485cea50d1cbac27 -> 
  custom:scripting/monoscript/fileName/TMP_TextEventHandler.cs: d0f86a17d6fd3e9995db934eaaf34f18 -> f5cd9d5a43bfefc8f4fec80e6de896a4
  custom:scripting/monoscript/fileName/TextMeshProFloatingText.cs: 5a37842f75734e7729f89af9a8145a1a -> 92608fa4a6315cd0786d82205e77b697
  custom:scripting/monoscript/fileName/VertexZoom.cs: 2da4737d79388c0362c64482e9ee50d2 -> 650ab1e81d40126e3edcf737cce646e4
  custom:video-codec-MediaFoundation-h265: 746d11721c4dcdbdad8f713fa42b33f4 -> 
  custom:scripting/monoscript/fileName/VertexShakeA.cs: 16900906a98712c9660b9823af1f2500 -> 63ec564c588058369499638dd899e05b
  custom:scripting/monoscript/fileName/TMP_ExampleScript_01.cs: 59997facf165601d8c6263ace2a973a5 -> a9d4be556104ff54e7d240529b3e01dc
  custom:video-decoder-ogg-theora: a1e56fd34408186e4bbccfd4996cb3dc -> 
  custom:scripting/monoscript/fileName/TMP_TextEventCheck.cs: 7ee93fce990cec7a5b67b504d0259dce -> 13505d917eab5868c435e0c2986dadfa
  custom:scripting/monoscript/fileName/TMP_TextSelector_B.cs: c0db108de9ffc9b6f619f3d00162b1c2 -> ba2be21a7486d37b1011342977a2e49d
  custom:scripting/monoscript/fileName/Benchmark01.cs: 1fef48c763f4be76a973f061699dd041 -> 2d3e2cd961730ab95f139a49a673bace
  custom:framework-win-MediaFoundation: 216162199b28c13a410421893ffa2e32 -> 
  custom:scripting/monoscript/fileName/Benchmark02.cs: 92dcd0c0a469d0c0690d8ca0bfe95e6f -> 5640963252ce70910e726415f869ced6
  custom:scripting/monoscript/fileName/DropdownSample.cs: b4fe7efb027fdd4854f643ad764daa8c -> 0a92251794e5f10400149f96c3c59e5d
  custom:scripting/monoscript/fileName/WarpTextExample.cs: c5431dac938081648a3a3ac553c1029b -> 2663459c266363641981c7d17b698d7f
  custom:CustomObjectIndexerAttribute: 9a22284fe3817be447336de3de66b15e -> 
  custom:container-demuxer-webm: 4f35f7cbe854078d1ac9338744f61a02 -> 
  custom:scripting/monoscript/fileName/MainMenuButton.cs: e28869a6863284e74946ac915bb193f6 -> 
  custom:scripting/monoscript/fileName/ChatController.cs: ff21b89493e3dffcbe018a2cc5a10bae -> 876d5ccae6e345dd5d9450eb0a748f16
  custom:scripting/monoscript/fileName/TextMeshSpawner.cs: c0f20e5855e88374db1098a5acc68df4 -> 76f28e2ddb031571e6ec62b018f65fa8
  custom:scripting/monoscript/fileName/TeleType.cs: c18e16db35615314900dbe198d0144e7 -> 31fa97821c4c70f157ec81d507aa6b62
  custom:scripting/monoscript/fileName/Benchmark04.cs: 86dfb70824307c4cf164687df2489226 -> 32220b148620e52aa81c13a114862bf4
  custom:container-muxer-webm: aa71ff27fc2769a1b78a27578f13a17b -> 
  custom:video-decoder-webm-vp8: 9c59270c3fd7afecdb556c50c9e8de78 -> 
  custom:scripting/monoscript/fileName/TMP_PhoneNumberValidator.cs: b4c1c54136dffeb4e2962027ebaa6b1f -> 7c3049f481e464c6a9a15dee56c3126f
  custom:SearchIndexIgnoredProperties: e643bd26f0fe6173181afceb89e7c659 -> 
  custom:AudioImporter_EditorPlatform: d09bf68614088b80899f8185d706f6e7 -> 
  custom:scripting/monoscript/fileName/EnvMapAnimator.cs: 08e040d459cd881082c0dd5daba5f85c -> 1b4f61c17e4b7283c3ac351aacff9d26
  custom:scripting/monoscript/fileName/ShaderPropAnimator.cs: 88b70bc5bbc15375387323f48f0661cf -> 55ce425812446482e623ff2695c94cb2
  custom:scripting/monoscript/fileName/SimpleScript.cs: dcd92cf7399b0d08e25e4a66ab57e91e -> 454caab0c6c050f29b39d82e1d66d0fa
  custom:scripting/monoscript/fileName/ObjectSpin.cs: b34dd4d17018731600f920d50ca840f7 -> 2b96bb2079dd7fa5108d981627a28e1e
  custom:scripting/monoscript/fileName/CameraController.cs: 8d43c2def3a67efed518259a2232b470 -> 34b6be4e23ce86dc89786916c5983296
  custom:scripting/monoscript/fileName/TMP_TextInfoDebugTool.cs: 7aad42023b6f5112c90650ae13bd6dd8 -> 3f1709cfb2cc628169113a35b5e9be3f
  custom:scripting/monoscript/fileName/TMP_TextSelector_A.cs: 088357b4acdc1e6288d897936d29c8d3 -> 347309a09d56e367b188a6978f75b424
  custom:video-encoder-webm-vp8: eb34c28f22e8b96e1ab97ce403110664 -> 
  custom:audio-decoder-ogg-vorbis: bf7c407c2cedff20999df2af8eb42d56 -> 
  custom:scripting/monoscript/fileName/VertexJitter.cs: 6330f950b41eff6e5970f129864ecd6c -> d27eb5498e48714a66aece98da065133
  custom:scripting/monoscript/fileName/TextConsoleSimulator.cs: f2c8898b26c0cf2b0a1c7d12d99e6769 -> 33fc311abb20b5b0ed8f00e4d86b574e
  custom:scripting/monoscript/fileName/VertexColorCycler.cs: 135fb0ebdaf256193ccc08218c426c64 -> 5f984ca91cf3609293aecc6bc5641572
  custom:scripting/monoscript/fileName/TMP_FrameRateCounter.cs: 8afeb6f0251e063dcfff2bd827f92c62 -> 46f655df8cb483ac5958307137b1585a
  custom:scripting/monoscript/fileName/VertexShakeB.cs: 587e5b2aecc39120c2c9ff69742ce897 -> a6f78c4fcda1a29a1a1c1baefedba9e7
  custom:scripting/monoscript/fileName/TMP_UiFrameRateCounter.cs: 8fa3bcf761bb5076fd90d0361518d59c -> b01021aea19247f14a98ab338907956a
  custom:scripting/monoscript/fileName/TMPro_InstructionOverlay.cs: 194f3617683541355a9c6c8193e87b1c -> b626d2270e6ebd5c4311585c18b58d8d
  custom:scripting/monoscript/fileName/TMP_DigitValidator.cs: 4e5cde653ae28b90ab257e866c94dfce -> ac02af96215ae3951a3cce9e1a8c6085
  custom:audio-encoder-webm-vorbis: bf7c407c2cedff20999df2af8eb42d56 -> 
  custom:scripting/monoscript/fileName/Benchmark01_UGUI.cs: 52a24b07fcdd062ef495404efdb65870 -> 6148cfe2627b7708298f301788144139
  custom:scripting/precompiled-assembly-types:Assembly-CSharp: d6dbaa4c869d194b03c2f976e23ca9b2 -> f39d0e8e1a2bdc72903fb33acfa56b16
  custom:scripting/monoscript/fileName/Benchmark03.cs: 520976d641c2b7cf395e30b045f5a45d -> 17cc87e0529ac71d909a946afb47a274
========================================================================
Received Prepare
Caller must complete domain reload
Begin MonoManager ReloadAssembly
- Loaded All Assemblies, in  0.652 seconds
Native extension for WindowsStandalone target not found
Native extension for Android target not found
Native extension for WebGL target not found
Mono: successfully reloaded assembly
- Finished resetting the current domain, in  1.645 seconds
Domain Reload Profiling: 2296ms
	BeginReloadAssembly (247ms)
		ExecutionOrderSort (0ms)
		DisableScriptedObjects (11ms)
		BackupInstance (0ms)
		ReleaseScriptingObjects (0ms)
		CreateAndSetChildDomain (53ms)
	RebuildCommonClasses (64ms)
	RebuildNativeTypeToScriptingClass (17ms)
	initialDomainReloadingComplete (39ms)
	LoadAllAssembliesAndSetupDomain (283ms)
		LoadAssemblies (379ms)
		RebuildTransferFunctionScriptingTraits (0ms)
		AnalyzeDomain (33ms)
			TypeCache.Refresh (10ms)
				TypeCache.ScanAssembly (1ms)
			ScanForSourceGeneratedMonoScriptInfo (9ms)
			ResolveRequiredComponents (12ms)
	FinalizeReload (1646ms)
		ReleaseScriptCaches (0ms)
		RebuildScriptCaches (0ms)
		SetupLoadedEditorAssemblies (938ms)
			LogAssemblyErrors (0ms)
			InitializePlatformSupportModulesInManaged (27ms)
			SetLoadedEditorAssemblies (8ms)
			RefreshPlugins (0ms)
			BeforeProcessingInitializeOnLoad (105ms)
			ProcessInitializeOnLoadAttributes (756ms)
			ProcessInitializeOnLoadMethodAttributes (39ms)
			AfterProcessingInitializeOnLoad (3ms)
			EditorAssembliesLoaded (0ms)
		ExecutionOrderSort2 (0ms)
		AwakeInstancesAfterBackupRestoration (11ms)
Refreshing native plugins compatible for Editor in 6.45 ms, found 6 plugins.
Preloading 0 native plugins for Editor in 0.00 ms.
Unloading 3343 Unused Serialized files (Serialized files now loaded: 0)
Unloading 14 unused Assets / (28.5 KB). Loaded Objects now: 3868.
Memory consumption went from 124.2 MB to 124.2 MB.
Total: 6.148500 ms (FindLiveObjects: 0.687200 ms CreateObjectMapping: 0.168000 ms MarkObjects: 5.213500 ms  DeleteObjects: 0.078000 ms)

Prepare: number of updated asset objects reloaded= 0
AssetImportParameters requested are different than current active one (requested -> active):
  custom:scripting/monoscript/fileName/SkewTextExample.cs: f96859e31fd6dde308d9dc2a2488dcff -> c142d02d70a129e0533975f7c2f96956
  custom:container-demuxer-ogg: 62fdf1f143b41e24485cea50d1cbac27 -> 
  custom:scripting/monoscript/fileName/TMP_TextEventHandler.cs: d0f86a17d6fd3e9995db934eaaf34f18 -> f5cd9d5a43bfefc8f4fec80e6de896a4
  custom:scripting/monoscript/fileName/TextMeshProFloatingText.cs: 5a37842f75734e7729f89af9a8145a1a -> 92608fa4a6315cd0786d82205e77b697
  custom:scripting/monoscript/fileName/VertexZoom.cs: 2da4737d79388c0362c64482e9ee50d2 -> 650ab1e81d40126e3edcf737cce646e4
  custom:video-codec-MediaFoundation-h265: 746d11721c4dcdbdad8f713fa42b33f4 -> 
  custom:scripting/monoscript/fileName/VertexShakeA.cs: 16900906a98712c9660b9823af1f2500 -> 63ec564c588058369499638dd899e05b
  custom:scripting/monoscript/fileName/TMP_ExampleScript_01.cs: 59997facf165601d8c6263ace2a973a5 -> a9d4be556104ff54e7d240529b3e01dc
  custom:video-decoder-ogg-theora: a1e56fd34408186e4bbccfd4996cb3dc -> 
  custom:scripting/monoscript/fileName/TMP_TextEventCheck.cs: 7ee93fce990cec7a5b67b504d0259dce -> 13505d917eab5868c435e0c2986dadfa
  custom:scripting/monoscript/fileName/TMP_TextSelector_B.cs: c0db108de9ffc9b6f619f3d00162b1c2 -> ba2be21a7486d37b1011342977a2e49d
  custom:scripting/monoscript/fileName/Benchmark01.cs: 1fef48c763f4be76a973f061699dd041 -> 2d3e2cd961730ab95f139a49a673bace
  custom:framework-win-MediaFoundation: 216162199b28c13a410421893ffa2e32 -> 
  custom:scripting/monoscript/fileName/Benchmark02.cs: 92dcd0c0a469d0c0690d8ca0bfe95e6f -> 5640963252ce70910e726415f869ced6
  custom:scripting/monoscript/fileName/DropdownSample.cs: b4fe7efb027fdd4854f643ad764daa8c -> 0a92251794e5f10400149f96c3c59e5d
  custom:scripting/monoscript/fileName/WarpTextExample.cs: c5431dac938081648a3a3ac553c1029b -> 2663459c266363641981c7d17b698d7f
  custom:CustomObjectIndexerAttribute: 9a22284fe3817be447336de3de66b15e -> 
  custom:container-demuxer-webm: 4f35f7cbe854078d1ac9338744f61a02 -> 
  custom:scripting/monoscript/fileName/MainMenuButton.cs: e28869a6863284e74946ac915bb193f6 -> 
  custom:scripting/monoscript/fileName/ChatController.cs: ff21b89493e3dffcbe018a2cc5a10bae -> 876d5ccae6e345dd5d9450eb0a748f16
  custom:scripting/monoscript/fileName/TextMeshSpawner.cs: c0f20e5855e88374db1098a5acc68df4 -> 76f28e2ddb031571e6ec62b018f65fa8
  custom:scripting/monoscript/fileName/TeleType.cs: c18e16db35615314900dbe198d0144e7 -> 31fa97821c4c70f157ec81d507aa6b62
  custom:scripting/monoscript/fileName/Benchmark04.cs: 86dfb70824307c4cf164687df2489226 -> 32220b148620e52aa81c13a114862bf4
  custom:container-muxer-webm: aa71ff27fc2769a1b78a27578f13a17b -> 
  custom:video-decoder-webm-vp8: 9c59270c3fd7afecdb556c50c9e8de78 -> 
  custom:scripting/monoscript/fileName/TMP_PhoneNumberValidator.cs: b4c1c54136dffeb4e2962027ebaa6b1f -> 7c3049f481e464c6a9a15dee56c3126f
  custom:SearchIndexIgnoredProperties: e643bd26f0fe6173181afceb89e7c659 -> 
  custom:AudioImporter_EditorPlatform: d09bf68614088b80899f8185d706f6e7 -> 
  custom:scripting/monoscript/fileName/EnvMapAnimator.cs: 08e040d459cd881082c0dd5daba5f85c -> 1b4f61c17e4b7283c3ac351aacff9d26
  custom:scripting/monoscript/fileName/ShaderPropAnimator.cs: 88b70bc5bbc15375387323f48f0661cf -> 55ce425812446482e623ff2695c94cb2
  custom:scripting/monoscript/fileName/SimpleScript.cs: dcd92cf7399b0d08e25e4a66ab57e91e -> 454caab0c6c050f29b39d82e1d66d0fa
  custom:scripting/monoscript/fileName/ObjectSpin.cs: b34dd4d17018731600f920d50ca840f7 -> 2b96bb2079dd7fa5108d981627a28e1e
  custom:scripting/monoscript/fileName/CameraController.cs: 8d43c2def3a67efed518259a2232b470 -> 34b6be4e23ce86dc89786916c5983296
  custom:scripting/monoscript/fileName/TMP_TextInfoDebugTool.cs: 7aad42023b6f5112c90650ae13bd6dd8 -> 3f1709cfb2cc628169113a35b5e9be3f
  custom:scripting/monoscript/fileName/TMP_TextSelector_A.cs: 088357b4acdc1e6288d897936d29c8d3 -> 347309a09d56e367b188a6978f75b424
  custom:video-encoder-webm-vp8: eb34c28f22e8b96e1ab97ce403110664 -> 
  custom:audio-decoder-ogg-vorbis: bf7c407c2cedff20999df2af8eb42d56 -> 
  custom:scripting/monoscript/fileName/VertexJitter.cs: 6330f950b41eff6e5970f129864ecd6c -> d27eb5498e48714a66aece98da065133
  custom:scripting/monoscript/fileName/TextConsoleSimulator.cs: f2c8898b26c0cf2b0a1c7d12d99e6769 -> 33fc311abb20b5b0ed8f00e4d86b574e
  custom:scripting/monoscript/fileName/VertexColorCycler.cs: 135fb0ebdaf256193ccc08218c426c64 -> 5f984ca91cf3609293aecc6bc5641572
  custom:scripting/monoscript/fileName/TMP_FrameRateCounter.cs: 8afeb6f0251e063dcfff2bd827f92c62 -> 46f655df8cb483ac5958307137b1585a
  custom:scripting/monoscript/fileName/VertexShakeB.cs: 587e5b2aecc39120c2c9ff69742ce897 -> a6f78c4fcda1a29a1a1c1baefedba9e7
  custom:scripting/monoscript/fileName/TMP_UiFrameRateCounter.cs: 8fa3bcf761bb5076fd90d0361518d59c -> b01021aea19247f14a98ab338907956a
  custom:scripting/monoscript/fileName/TMPro_InstructionOverlay.cs: 194f3617683541355a9c6c8193e87b1c -> b626d2270e6ebd5c4311585c18b58d8d
  custom:scripting/monoscript/fileName/TMP_DigitValidator.cs: 4e5cde653ae28b90ab257e866c94dfce -> ac02af96215ae3951a3cce9e1a8c6085
  custom:audio-encoder-webm-vorbis: bf7c407c2cedff20999df2af8eb42d56 -> 
  custom:scripting/monoscript/fileName/Benchmark01_UGUI.cs: 52a24b07fcdd062ef495404efdb65870 -> 6148cfe2627b7708298f301788144139
  custom:scripting/precompiled-assembly-types:Assembly-CSharp: d6dbaa4c869d194b03c2f976e23ca9b2 -> f39d0e8e1a2bdc72903fb33acfa56b16
  custom:scripting/monoscript/fileName/Benchmark03.cs: 520976d641c2b7cf395e30b045f5a45d -> 17cc87e0529ac71d909a946afb47a274
========================================================================
Received Import Request.
  Time since last request: 1495.254751 seconds.
  path: Assets/Crion/Scenes/MainMenu.unity
  artifactKey: Guid(23f36da8ac28ec642a2a6f394eb36066) Importer(815301076,1909f56bfc062723c751e8b465ee728b)
Start importing Assets/Crion/Scenes/MainMenu.unity using Guid(23f36da8ac28ec642a2a6f394eb36066) Importer(815301076,1909f56bfc062723c751e8b465ee728b) [PhysX] Initialized MultithreadedTaskDispatcher with 16 workers.
 -> (artifact id: '45933eb2a16953d7d43ced0c0d8f7628') in 0.002594 seconds
Number of updated asset objects reloaded before import = 0
Number of asset objects unloaded after import = 0
========================================================================
Received Prepare
Caller must complete domain reload
Begin MonoManager ReloadAssembly
- Loaded All Assemblies, in  0.455 seconds
Native extension for WindowsStandalone target not found
Native extension for Android target not found
Native extension for WebGL target not found
Mono: successfully reloaded assembly
- Finished resetting the current domain, in  1.164 seconds
Domain Reload Profiling: 1618ms
	BeginReloadAssembly (184ms)
		ExecutionOrderSort (0ms)
		DisableScriptedObjects (8ms)
		BackupInstance (0ms)
		ReleaseScriptingObjects (0ms)
		CreateAndSetChildDomain (39ms)
	RebuildCommonClasses (36ms)
	RebuildNativeTypeToScriptingClass (11ms)
	initialDomainReloadingComplete (29ms)
	LoadAllAssembliesAndSetupDomain (193ms)
		LoadAssemblies (282ms)
		RebuildTransferFunctionScriptingTraits (0ms)
		AnalyzeDomain (13ms)
			TypeCache.Refresh (5ms)
				TypeCache.ScanAssembly (0ms)
			ScanForSourceGeneratedMonoScriptInfo (0ms)
			ResolveRequiredComponents (5ms)
	FinalizeReload (1164ms)
		ReleaseScriptCaches (0ms)
		RebuildScriptCaches (0ms)
		SetupLoadedEditorAssemblies (651ms)
			LogAssemblyErrors (0ms)
			InitializePlatformSupportModulesInManaged (19ms)
			SetLoadedEditorAssemblies (4ms)
			RefreshPlugins (0ms)
			BeforeProcessingInitializeOnLoad (65ms)
			ProcessInitializeOnLoadAttributes (534ms)
			ProcessInitializeOnLoadMethodAttributes (26ms)
			AfterProcessingInitializeOnLoad (2ms)
			EditorAssembliesLoaded (0ms)
		ExecutionOrderSort2 (0ms)
		AwakeInstancesAfterBackupRestoration (6ms)
Refreshing native plugins compatible for Editor in 4.80 ms, found 6 plugins.
Preloading 0 native plugins for Editor in 0.00 ms.
Unloading 3342 Unused Serialized files (Serialized files now loaded: 0)
Unloading 14 unused Assets / (28.5 KB). Loaded Objects now: 3871.
Memory consumption went from 124.0 MB to 124.0 MB.
Total: 6.754600 ms (FindLiveObjects: 0.474900 ms CreateObjectMapping: 0.315100 ms MarkObjects: 5.894000 ms  DeleteObjects: 0.069300 ms)

Prepare: number of updated asset objects reloaded= 0
AssetImportParameters requested are different than current active one (requested -> active):
  custom:scripting/monoscript/fileName/SkewTextExample.cs: f96859e31fd6dde308d9dc2a2488dcff -> c142d02d70a129e0533975f7c2f96956
  custom:container-demuxer-ogg: 62fdf1f143b41e24485cea50d1cbac27 -> 
  custom:scripting/monoscript/fileName/TMP_TextEventHandler.cs: d0f86a17d6fd3e9995db934eaaf34f18 -> f5cd9d5a43bfefc8f4fec80e6de896a4
  custom:scripting/monoscript/fileName/TextMeshProFloatingText.cs: 5a37842f75734e7729f89af9a8145a1a -> 92608fa4a6315cd0786d82205e77b697
  custom:scripting/monoscript/fileName/VertexZoom.cs: 2da4737d79388c0362c64482e9ee50d2 -> 650ab1e81d40126e3edcf737cce646e4
  custom:video-codec-MediaFoundation-h265: 746d11721c4dcdbdad8f713fa42b33f4 -> 
  custom:scripting/monoscript/fileName/VertexShakeA.cs: 16900906a98712c9660b9823af1f2500 -> 63ec564c588058369499638dd899e05b
  custom:scripting/monoscript/fileName/TMP_ExampleScript_01.cs: 59997facf165601d8c6263ace2a973a5 -> a9d4be556104ff54e7d240529b3e01dc
  custom:video-decoder-ogg-theora: a1e56fd34408186e4bbccfd4996cb3dc -> 
  custom:scripting/monoscript/fileName/TMP_TextEventCheck.cs: 7ee93fce990cec7a5b67b504d0259dce -> 13505d917eab5868c435e0c2986dadfa
  custom:scripting/monoscript/fileName/TMP_TextSelector_B.cs: c0db108de9ffc9b6f619f3d00162b1c2 -> ba2be21a7486d37b1011342977a2e49d
  custom:scripting/monoscript/fileName/Benchmark01.cs: 1fef48c763f4be76a973f061699dd041 -> 2d3e2cd961730ab95f139a49a673bace
  custom:framework-win-MediaFoundation: 216162199b28c13a410421893ffa2e32 -> 
  custom:scripting/monoscript/fileName/Benchmark02.cs: 92dcd0c0a469d0c0690d8ca0bfe95e6f -> 5640963252ce70910e726415f869ced6
  custom:scripting/monoscript/fileName/DropdownSample.cs: b4fe7efb027fdd4854f643ad764daa8c -> 0a92251794e5f10400149f96c3c59e5d
  custom:scripting/monoscript/fileName/WarpTextExample.cs: c5431dac938081648a3a3ac553c1029b -> 2663459c266363641981c7d17b698d7f
  custom:CustomObjectIndexerAttribute: 9a22284fe3817be447336de3de66b15e -> 
  custom:container-demuxer-webm: 4f35f7cbe854078d1ac9338744f61a02 -> 
  custom:scripting/monoscript/fileName/MainMenuButton.cs: e28869a6863284e74946ac915bb193f6 -> 
  custom:scripting/monoscript/fileName/ChatController.cs: ff21b89493e3dffcbe018a2cc5a10bae -> 876d5ccae6e345dd5d9450eb0a748f16
  custom:scripting/monoscript/fileName/TextMeshSpawner.cs: c0f20e5855e88374db1098a5acc68df4 -> 76f28e2ddb031571e6ec62b018f65fa8
  custom:scripting/monoscript/fileName/TeleType.cs: c18e16db35615314900dbe198d0144e7 -> 31fa97821c4c70f157ec81d507aa6b62
  custom:scripting/monoscript/fileName/Benchmark04.cs: 86dfb70824307c4cf164687df2489226 -> 32220b148620e52aa81c13a114862bf4
  custom:container-muxer-webm: aa71ff27fc2769a1b78a27578f13a17b -> 
  custom:video-decoder-webm-vp8: 9c59270c3fd7afecdb556c50c9e8de78 -> 
  custom:scripting/monoscript/fileName/TMP_PhoneNumberValidator.cs: b4c1c54136dffeb4e2962027ebaa6b1f -> 7c3049f481e464c6a9a15dee56c3126f
  custom:SearchIndexIgnoredProperties: e643bd26f0fe6173181afceb89e7c659 -> 
  custom:AudioImporter_EditorPlatform: d09bf68614088b80899f8185d706f6e7 -> 
  custom:scripting/monoscript/fileName/EnvMapAnimator.cs: 08e040d459cd881082c0dd5daba5f85c -> 1b4f61c17e4b7283c3ac351aacff9d26
  custom:scripting/monoscript/fileName/ShaderPropAnimator.cs: 88b70bc5bbc15375387323f48f0661cf -> 55ce425812446482e623ff2695c94cb2
  custom:scripting/monoscript/fileName/SimpleScript.cs: dcd92cf7399b0d08e25e4a66ab57e91e -> 454caab0c6c050f29b39d82e1d66d0fa
  custom:scripting/monoscript/fileName/ObjectSpin.cs: b34dd4d17018731600f920d50ca840f7 -> 2b96bb2079dd7fa5108d981627a28e1e
  custom:scripting/monoscript/fileName/CameraController.cs: 8d43c2def3a67efed518259a2232b470 -> 34b6be4e23ce86dc89786916c5983296
  custom:scripting/monoscript/fileName/TMP_TextInfoDebugTool.cs: 7aad42023b6f5112c90650ae13bd6dd8 -> 3f1709cfb2cc628169113a35b5e9be3f
  custom:scripting/monoscript/fileName/TMP_TextSelector_A.cs: 088357b4acdc1e6288d897936d29c8d3 -> 347309a09d56e367b188a6978f75b424
  custom:video-encoder-webm-vp8: eb34c28f22e8b96e1ab97ce403110664 -> 
  custom:audio-decoder-ogg-vorbis: bf7c407c2cedff20999df2af8eb42d56 -> 
  custom:scripting/monoscript/fileName/VertexJitter.cs: 6330f950b41eff6e5970f129864ecd6c -> d27eb5498e48714a66aece98da065133
  custom:scripting/monoscript/fileName/TextConsoleSimulator.cs: f2c8898b26c0cf2b0a1c7d12d99e6769 -> 33fc311abb20b5b0ed8f00e4d86b574e
  custom:scripting/monoscript/fileName/VertexColorCycler.cs: 135fb0ebdaf256193ccc08218c426c64 -> 5f984ca91cf3609293aecc6bc5641572
  custom:scripting/monoscript/fileName/TMP_FrameRateCounter.cs: 8afeb6f0251e063dcfff2bd827f92c62 -> 46f655df8cb483ac5958307137b1585a
  custom:scripting/monoscript/fileName/VertexShakeB.cs: 587e5b2aecc39120c2c9ff69742ce897 -> a6f78c4fcda1a29a1a1c1baefedba9e7
  custom:scripting/monoscript/fileName/TMP_UiFrameRateCounter.cs: 8fa3bcf761bb5076fd90d0361518d59c -> b01021aea19247f14a98ab338907956a
  custom:scripting/monoscript/fileName/TMPro_InstructionOverlay.cs: 194f3617683541355a9c6c8193e87b1c -> b626d2270e6ebd5c4311585c18b58d8d
  custom:scripting/monoscript/fileName/TMP_DigitValidator.cs: 4e5cde653ae28b90ab257e866c94dfce -> ac02af96215ae3951a3cce9e1a8c6085
  custom:audio-encoder-webm-vorbis: bf7c407c2cedff20999df2af8eb42d56 -> 
  custom:scripting/monoscript/fileName/Benchmark01_UGUI.cs: 52a24b07fcdd062ef495404efdb65870 -> 6148cfe2627b7708298f301788144139
  custom:scripting/precompiled-assembly-types:Assembly-CSharp: d6dbaa4c869d194b03c2f976e23ca9b2 -> f39d0e8e1a2bdc72903fb33acfa56b16
  custom:scripting/monoscript/fileName/Benchmark03.cs: 520976d641c2b7cf395e30b045f5a45d -> 17cc87e0529ac71d909a946afb47a274
========================================================================
Received Prepare
Caller must complete domain reload
Begin MonoManager ReloadAssembly
- Loaded All Assemblies, in  0.663 seconds
Native extension for WindowsStandalone target not found
Native extension for Android target not found
Native extension for WebGL target not found
Mono: successfully reloaded assembly
- Finished resetting the current domain, in  1.386 seconds
Domain Reload Profiling: 2048ms
	BeginReloadAssembly (224ms)
		ExecutionOrderSort (0ms)
		DisableScriptedObjects (10ms)
		BackupInstance (0ms)
		ReleaseScriptingObjects (0ms)
		CreateAndSetChildDomain (47ms)
	RebuildCommonClasses (69ms)
	RebuildNativeTypeToScriptingClass (17ms)
	initialDomainReloadingComplete (42ms)
	LoadAllAssembliesAndSetupDomain (310ms)
		LoadAssemblies (394ms)
		RebuildTransferFunctionScriptingTraits (0ms)
		AnalyzeDomain (41ms)
			TypeCache.Refresh (14ms)
				TypeCache.ScanAssembly (2ms)
			ScanForSourceGeneratedMonoScriptInfo (13ms)
			ResolveRequiredComponents (11ms)
	FinalizeReload (1386ms)
		ReleaseScriptCaches (0ms)
		RebuildScriptCaches (0ms)
		SetupLoadedEditorAssemblies (662ms)
			LogAssemblyErrors (0ms)
			InitializePlatformSupportModulesInManaged (31ms)
			SetLoadedEditorAssemblies (8ms)
			RefreshPlugins (0ms)
			BeforeProcessingInitializeOnLoad (106ms)
			ProcessInitializeOnLoadAttributes (497ms)
			ProcessInitializeOnLoadMethodAttributes (18ms)
			AfterProcessingInitializeOnLoad (2ms)
			EditorAssembliesLoaded (0ms)
		ExecutionOrderSort2 (0ms)
		AwakeInstancesAfterBackupRestoration (6ms)
Refreshing native plugins compatible for Editor in 4.06 ms, found 6 plugins.
Preloading 0 native plugins for Editor in 0.00 ms.
Unloading 3343 Unused Serialized files (Serialized files now loaded: 0)
Unloading 14 unused Assets / (28.5 KB). Loaded Objects now: 3874.
Memory consumption went from 124.2 MB to 124.2 MB.
Total: 5.594100 ms (FindLiveObjects: 0.469100 ms CreateObjectMapping: 0.123200 ms MarkObjects: 4.928400 ms  DeleteObjects: 0.071700 ms)

Prepare: number of updated asset objects reloaded= 0
AssetImportParameters requested are different than current active one (requested -> active):
  custom:scripting/monoscript/fileName/SkewTextExample.cs: f96859e31fd6dde308d9dc2a2488dcff -> c142d02d70a129e0533975f7c2f96956
  custom:container-demuxer-ogg: 62fdf1f143b41e24485cea50d1cbac27 -> 
  custom:scripting/monoscript/fileName/TMP_TextEventHandler.cs: d0f86a17d6fd3e9995db934eaaf34f18 -> f5cd9d5a43bfefc8f4fec80e6de896a4
  custom:scripting/monoscript/fileName/TextMeshProFloatingText.cs: 5a37842f75734e7729f89af9a8145a1a -> 92608fa4a6315cd0786d82205e77b697
  custom:scripting/monoscript/fileName/VertexZoom.cs: 2da4737d79388c0362c64482e9ee50d2 -> 650ab1e81d40126e3edcf737cce646e4
  custom:video-codec-MediaFoundation-h265: 746d11721c4dcdbdad8f713fa42b33f4 -> 
  custom:scripting/monoscript/fileName/VertexShakeA.cs: 16900906a98712c9660b9823af1f2500 -> 63ec564c588058369499638dd899e05b
  custom:scripting/monoscript/fileName/TMP_ExampleScript_01.cs: 59997facf165601d8c6263ace2a973a5 -> a9d4be556104ff54e7d240529b3e01dc
  custom:video-decoder-ogg-theora: a1e56fd34408186e4bbccfd4996cb3dc -> 
  custom:scripting/monoscript/fileName/TMP_TextEventCheck.cs: 7ee93fce990cec7a5b67b504d0259dce -> 13505d917eab5868c435e0c2986dadfa
  custom:scripting/monoscript/fileName/TMP_TextSelector_B.cs: c0db108de9ffc9b6f619f3d00162b1c2 -> ba2be21a7486d37b1011342977a2e49d
  custom:scripting/monoscript/fileName/Benchmark01.cs: 1fef48c763f4be76a973f061699dd041 -> 2d3e2cd961730ab95f139a49a673bace
  custom:framework-win-MediaFoundation: 216162199b28c13a410421893ffa2e32 -> 
  custom:scripting/monoscript/fileName/Benchmark02.cs: 92dcd0c0a469d0c0690d8ca0bfe95e6f -> 5640963252ce70910e726415f869ced6
  custom:scripting/monoscript/fileName/DropdownSample.cs: b4fe7efb027fdd4854f643ad764daa8c -> 0a92251794e5f10400149f96c3c59e5d
  custom:scripting/monoscript/fileName/WarpTextExample.cs: c5431dac938081648a3a3ac553c1029b -> 2663459c266363641981c7d17b698d7f
  custom:CustomObjectIndexerAttribute: 9a22284fe3817be447336de3de66b15e -> 
  custom:container-demuxer-webm: 4f35f7cbe854078d1ac9338744f61a02 -> 
  custom:scripting/monoscript/fileName/MainMenuButton.cs: e28869a6863284e74946ac915bb193f6 -> 
  custom:scripting/monoscript/fileName/ChatController.cs: ff21b89493e3dffcbe018a2cc5a10bae -> 876d5ccae6e345dd5d9450eb0a748f16
  custom:scripting/monoscript/fileName/TextMeshSpawner.cs: c0f20e5855e88374db1098a5acc68df4 -> 76f28e2ddb031571e6ec62b018f65fa8
  custom:scripting/monoscript/fileName/TeleType.cs: c18e16db35615314900dbe198d0144e7 -> 31fa97821c4c70f157ec81d507aa6b62
  custom:scripting/monoscript/fileName/Benchmark04.cs: 86dfb70824307c4cf164687df2489226 -> 32220b148620e52aa81c13a114862bf4
  custom:container-muxer-webm: aa71ff27fc2769a1b78a27578f13a17b -> 
  custom:video-decoder-webm-vp8: 9c59270c3fd7afecdb556c50c9e8de78 -> 
  custom:scripting/monoscript/fileName/TMP_PhoneNumberValidator.cs: b4c1c54136dffeb4e2962027ebaa6b1f -> 7c3049f481e464c6a9a15dee56c3126f
  custom:SearchIndexIgnoredProperties: e643bd26f0fe6173181afceb89e7c659 -> 
  custom:AudioImporter_EditorPlatform: d09bf68614088b80899f8185d706f6e7 -> 
  custom:scripting/monoscript/fileName/EnvMapAnimator.cs: 08e040d459cd881082c0dd5daba5f85c -> 1b4f61c17e4b7283c3ac351aacff9d26
  custom:scripting/monoscript/fileName/ShaderPropAnimator.cs: 88b70bc5bbc15375387323f48f0661cf -> 55ce425812446482e623ff2695c94cb2
  custom:scripting/monoscript/fileName/SimpleScript.cs: dcd92cf7399b0d08e25e4a66ab57e91e -> 454caab0c6c050f29b39d82e1d66d0fa
  custom:scripting/monoscript/fileName/ObjectSpin.cs: b34dd4d17018731600f920d50ca840f7 -> 2b96bb2079dd7fa5108d981627a28e1e
  custom:scripting/monoscript/fileName/CameraController.cs: 8d43c2def3a67efed518259a2232b470 -> 34b6be4e23ce86dc89786916c5983296
  custom:scripting/monoscript/fileName/TMP_TextInfoDebugTool.cs: 7aad42023b6f5112c90650ae13bd6dd8 -> 3f1709cfb2cc628169113a35b5e9be3f
  custom:scripting/monoscript/fileName/TMP_TextSelector_A.cs: 088357b4acdc1e6288d897936d29c8d3 -> 347309a09d56e367b188a6978f75b424
  custom:video-encoder-webm-vp8: eb34c28f22e8b96e1ab97ce403110664 -> 
  custom:audio-decoder-ogg-vorbis: bf7c407c2cedff20999df2af8eb42d56 -> 
  custom:scripting/monoscript/fileName/VertexJitter.cs: 6330f950b41eff6e5970f129864ecd6c -> d27eb5498e48714a66aece98da065133
  custom:scripting/monoscript/fileName/TextConsoleSimulator.cs: f2c8898b26c0cf2b0a1c7d12d99e6769 -> 33fc311abb20b5b0ed8f00e4d86b574e
  custom:scripting/monoscript/fileName/VertexColorCycler.cs: 135fb0ebdaf256193ccc08218c426c64 -> 5f984ca91cf3609293aecc6bc5641572
  custom:scripting/monoscript/fileName/TMP_FrameRateCounter.cs: 8afeb6f0251e063dcfff2bd827f92c62 -> 46f655df8cb483ac5958307137b1585a
  custom:scripting/monoscript/fileName/VertexShakeB.cs: 587e5b2aecc39120c2c9ff69742ce897 -> a6f78c4fcda1a29a1a1c1baefedba9e7
  custom:scripting/monoscript/fileName/TMP_UiFrameRateCounter.cs: 8fa3bcf761bb5076fd90d0361518d59c -> b01021aea19247f14a98ab338907956a
  custom:scripting/monoscript/fileName/TMPro_InstructionOverlay.cs: 194f3617683541355a9c6c8193e87b1c -> b626d2270e6ebd5c4311585c18b58d8d
  custom:scripting/monoscript/fileName/TMP_DigitValidator.cs: 4e5cde653ae28b90ab257e866c94dfce -> ac02af96215ae3951a3cce9e1a8c6085
  custom:audio-encoder-webm-vorbis: bf7c407c2cedff20999df2af8eb42d56 -> 
  custom:scripting/monoscript/fileName/Benchmark01_UGUI.cs: 52a24b07fcdd062ef495404efdb65870 -> 6148cfe2627b7708298f301788144139
  custom:scripting/precompiled-assembly-types:Assembly-CSharp: d6dbaa4c869d194b03c2f976e23ca9b2 -> f39d0e8e1a2bdc72903fb33acfa56b16
  custom:scripting/monoscript/fileName/Benchmark03.cs: 520976d641c2b7cf395e30b045f5a45d -> 17cc87e0529ac71d909a946afb47a274
========================================================================
Received Prepare
Caller must complete domain reload
Begin MonoManager ReloadAssembly
- Loaded All Assemblies, in  0.440 seconds
Native extension for WindowsStandalone target not found
Native extension for Android target not found
Native extension for WebGL target not found
Mono: successfully reloaded assembly
- Finished resetting the current domain, in  1.092 seconds
Domain Reload Profiling: 1531ms
	BeginReloadAssembly (156ms)
		ExecutionOrderSort (0ms)
		DisableScriptedObjects (6ms)
		BackupInstance (0ms)
		ReleaseScriptingObjects (0ms)
		CreateAndSetChildDomain (36ms)
	RebuildCommonClasses (45ms)
	RebuildNativeTypeToScriptingClass (18ms)
	initialDomainReloadingComplete (35ms)
	LoadAllAssembliesAndSetupDomain (185ms)
		LoadAssemblies (255ms)
		RebuildTransferFunctionScriptingTraits (0ms)
		AnalyzeDomain (15ms)
			TypeCache.Refresh (6ms)
				TypeCache.ScanAssembly (0ms)
			ScanForSourceGeneratedMonoScriptInfo (0ms)
			ResolveRequiredComponents (7ms)
	FinalizeReload (1092ms)
		ReleaseScriptCaches (0ms)
		RebuildScriptCaches (0ms)
		SetupLoadedEditorAssemblies (576ms)
			LogAssemblyErrors (0ms)
			InitializePlatformSupportModulesInManaged (16ms)
			SetLoadedEditorAssemblies (4ms)
			RefreshPlugins (0ms)
			BeforeProcessingInitializeOnLoad (66ms)
			ProcessInitializeOnLoadAttributes (462ms)
			ProcessInitializeOnLoadMethodAttributes (26ms)
			AfterProcessingInitializeOnLoad (2ms)
			EditorAssembliesLoaded (0ms)
		ExecutionOrderSort2 (0ms)
		AwakeInstancesAfterBackupRestoration (6ms)
Refreshing native plugins compatible for Editor in 4.86 ms, found 6 plugins.
Preloading 0 native plugins for Editor in 0.00 ms.
Unloading 3343 Unused Serialized files (Serialized files now loaded: 0)
Unloading 14 unused Assets / (28.5 KB). Loaded Objects now: 3877.
Memory consumption went from 124.2 MB to 124.2 MB.
Total: 6.020400 ms (FindLiveObjects: 0.519900 ms CreateObjectMapping: 0.185300 ms MarkObjects: 5.248800 ms  DeleteObjects: 0.064800 ms)

Prepare: number of updated asset objects reloaded= 0
AssetImportParameters requested are different than current active one (requested -> active):
  custom:scripting/monoscript/fileName/SkewTextExample.cs: f96859e31fd6dde308d9dc2a2488dcff -> c142d02d70a129e0533975f7c2f96956
  custom:container-demuxer-ogg: 62fdf1f143b41e24485cea50d1cbac27 -> 
  custom:scripting/monoscript/fileName/TMP_TextEventHandler.cs: d0f86a17d6fd3e9995db934eaaf34f18 -> f5cd9d5a43bfefc8f4fec80e6de896a4
  custom:scripting/monoscript/fileName/TextMeshProFloatingText.cs: 5a37842f75734e7729f89af9a8145a1a -> 92608fa4a6315cd0786d82205e77b697
  custom:scripting/monoscript/fileName/VertexZoom.cs: 2da4737d79388c0362c64482e9ee50d2 -> 650ab1e81d40126e3edcf737cce646e4
  custom:video-codec-MediaFoundation-h265: 746d11721c4dcdbdad8f713fa42b33f4 -> 
  custom:scripting/monoscript/fileName/VertexShakeA.cs: 16900906a98712c9660b9823af1f2500 -> 63ec564c588058369499638dd899e05b
  custom:scripting/monoscript/fileName/TMP_ExampleScript_01.cs: 59997facf165601d8c6263ace2a973a5 -> a9d4be556104ff54e7d240529b3e01dc
  custom:video-decoder-ogg-theora: a1e56fd34408186e4bbccfd4996cb3dc -> 
  custom:scripting/monoscript/fileName/TMP_TextEventCheck.cs: 7ee93fce990cec7a5b67b504d0259dce -> 13505d917eab5868c435e0c2986dadfa
  custom:scripting/monoscript/fileName/TMP_TextSelector_B.cs: c0db108de9ffc9b6f619f3d00162b1c2 -> ba2be21a7486d37b1011342977a2e49d
  custom:scripting/monoscript/fileName/Benchmark01.cs: 1fef48c763f4be76a973f061699dd041 -> 2d3e2cd961730ab95f139a49a673bace
  custom:framework-win-MediaFoundation: 216162199b28c13a410421893ffa2e32 -> 
  custom:scripting/monoscript/fileName/Benchmark02.cs: 92dcd0c0a469d0c0690d8ca0bfe95e6f -> 5640963252ce70910e726415f869ced6
  custom:scripting/monoscript/fileName/DropdownSample.cs: b4fe7efb027fdd4854f643ad764daa8c -> 0a92251794e5f10400149f96c3c59e5d
  custom:scripting/monoscript/fileName/WarpTextExample.cs: c5431dac938081648a3a3ac553c1029b -> 2663459c266363641981c7d17b698d7f
  custom:CustomObjectIndexerAttribute: 9a22284fe3817be447336de3de66b15e -> 
  custom:container-demuxer-webm: 4f35f7cbe854078d1ac9338744f61a02 -> 
  custom:scripting/monoscript/fileName/MainMenuButton.cs: e28869a6863284e74946ac915bb193f6 -> 
  custom:scripting/monoscript/fileName/ChatController.cs: ff21b89493e3dffcbe018a2cc5a10bae -> 876d5ccae6e345dd5d9450eb0a748f16
  custom:scripting/monoscript/fileName/TextMeshSpawner.cs: c0f20e5855e88374db1098a5acc68df4 -> 76f28e2ddb031571e6ec62b018f65fa8
  custom:scripting/monoscript/fileName/TeleType.cs: c18e16db35615314900dbe198d0144e7 -> 31fa97821c4c70f157ec81d507aa6b62
  custom:scripting/monoscript/fileName/Benchmark04.cs: 86dfb70824307c4cf164687df2489226 -> 32220b148620e52aa81c13a114862bf4
  custom:container-muxer-webm: aa71ff27fc2769a1b78a27578f13a17b -> 
  custom:video-decoder-webm-vp8: 9c59270c3fd7afecdb556c50c9e8de78 -> 
  custom:scripting/monoscript/fileName/TMP_PhoneNumberValidator.cs: b4c1c54136dffeb4e2962027ebaa6b1f -> 7c3049f481e464c6a9a15dee56c3126f
  custom:SearchIndexIgnoredProperties: e643bd26f0fe6173181afceb89e7c659 -> 
  custom:AudioImporter_EditorPlatform: d09bf68614088b80899f8185d706f6e7 -> 
  custom:scripting/monoscript/fileName/EnvMapAnimator.cs: 08e040d459cd881082c0dd5daba5f85c -> 1b4f61c17e4b7283c3ac351aacff9d26
  custom:scripting/monoscript/fileName/ShaderPropAnimator.cs: 88b70bc5bbc15375387323f48f0661cf -> 55ce425812446482e623ff2695c94cb2
  custom:scripting/monoscript/fileName/SimpleScript.cs: dcd92cf7399b0d08e25e4a66ab57e91e -> 454caab0c6c050f29b39d82e1d66d0fa
  custom:scripting/monoscript/fileName/ObjectSpin.cs: b34dd4d17018731600f920d50ca840f7 -> 2b96bb2079dd7fa5108d981627a28e1e
  custom:scripting/monoscript/fileName/CameraController.cs: 8d43c2def3a67efed518259a2232b470 -> 34b6be4e23ce86dc89786916c5983296
  custom:scripting/monoscript/fileName/TMP_TextInfoDebugTool.cs: 7aad42023b6f5112c90650ae13bd6dd8 -> 3f1709cfb2cc628169113a35b5e9be3f
  custom:scripting/monoscript/fileName/TMP_TextSelector_A.cs: 088357b4acdc1e6288d897936d29c8d3 -> 347309a09d56e367b188a6978f75b424
  custom:video-encoder-webm-vp8: eb34c28f22e8b96e1ab97ce403110664 -> 
  custom:audio-decoder-ogg-vorbis: bf7c407c2cedff20999df2af8eb42d56 -> 
  custom:scripting/monoscript/fileName/VertexJitter.cs: 6330f950b41eff6e5970f129864ecd6c -> d27eb5498e48714a66aece98da065133
  custom:scripting/monoscript/fileName/TextConsoleSimulator.cs: f2c8898b26c0cf2b0a1c7d12d99e6769 -> 33fc311abb20b5b0ed8f00e4d86b574e
  custom:scripting/monoscript/fileName/VertexColorCycler.cs: 135fb0ebdaf256193ccc08218c426c64 -> 5f984ca91cf3609293aecc6bc5641572
  custom:scripting/monoscript/fileName/TMP_FrameRateCounter.cs: 8afeb6f0251e063dcfff2bd827f92c62 -> 46f655df8cb483ac5958307137b1585a
  custom:scripting/monoscript/fileName/VertexShakeB.cs: 587e5b2aecc39120c2c9ff69742ce897 -> a6f78c4fcda1a29a1a1c1baefedba9e7
  custom:scripting/monoscript/fileName/TMP_UiFrameRateCounter.cs: 8fa3bcf761bb5076fd90d0361518d59c -> b01021aea19247f14a98ab338907956a
  custom:scripting/monoscript/fileName/TMPro_InstructionOverlay.cs: 194f3617683541355a9c6c8193e87b1c -> b626d2270e6ebd5c4311585c18b58d8d
  custom:scripting/monoscript/fileName/TMP_DigitValidator.cs: 4e5cde653ae28b90ab257e866c94dfce -> ac02af96215ae3951a3cce9e1a8c6085
  custom:audio-encoder-webm-vorbis: bf7c407c2cedff20999df2af8eb42d56 -> 
  custom:scripting/monoscript/fileName/Benchmark01_UGUI.cs: 52a24b07fcdd062ef495404efdb65870 -> 6148cfe2627b7708298f301788144139
  custom:scripting/precompiled-assembly-types:Assembly-CSharp: d6dbaa4c869d194b03c2f976e23ca9b2 -> f39d0e8e1a2bdc72903fb33acfa56b16
  custom:scripting/monoscript/fileName/Benchmark03.cs: 520976d641c2b7cf395e30b045f5a45d -> 17cc87e0529ac71d909a946afb47a274
========================================================================
Received Import Request.
  Time since last request: 454.299858 seconds.
  path: Assets/Crion/Scenes/ColorChange_Scene.unity
  artifactKey: Guid(9fc0d4010bbf28b4594072e72b8655ab) Importer(815301076,1909f56bfc062723c751e8b465ee728b)
Start importing Assets/Crion/Scenes/ColorChange_Scene.unity using Guid(9fc0d4010bbf28b4594072e72b8655ab) Importer(815301076,1909f56bfc062723c751e8b465ee728b) [PhysX] Initialized MultithreadedTaskDispatcher with 16 workers.
 -> (artifact id: 'c3ad34d8ec543d03f3557098d567658d') in 0.002209 seconds
Number of updated asset objects reloaded before import = 0
Number of asset objects unloaded after import = 0
========================================================================
Received Import Request.
  Time since last request: 2.057340 seconds.
  path: Assets/Crion/Scenes/MainMenu.unity
  artifactKey: Guid(23f36da8ac28ec642a2a6f394eb36066) Importer(815301076,1909f56bfc062723c751e8b465ee728b)
Start importing Assets/Crion/Scenes/MainMenu.unity using Guid(23f36da8ac28ec642a2a6f394eb36066) Importer(815301076,1909f56bfc062723c751e8b465ee728b) [PhysX] Initialized MultithreadedTaskDispatcher with 16 workers.
 -> (artifact id: '59090dc4cff1b1c6afaa3aaaaa4e0ef1') in 0.000621 seconds
Number of updated asset objects reloaded before import = 0
Number of asset objects unloaded after import = 0
========================================================================
Received Prepare
Caller must complete domain reload
Begin MonoManager ReloadAssembly
- Loaded All Assemblies, in  0.478 seconds
Native extension for WindowsStandalone target not found
Native extension for Android target not found
Native extension for WebGL target not found
Mono: successfully reloaded assembly
- Finished resetting the current domain, in  1.172 seconds
Domain Reload Profiling: 1650ms
	BeginReloadAssembly (179ms)
		ExecutionOrderSort (0ms)
		DisableScriptedObjects (10ms)
		BackupInstance (0ms)
		ReleaseScriptingObjects (0ms)
		CreateAndSetChildDomain (41ms)
	RebuildCommonClasses (34ms)
	RebuildNativeTypeToScriptingClass (10ms)
	initialDomainReloadingComplete (27ms)
	LoadAllAssembliesAndSetupDomain (228ms)
		LoadAssemblies (300ms)
		RebuildTransferFunctionScriptingTraits (0ms)
		AnalyzeDomain (19ms)
			TypeCache.Refresh (7ms)
				TypeCache.ScanAssembly (0ms)
			ScanForSourceGeneratedMonoScriptInfo (0ms)
			ResolveRequiredComponents (10ms)
	FinalizeReload (1173ms)
		ReleaseScriptCaches (0ms)
		RebuildScriptCaches (0ms)
		SetupLoadedEditorAssemblies (652ms)
			LogAssemblyErrors (0ms)
			InitializePlatformSupportModulesInManaged (20ms)
			SetLoadedEditorAssemblies (5ms)
			RefreshPlugins (0ms)
			BeforeProcessingInitializeOnLoad (72ms)
			ProcessInitializeOnLoadAttributes (526ms)
			ProcessInitializeOnLoadMethodAttributes (25ms)
			AfterProcessingInitializeOnLoad (3ms)
			EditorAssembliesLoaded (0ms)
		ExecutionOrderSort2 (0ms)
		AwakeInstancesAfterBackupRestoration (7ms)
Refreshing native plugins compatible for Editor in 4.24 ms, found 6 plugins.
Preloading 0 native plugins for Editor in 0.00 ms.
Unloading 3342 Unused Serialized files (Serialized files now loaded: 0)
Unloading 14 unused Assets / (28.5 KB). Loaded Objects now: 3880.
Memory consumption went from 124.0 MB to 124.0 MB.
Total: 5.293500 ms (FindLiveObjects: 0.470800 ms CreateObjectMapping: 0.147600 ms MarkObjects: 4.572500 ms  DeleteObjects: 0.101200 ms)

Prepare: number of updated asset objects reloaded= 0
AssetImportParameters requested are different than current active one (requested -> active):
  custom:scripting/monoscript/fileName/SkewTextExample.cs: f96859e31fd6dde308d9dc2a2488dcff -> c142d02d70a129e0533975f7c2f96956
  custom:container-demuxer-ogg: 62fdf1f143b41e24485cea50d1cbac27 -> 
  custom:scripting/monoscript/fileName/TMP_TextEventHandler.cs: d0f86a17d6fd3e9995db934eaaf34f18 -> f5cd9d5a43bfefc8f4fec80e6de896a4
  custom:scripting/monoscript/fileName/TextMeshProFloatingText.cs: 5a37842f75734e7729f89af9a8145a1a -> 92608fa4a6315cd0786d82205e77b697
  custom:scripting/monoscript/fileName/VertexZoom.cs: 2da4737d79388c0362c64482e9ee50d2 -> 650ab1e81d40126e3edcf737cce646e4
  custom:video-codec-MediaFoundation-h265: 746d11721c4dcdbdad8f713fa42b33f4 -> 
  custom:scripting/monoscript/fileName/VertexShakeA.cs: 16900906a98712c9660b9823af1f2500 -> 63ec564c588058369499638dd899e05b
  custom:scripting/monoscript/fileName/TMP_ExampleScript_01.cs: 59997facf165601d8c6263ace2a973a5 -> a9d4be556104ff54e7d240529b3e01dc
  custom:video-decoder-ogg-theora: a1e56fd34408186e4bbccfd4996cb3dc -> 
  custom:scripting/monoscript/fileName/TMP_TextEventCheck.cs: 7ee93fce990cec7a5b67b504d0259dce -> 13505d917eab5868c435e0c2986dadfa
  custom:scripting/monoscript/fileName/TMP_TextSelector_B.cs: c0db108de9ffc9b6f619f3d00162b1c2 -> ba2be21a7486d37b1011342977a2e49d
  custom:scripting/monoscript/fileName/Benchmark01.cs: 1fef48c763f4be76a973f061699dd041 -> 2d3e2cd961730ab95f139a49a673bace
  custom:framework-win-MediaFoundation: 216162199b28c13a410421893ffa2e32 -> 
  custom:scripting/monoscript/fileName/Benchmark02.cs: 92dcd0c0a469d0c0690d8ca0bfe95e6f -> 5640963252ce70910e726415f869ced6
  custom:scripting/monoscript/fileName/DropdownSample.cs: b4fe7efb027fdd4854f643ad764daa8c -> 0a92251794e5f10400149f96c3c59e5d
  custom:scripting/monoscript/fileName/WarpTextExample.cs: c5431dac938081648a3a3ac553c1029b -> 2663459c266363641981c7d17b698d7f
  custom:CustomObjectIndexerAttribute: 9a22284fe3817be447336de3de66b15e -> 
  custom:container-demuxer-webm: 4f35f7cbe854078d1ac9338744f61a02 -> 
  custom:scripting/monoscript/fileName/MainMenuButton.cs: e28869a6863284e74946ac915bb193f6 -> 
  custom:scripting/monoscript/fileName/ChatController.cs: ff21b89493e3dffcbe018a2cc5a10bae -> 876d5ccae6e345dd5d9450eb0a748f16
  custom:scripting/monoscript/fileName/TextMeshSpawner.cs: c0f20e5855e88374db1098a5acc68df4 -> 76f28e2ddb031571e6ec62b018f65fa8
  custom:scripting/monoscript/fileName/TeleType.cs: c18e16db35615314900dbe198d0144e7 -> 31fa97821c4c70f157ec81d507aa6b62
  custom:scripting/monoscript/fileName/Benchmark04.cs: 86dfb70824307c4cf164687df2489226 -> 32220b148620e52aa81c13a114862bf4
  custom:container-muxer-webm: aa71ff27fc2769a1b78a27578f13a17b -> 
  custom:video-decoder-webm-vp8: 9c59270c3fd7afecdb556c50c9e8de78 -> 
  custom:scripting/monoscript/fileName/TMP_PhoneNumberValidator.cs: b4c1c54136dffeb4e2962027ebaa6b1f -> 7c3049f481e464c6a9a15dee56c3126f
  custom:SearchIndexIgnoredProperties: e643bd26f0fe6173181afceb89e7c659 -> 
  custom:AudioImporter_EditorPlatform: d09bf68614088b80899f8185d706f6e7 -> 
  custom:scripting/monoscript/fileName/EnvMapAnimator.cs: 08e040d459cd881082c0dd5daba5f85c -> 1b4f61c17e4b7283c3ac351aacff9d26
  custom:scripting/monoscript/fileName/ShaderPropAnimator.cs: 88b70bc5bbc15375387323f48f0661cf -> 55ce425812446482e623ff2695c94cb2
  custom:scripting/monoscript/fileName/SimpleScript.cs: dcd92cf7399b0d08e25e4a66ab57e91e -> 454caab0c6c050f29b39d82e1d66d0fa
  custom:scripting/monoscript/fileName/ObjectSpin.cs: b34dd4d17018731600f920d50ca840f7 -> 2b96bb2079dd7fa5108d981627a28e1e
  custom:scripting/monoscript/fileName/CameraController.cs: 8d43c2def3a67efed518259a2232b470 -> 34b6be4e23ce86dc89786916c5983296
  custom:scripting/monoscript/fileName/TMP_TextInfoDebugTool.cs: 7aad42023b6f5112c90650ae13bd6dd8 -> 3f1709cfb2cc628169113a35b5e9be3f
  custom:scripting/monoscript/fileName/TMP_TextSelector_A.cs: 088357b4acdc1e6288d897936d29c8d3 -> 347309a09d56e367b188a6978f75b424
  custom:video-encoder-webm-vp8: eb34c28f22e8b96e1ab97ce403110664 -> 
  custom:audio-decoder-ogg-vorbis: bf7c407c2cedff20999df2af8eb42d56 -> 
  custom:scripting/monoscript/fileName/VertexJitter.cs: 6330f950b41eff6e5970f129864ecd6c -> d27eb5498e48714a66aece98da065133
  custom:scripting/monoscript/fileName/TextConsoleSimulator.cs: f2c8898b26c0cf2b0a1c7d12d99e6769 -> 33fc311abb20b5b0ed8f00e4d86b574e
  custom:scripting/monoscript/fileName/VertexColorCycler.cs: 135fb0ebdaf256193ccc08218c426c64 -> 5f984ca91cf3609293aecc6bc5641572
  custom:scripting/monoscript/fileName/TMP_FrameRateCounter.cs: 8afeb6f0251e063dcfff2bd827f92c62 -> 46f655df8cb483ac5958307137b1585a
  custom:scripting/monoscript/fileName/VertexShakeB.cs: 587e5b2aecc39120c2c9ff69742ce897 -> a6f78c4fcda1a29a1a1c1baefedba9e7
  custom:scripting/monoscript/fileName/TMP_UiFrameRateCounter.cs: 8fa3bcf761bb5076fd90d0361518d59c -> b01021aea19247f14a98ab338907956a
  custom:scripting/monoscript/fileName/TMPro_InstructionOverlay.cs: 194f3617683541355a9c6c8193e87b1c -> b626d2270e6ebd5c4311585c18b58d8d
  custom:scripting/monoscript/fileName/TMP_DigitValidator.cs: 4e5cde653ae28b90ab257e866c94dfce -> ac02af96215ae3951a3cce9e1a8c6085
  custom:audio-encoder-webm-vorbis: bf7c407c2cedff20999df2af8eb42d56 -> 
  custom:scripting/monoscript/fileName/Benchmark01_UGUI.cs: 52a24b07fcdd062ef495404efdb65870 -> 6148cfe2627b7708298f301788144139
  custom:scripting/precompiled-assembly-types:Assembly-CSharp: d6dbaa4c869d194b03c2f976e23ca9b2 -> f39d0e8e1a2bdc72903fb33acfa56b16
  custom:scripting/monoscript/fileName/Benchmark03.cs: 520976d641c2b7cf395e30b045f5a45d -> 17cc87e0529ac71d909a946afb47a274
========================================================================
Received Prepare
Caller must complete domain reload
Begin MonoManager ReloadAssembly
- Loaded All Assemblies, in  0.432 seconds
Native extension for WindowsStandalone target not found
Native extension for Android target not found
Native extension for WebGL target not found
Mono: successfully reloaded assembly
- Finished resetting the current domain, in  0.976 seconds
Domain Reload Profiling: 1408ms
	BeginReloadAssembly (162ms)
		ExecutionOrderSort (0ms)
		DisableScriptedObjects (6ms)
		BackupInstance (0ms)
		ReleaseScriptingObjects (0ms)
		CreateAndSetChildDomain (35ms)
	RebuildCommonClasses (36ms)
	RebuildNativeTypeToScriptingClass (11ms)
	initialDomainReloadingComplete (24ms)
	LoadAllAssembliesAndSetupDomain (198ms)
		LoadAssemblies (266ms)
		RebuildTransferFunctionScriptingTraits (0ms)
		AnalyzeDomain (22ms)
			TypeCache.Refresh (10ms)
				TypeCache.ScanAssembly (1ms)
			ScanForSourceGeneratedMonoScriptInfo (6ms)
			ResolveRequiredComponents (5ms)
	FinalizeReload (977ms)
		ReleaseScriptCaches (0ms)
		RebuildScriptCaches (0ms)
		SetupLoadedEditorAssemblies (542ms)
			LogAssemblyErrors (0ms)
			InitializePlatformSupportModulesInManaged (15ms)
			SetLoadedEditorAssemblies (4ms)
			RefreshPlugins (0ms)
			BeforeProcessingInitializeOnLoad (56ms)
			ProcessInitializeOnLoadAttributes (444ms)
			ProcessInitializeOnLoadMethodAttributes (20ms)
			AfterProcessingInitializeOnLoad (2ms)
			EditorAssembliesLoaded (0ms)
		ExecutionOrderSort2 (0ms)
		AwakeInstancesAfterBackupRestoration (8ms)
Refreshing native plugins compatible for Editor in 3.98 ms, found 6 plugins.
Preloading 0 native plugins for Editor in 0.00 ms.
Unloading 3343 Unused Serialized files (Serialized files now loaded: 0)
Unloading 14 unused Assets / (28.5 KB). Loaded Objects now: 3883.
Memory consumption went from 124.2 MB to 124.2 MB.
Total: 5.176900 ms (FindLiveObjects: 0.469200 ms CreateObjectMapping: 0.155500 ms MarkObjects: 4.487400 ms  DeleteObjects: 0.063300 ms)

Prepare: number of updated asset objects reloaded= 0
AssetImportParameters requested are different than current active one (requested -> active):
  custom:scripting/monoscript/fileName/SkewTextExample.cs: f96859e31fd6dde308d9dc2a2488dcff -> c142d02d70a129e0533975f7c2f96956
  custom:container-demuxer-ogg: 62fdf1f143b41e24485cea50d1cbac27 -> 
  custom:scripting/monoscript/fileName/TMP_TextEventHandler.cs: d0f86a17d6fd3e9995db934eaaf34f18 -> f5cd9d5a43bfefc8f4fec80e6de896a4
  custom:scripting/monoscript/fileName/TextMeshProFloatingText.cs: 5a37842f75734e7729f89af9a8145a1a -> 92608fa4a6315cd0786d82205e77b697
  custom:scripting/monoscript/fileName/VertexZoom.cs: 2da4737d79388c0362c64482e9ee50d2 -> 650ab1e81d40126e3edcf737cce646e4
  custom:video-codec-MediaFoundation-h265: 746d11721c4dcdbdad8f713fa42b33f4 -> 
  custom:scripting/monoscript/fileName/VertexShakeA.cs: 16900906a98712c9660b9823af1f2500 -> 63ec564c588058369499638dd899e05b
  custom:scripting/monoscript/fileName/TMP_ExampleScript_01.cs: 59997facf165601d8c6263ace2a973a5 -> a9d4be556104ff54e7d240529b3e01dc
  custom:video-decoder-ogg-theora: a1e56fd34408186e4bbccfd4996cb3dc -> 
  custom:scripting/monoscript/fileName/TMP_TextEventCheck.cs: 7ee93fce990cec7a5b67b504d0259dce -> 13505d917eab5868c435e0c2986dadfa
  custom:scripting/monoscript/fileName/TMP_TextSelector_B.cs: c0db108de9ffc9b6f619f3d00162b1c2 -> ba2be21a7486d37b1011342977a2e49d
  custom:scripting/monoscript/fileName/Benchmark01.cs: 1fef48c763f4be76a973f061699dd041 -> 2d3e2cd961730ab95f139a49a673bace
  custom:framework-win-MediaFoundation: 216162199b28c13a410421893ffa2e32 -> 
  custom:scripting/monoscript/fileName/Benchmark02.cs: 92dcd0c0a469d0c0690d8ca0bfe95e6f -> 5640963252ce70910e726415f869ced6
  custom:scripting/monoscript/fileName/DropdownSample.cs: b4fe7efb027fdd4854f643ad764daa8c -> 0a92251794e5f10400149f96c3c59e5d
  custom:scripting/monoscript/fileName/WarpTextExample.cs: c5431dac938081648a3a3ac553c1029b -> 2663459c266363641981c7d17b698d7f
  custom:CustomObjectIndexerAttribute: 9a22284fe3817be447336de3de66b15e -> 
  custom:container-demuxer-webm: 4f35f7cbe854078d1ac9338744f61a02 -> 
  custom:scripting/monoscript/fileName/MainMenuButton.cs: e28869a6863284e74946ac915bb193f6 -> 
  custom:scripting/monoscript/fileName/ChatController.cs: ff21b89493e3dffcbe018a2cc5a10bae -> 876d5ccae6e345dd5d9450eb0a748f16
  custom:scripting/monoscript/fileName/TextMeshSpawner.cs: c0f20e5855e88374db1098a5acc68df4 -> 76f28e2ddb031571e6ec62b018f65fa8
  custom:scripting/monoscript/fileName/TeleType.cs: c18e16db35615314900dbe198d0144e7 -> 31fa97821c4c70f157ec81d507aa6b62
  custom:scripting/monoscript/fileName/Benchmark04.cs: 86dfb70824307c4cf164687df2489226 -> 32220b148620e52aa81c13a114862bf4
  custom:container-muxer-webm: aa71ff27fc2769a1b78a27578f13a17b -> 
  custom:video-decoder-webm-vp8: 9c59270c3fd7afecdb556c50c9e8de78 -> 
  custom:scripting/monoscript/fileName/TMP_PhoneNumberValidator.cs: b4c1c54136dffeb4e2962027ebaa6b1f -> 7c3049f481e464c6a9a15dee56c3126f
  custom:SearchIndexIgnoredProperties: e643bd26f0fe6173181afceb89e7c659 -> 
  custom:AudioImporter_EditorPlatform: d09bf68614088b80899f8185d706f6e7 -> 
  custom:scripting/monoscript/fileName/EnvMapAnimator.cs: 08e040d459cd881082c0dd5daba5f85c -> 1b4f61c17e4b7283c3ac351aacff9d26
  custom:scripting/monoscript/fileName/ShaderPropAnimator.cs: 88b70bc5bbc15375387323f48f0661cf -> 55ce425812446482e623ff2695c94cb2
  custom:scripting/monoscript/fileName/SimpleScript.cs: dcd92cf7399b0d08e25e4a66ab57e91e -> 454caab0c6c050f29b39d82e1d66d0fa
  custom:scripting/monoscript/fileName/ObjectSpin.cs: b34dd4d17018731600f920d50ca840f7 -> 2b96bb2079dd7fa5108d981627a28e1e
  custom:scripting/monoscript/fileName/CameraController.cs: 8d43c2def3a67efed518259a2232b470 -> 34b6be4e23ce86dc89786916c5983296
  custom:scripting/monoscript/fileName/TMP_TextInfoDebugTool.cs: 7aad42023b6f5112c90650ae13bd6dd8 -> 3f1709cfb2cc628169113a35b5e9be3f
  custom:scripting/monoscript/fileName/TMP_TextSelector_A.cs: 088357b4acdc1e6288d897936d29c8d3 -> 347309a09d56e367b188a6978f75b424
  custom:video-encoder-webm-vp8: eb34c28f22e8b96e1ab97ce403110664 -> 
  custom:audio-decoder-ogg-vorbis: bf7c407c2cedff20999df2af8eb42d56 -> 
  custom:scripting/monoscript/fileName/VertexJitter.cs: 6330f950b41eff6e5970f129864ecd6c -> d27eb5498e48714a66aece98da065133
  custom:scripting/monoscript/fileName/TextConsoleSimulator.cs: f2c8898b26c0cf2b0a1c7d12d99e6769 -> 33fc311abb20b5b0ed8f00e4d86b574e
  custom:scripting/monoscript/fileName/VertexColorCycler.cs: 135fb0ebdaf256193ccc08218c426c64 -> 5f984ca91cf3609293aecc6bc5641572
  custom:scripting/monoscript/fileName/TMP_FrameRateCounter.cs: 8afeb6f0251e063dcfff2bd827f92c62 -> 46f655df8cb483ac5958307137b1585a
  custom:scripting/monoscript/fileName/VertexShakeB.cs: 587e5b2aecc39120c2c9ff69742ce897 -> a6f78c4fcda1a29a1a1c1baefedba9e7
  custom:scripting/monoscript/fileName/TMP_UiFrameRateCounter.cs: 8fa3bcf761bb5076fd90d0361518d59c -> b01021aea19247f14a98ab338907956a
  custom:scripting/monoscript/fileName/TMPro_InstructionOverlay.cs: 194f3617683541355a9c6c8193e87b1c -> b626d2270e6ebd5c4311585c18b58d8d
  custom:scripting/monoscript/fileName/TMP_DigitValidator.cs: 4e5cde653ae28b90ab257e866c94dfce -> ac02af96215ae3951a3cce9e1a8c6085
  custom:audio-encoder-webm-vorbis: bf7c407c2cedff20999df2af8eb42d56 -> 
  custom:scripting/monoscript/fileName/Benchmark01_UGUI.cs: 52a24b07fcdd062ef495404efdb65870 -> 6148cfe2627b7708298f301788144139
  custom:scripting/precompiled-assembly-types:Assembly-CSharp: d6dbaa4c869d194b03c2f976e23ca9b2 -> f39d0e8e1a2bdc72903fb33acfa56b16
  custom:scripting/monoscript/fileName/Benchmark03.cs: 520976d641c2b7cf395e30b045f5a45d -> 17cc87e0529ac71d909a946afb47a274
========================================================================
Received Import Request.
  Time since last request: 141.294140 seconds.
  path: Assets/Crion/Scenes/ColorChange_Scene.unity
  artifactKey: Guid(9fc0d4010bbf28b4594072e72b8655ab) Importer(815301076,1909f56bfc062723c751e8b465ee728b)
Start importing Assets/Crion/Scenes/ColorChange_Scene.unity using Guid(9fc0d4010bbf28b4594072e72b8655ab) Importer(815301076,1909f56bfc062723c751e8b465ee728b) [PhysX] Initialized MultithreadedTaskDispatcher with 16 workers.
 -> (artifact id: 'd1452c681a223d49cdb14e26a7838355') in 0.002030 seconds
Number of updated asset objects reloaded before import = 0
Number of asset objects unloaded after import = 0
========================================================================
Received Prepare
Caller must complete domain reload
Begin MonoManager ReloadAssembly
- Loaded All Assemblies, in  0.450 seconds
Native extension for WindowsStandalone target not found
Native extension for Android target not found
Native extension for WebGL target not found
Mono: successfully reloaded assembly
- Finished resetting the current domain, in  1.012 seconds
Domain Reload Profiling: 1462ms
	BeginReloadAssembly (166ms)
		ExecutionOrderSort (0ms)
		DisableScriptedObjects (6ms)
		BackupInstance (0ms)
		ReleaseScriptingObjects (0ms)
		CreateAndSetChildDomain (42ms)
	RebuildCommonClasses (48ms)
	RebuildNativeTypeToScriptingClass (11ms)
	initialDomainReloadingComplete (26ms)
	LoadAllAssembliesAndSetupDomain (199ms)
		LoadAssemblies (271ms)
		RebuildTransferFunctionScriptingTraits (0ms)
		AnalyzeDomain (13ms)
			TypeCache.Refresh (6ms)
				TypeCache.ScanAssembly (0ms)
			ScanForSourceGeneratedMonoScriptInfo (0ms)
			ResolveRequiredComponents (6ms)
	FinalizeReload (1013ms)
		ReleaseScriptCaches (0ms)
		RebuildScriptCaches (0ms)
		SetupLoadedEditorAssemblies (562ms)
			LogAssemblyErrors (0ms)
			InitializePlatformSupportModulesInManaged (18ms)
			SetLoadedEditorAssemblies (4ms)
			RefreshPlugins (0ms)
			BeforeProcessingInitializeOnLoad (66ms)
			ProcessInitializeOnLoadAttributes (449ms)
			ProcessInitializeOnLoadMethodAttributes (21ms)
			AfterProcessingInitializeOnLoad (3ms)
			EditorAssembliesLoaded (0ms)
		ExecutionOrderSort2 (0ms)
		AwakeInstancesAfterBackupRestoration (7ms)
Refreshing native plugins compatible for Editor in 4.23 ms, found 6 plugins.
Preloading 0 native plugins for Editor in 0.00 ms.
Unloading 3342 Unused Serialized files (Serialized files now loaded: 0)
Unloading 14 unused Assets / (28.5 KB). Loaded Objects now: 3886.
Memory consumption went from 124.0 MB to 124.0 MB.
Total: 5.876600 ms (FindLiveObjects: 0.496200 ms CreateObjectMapping: 0.287900 ms MarkObjects: 5.022700 ms  DeleteObjects: 0.068000 ms)

Prepare: number of updated asset objects reloaded= 0
AssetImportParameters requested are different than current active one (requested -> active):
  custom:scripting/monoscript/fileName/SkewTextExample.cs: f96859e31fd6dde308d9dc2a2488dcff -> c142d02d70a129e0533975f7c2f96956
  custom:container-demuxer-ogg: 62fdf1f143b41e24485cea50d1cbac27 -> 
  custom:scripting/monoscript/fileName/TMP_TextEventHandler.cs: d0f86a17d6fd3e9995db934eaaf34f18 -> f5cd9d5a43bfefc8f4fec80e6de896a4
  custom:scripting/monoscript/fileName/TextMeshProFloatingText.cs: 5a37842f75734e7729f89af9a8145a1a -> 92608fa4a6315cd0786d82205e77b697
  custom:scripting/monoscript/fileName/VertexZoom.cs: 2da4737d79388c0362c64482e9ee50d2 -> 650ab1e81d40126e3edcf737cce646e4
  custom:video-codec-MediaFoundation-h265: 746d11721c4dcdbdad8f713fa42b33f4 -> 
  custom:scripting/monoscript/fileName/VertexShakeA.cs: 16900906a98712c9660b9823af1f2500 -> 63ec564c588058369499638dd899e05b
  custom:scripting/monoscript/fileName/TMP_ExampleScript_01.cs: 59997facf165601d8c6263ace2a973a5 -> a9d4be556104ff54e7d240529b3e01dc
  custom:video-decoder-ogg-theora: a1e56fd34408186e4bbccfd4996cb3dc -> 
  custom:scripting/monoscript/fileName/TMP_TextEventCheck.cs: 7ee93fce990cec7a5b67b504d0259dce -> 13505d917eab5868c435e0c2986dadfa
  custom:scripting/monoscript/fileName/TMP_TextSelector_B.cs: c0db108de9ffc9b6f619f3d00162b1c2 -> ba2be21a7486d37b1011342977a2e49d
  custom:scripting/monoscript/fileName/Benchmark01.cs: 1fef48c763f4be76a973f061699dd041 -> 2d3e2cd961730ab95f139a49a673bace
  custom:framework-win-MediaFoundation: 216162199b28c13a410421893ffa2e32 -> 
  custom:scripting/monoscript/fileName/Benchmark02.cs: 92dcd0c0a469d0c0690d8ca0bfe95e6f -> 5640963252ce70910e726415f869ced6
  custom:scripting/monoscript/fileName/DropdownSample.cs: b4fe7efb027fdd4854f643ad764daa8c -> 0a92251794e5f10400149f96c3c59e5d
  custom:scripting/monoscript/fileName/WarpTextExample.cs: c5431dac938081648a3a3ac553c1029b -> 2663459c266363641981c7d17b698d7f
  custom:CustomObjectIndexerAttribute: 9a22284fe3817be447336de3de66b15e -> 
  custom:container-demuxer-webm: 4f35f7cbe854078d1ac9338744f61a02 -> 
  custom:scripting/monoscript/fileName/MainMenuButton.cs: e28869a6863284e74946ac915bb193f6 -> 
  custom:scripting/monoscript/fileName/ChatController.cs: ff21b89493e3dffcbe018a2cc5a10bae -> 876d5ccae6e345dd5d9450eb0a748f16
  custom:scripting/monoscript/fileName/TextMeshSpawner.cs: c0f20e5855e88374db1098a5acc68df4 -> 76f28e2ddb031571e6ec62b018f65fa8
  custom:scripting/monoscript/fileName/TeleType.cs: c18e16db35615314900dbe198d0144e7 -> 31fa97821c4c70f157ec81d507aa6b62
  custom:scripting/monoscript/fileName/Benchmark04.cs: 86dfb70824307c4cf164687df2489226 -> 32220b148620e52aa81c13a114862bf4
  custom:container-muxer-webm: aa71ff27fc2769a1b78a27578f13a17b -> 
  custom:video-decoder-webm-vp8: 9c59270c3fd7afecdb556c50c9e8de78 -> 
  custom:scripting/monoscript/fileName/TMP_PhoneNumberValidator.cs: b4c1c54136dffeb4e2962027ebaa6b1f -> 7c3049f481e464c6a9a15dee56c3126f
  custom:SearchIndexIgnoredProperties: e643bd26f0fe6173181afceb89e7c659 -> 
  custom:AudioImporter_EditorPlatform: d09bf68614088b80899f8185d706f6e7 -> 
  custom:scripting/monoscript/fileName/EnvMapAnimator.cs: 08e040d459cd881082c0dd5daba5f85c -> 1b4f61c17e4b7283c3ac351aacff9d26
  custom:scripting/monoscript/fileName/ShaderPropAnimator.cs: 88b70bc5bbc15375387323f48f0661cf -> 55ce425812446482e623ff2695c94cb2
  custom:scripting/monoscript/fileName/SimpleScript.cs: dcd92cf7399b0d08e25e4a66ab57e91e -> 454caab0c6c050f29b39d82e1d66d0fa
  custom:scripting/monoscript/fileName/ObjectSpin.cs: b34dd4d17018731600f920d50ca840f7 -> 2b96bb2079dd7fa5108d981627a28e1e
  custom:scripting/monoscript/fileName/CameraController.cs: 8d43c2def3a67efed518259a2232b470 -> 34b6be4e23ce86dc89786916c5983296
  custom:scripting/monoscript/fileName/TMP_TextInfoDebugTool.cs: 7aad42023b6f5112c90650ae13bd6dd8 -> 3f1709cfb2cc628169113a35b5e9be3f
  custom:scripting/monoscript/fileName/TMP_TextSelector_A.cs: 088357b4acdc1e6288d897936d29c8d3 -> 347309a09d56e367b188a6978f75b424
  custom:video-encoder-webm-vp8: eb34c28f22e8b96e1ab97ce403110664 -> 
  custom:audio-decoder-ogg-vorbis: bf7c407c2cedff20999df2af8eb42d56 -> 
  custom:scripting/monoscript/fileName/VertexJitter.cs: 6330f950b41eff6e5970f129864ecd6c -> d27eb5498e48714a66aece98da065133
  custom:scripting/monoscript/fileName/TextConsoleSimulator.cs: f2c8898b26c0cf2b0a1c7d12d99e6769 -> 33fc311abb20b5b0ed8f00e4d86b574e
  custom:scripting/monoscript/fileName/VertexColorCycler.cs: 135fb0ebdaf256193ccc08218c426c64 -> 5f984ca91cf3609293aecc6bc5641572
  custom:scripting/monoscript/fileName/TMP_FrameRateCounter.cs: 8afeb6f0251e063dcfff2bd827f92c62 -> 46f655df8cb483ac5958307137b1585a
  custom:scripting/monoscript/fileName/VertexShakeB.cs: 587e5b2aecc39120c2c9ff69742ce897 -> a6f78c4fcda1a29a1a1c1baefedba9e7
  custom:scripting/monoscript/fileName/TMP_UiFrameRateCounter.cs: 8fa3bcf761bb5076fd90d0361518d59c -> b01021aea19247f14a98ab338907956a
  custom:scripting/monoscript/fileName/TMPro_InstructionOverlay.cs: 194f3617683541355a9c6c8193e87b1c -> b626d2270e6ebd5c4311585c18b58d8d
  custom:scripting/monoscript/fileName/TMP_DigitValidator.cs: 4e5cde653ae28b90ab257e866c94dfce -> ac02af96215ae3951a3cce9e1a8c6085
  custom:audio-encoder-webm-vorbis: bf7c407c2cedff20999df2af8eb42d56 -> 
  custom:scripting/monoscript/fileName/Benchmark01_UGUI.cs: 52a24b07fcdd062ef495404efdb65870 -> 6148cfe2627b7708298f301788144139
  custom:scripting/precompiled-assembly-types:Assembly-CSharp: d6dbaa4c869d194b03c2f976e23ca9b2 -> f39d0e8e1a2bdc72903fb33acfa56b16
  custom:scripting/monoscript/fileName/Benchmark03.cs: 520976d641c2b7cf395e30b045f5a45d -> 17cc87e0529ac71d909a946afb47a274
========================================================================
Received Import Request.
  Time since last request: 763.340408 seconds.
  path: Assets/Crion/Scenes/UI_NameInput.unity
  artifactKey: Guid(d328e1318ab31f1448d4b9943d6a5c16) Importer(815301076,1909f56bfc062723c751e8b465ee728b)
Start importing Assets/Crion/Scenes/UI_NameInput.unity using Guid(d328e1318ab31f1448d4b9943d6a5c16) Importer(815301076,1909f56bfc062723c751e8b465ee728b) [PhysX] Initialized MultithreadedTaskDispatcher with 16 workers.
 -> (artifact id: '8021f4a2c04961e411505695957d70c9') in 0.003339 seconds
Number of updated asset objects reloaded before import = 0
Number of asset objects unloaded after import = 0
========================================================================
Received Import Request.
  Time since last request: 127.781064 seconds.
  path: Assets/Crion/Scripts/Cube_Controller.cs
  artifactKey: Guid(10c3d3f701cc57d4dbc040eb9394c98f) Importer(815301076,1909f56bfc062723c751e8b465ee728b)
Start importing Assets/Crion/Scripts/Cube_Controller.cs using Guid(10c3d3f701cc57d4dbc040eb9394c98f) Importer(815301076,1909f56bfc062723c751e8b465ee728b) [PhysX] Initialized MultithreadedTaskDispatcher with 16 workers.
 -> (artifact id: 'ddec1273f6ef92552230d1cabcd59aef') in 0.000659 seconds
Number of updated asset objects reloaded before import = 0
Number of asset objects unloaded after import = 0
========================================================================
Received Prepare
Caller must complete domain reload
Begin MonoManager ReloadAssembly
- Loaded All Assemblies, in  0.691 seconds
Native extension for WindowsStandalone target not found
Native extension for Android target not found
Native extension for WebGL target not found
Mono: successfully reloaded assembly
- Finished resetting the current domain, in  1.451 seconds
Domain Reload Profiling: 2141ms
	BeginReloadAssembly (260ms)
		ExecutionOrderSort (0ms)
		DisableScriptedObjects (11ms)
		BackupInstance (0ms)
		ReleaseScriptingObjects (0ms)
		CreateAndSetChildDomain (54ms)
	RebuildCommonClasses (81ms)
	RebuildNativeTypeToScriptingClass (27ms)
	initialDomainReloadingComplete (49ms)
	LoadAllAssembliesAndSetupDomain (273ms)
		LoadAssemblies (394ms)
		RebuildTransferFunctionScriptingTraits (0ms)
		AnalyzeDomain (27ms)
			TypeCache.Refresh (10ms)
				TypeCache.ScanAssembly (1ms)
			ScanForSourceGeneratedMonoScriptInfo (8ms)
			ResolveRequiredComponents (7ms)
	FinalizeReload (1451ms)
		ReleaseScriptCaches (0ms)
		RebuildScriptCaches (0ms)
		SetupLoadedEditorAssemblies (805ms)
			LogAssemblyErrors (0ms)
			InitializePlatformSupportModulesInManaged (25ms)
			SetLoadedEditorAssemblies (6ms)
			RefreshPlugins (0ms)
			BeforeProcessingInitializeOnLoad (81ms)
			ProcessInitializeOnLoadAttributes (662ms)
			ProcessInitializeOnLoadMethodAttributes (29ms)
			AfterProcessingInitializeOnLoad (3ms)
			EditorAssembliesLoaded (0ms)
		ExecutionOrderSort2 (0ms)
		AwakeInstancesAfterBackupRestoration (8ms)
Refreshing native plugins compatible for Editor in 6.09 ms, found 6 plugins.
Preloading 0 native plugins for Editor in 0.00 ms.
Unloading 3343 Unused Serialized files (Serialized files now loaded: 0)
Unloading 14 unused Assets / (28.5 KB). Loaded Objects now: 3890.
Memory consumption went from 124.0 MB to 124.0 MB.
Total: 6.116500 ms (FindLiveObjects: 0.504700 ms CreateObjectMapping: 0.212000 ms MarkObjects: 5.333200 ms  DeleteObjects: 0.065100 ms)

Prepare: number of updated asset objects reloaded= 0
AssetImportParameters requested are different than current active one (requested -> active):
  custom:scripting/monoscript/fileName/SkewTextExample.cs: f96859e31fd6dde308d9dc2a2488dcff -> c142d02d70a129e0533975f7c2f96956
  custom:container-demuxer-ogg: 62fdf1f143b41e24485cea50d1cbac27 -> 
  custom:scripting/monoscript/fileName/TMP_TextEventHandler.cs: d0f86a17d6fd3e9995db934eaaf34f18 -> f5cd9d5a43bfefc8f4fec80e6de896a4
  custom:scripting/monoscript/fileName/TextMeshProFloatingText.cs: 5a37842f75734e7729f89af9a8145a1a -> 92608fa4a6315cd0786d82205e77b697
  custom:scripting/monoscript/fileName/VertexZoom.cs: 2da4737d79388c0362c64482e9ee50d2 -> 650ab1e81d40126e3edcf737cce646e4
  custom:video-codec-MediaFoundation-h265: 746d11721c4dcdbdad8f713fa42b33f4 -> 
  custom:scripting/monoscript/fileName/VertexShakeA.cs: 16900906a98712c9660b9823af1f2500 -> 63ec564c588058369499638dd899e05b
  custom:scripting/monoscript/fileName/TMP_ExampleScript_01.cs: 59997facf165601d8c6263ace2a973a5 -> a9d4be556104ff54e7d240529b3e01dc
  custom:video-decoder-ogg-theora: a1e56fd34408186e4bbccfd4996cb3dc -> 
  custom:scripting/monoscript/fileName/TMP_TextEventCheck.cs: 7ee93fce990cec7a5b67b504d0259dce -> 13505d917eab5868c435e0c2986dadfa
  custom:scripting/monoscript/fileName/TMP_TextSelector_B.cs: c0db108de9ffc9b6f619f3d00162b1c2 -> ba2be21a7486d37b1011342977a2e49d
  custom:scripting/monoscript/fileName/Benchmark01.cs: 1fef48c763f4be76a973f061699dd041 -> 2d3e2cd961730ab95f139a49a673bace
  custom:framework-win-MediaFoundation: 216162199b28c13a410421893ffa2e32 -> 
  custom:scripting/monoscript/fileName/Benchmark02.cs: 92dcd0c0a469d0c0690d8ca0bfe95e6f -> 5640963252ce70910e726415f869ced6
  custom:scripting/monoscript/fileName/DropdownSample.cs: b4fe7efb027fdd4854f643ad764daa8c -> 0a92251794e5f10400149f96c3c59e5d
  custom:scripting/monoscript/fileName/WarpTextExample.cs: c5431dac938081648a3a3ac553c1029b -> 2663459c266363641981c7d17b698d7f
  custom:CustomObjectIndexerAttribute: 9a22284fe3817be447336de3de66b15e -> 
  custom:container-demuxer-webm: 4f35f7cbe854078d1ac9338744f61a02 -> 
  custom:scripting/monoscript/fileName/MainMenuButton.cs: e28869a6863284e74946ac915bb193f6 -> 
  custom:scripting/monoscript/fileName/ChatController.cs: ff21b89493e3dffcbe018a2cc5a10bae -> 876d5ccae6e345dd5d9450eb0a748f16
  custom:scripting/monoscript/fileName/TextMeshSpawner.cs: c0f20e5855e88374db1098a5acc68df4 -> 76f28e2ddb031571e6ec62b018f65fa8
  custom:scripting/monoscript/fileName/TeleType.cs: c18e16db35615314900dbe198d0144e7 -> 31fa97821c4c70f157ec81d507aa6b62
  custom:scripting/monoscript/fileName/Benchmark04.cs: 86dfb70824307c4cf164687df2489226 -> 32220b148620e52aa81c13a114862bf4
  custom:container-muxer-webm: aa71ff27fc2769a1b78a27578f13a17b -> 
  custom:video-decoder-webm-vp8: 9c59270c3fd7afecdb556c50c9e8de78 -> 
  custom:scripting/monoscript/fileName/TMP_PhoneNumberValidator.cs: b4c1c54136dffeb4e2962027ebaa6b1f -> 7c3049f481e464c6a9a15dee56c3126f
  custom:SearchIndexIgnoredProperties: e643bd26f0fe6173181afceb89e7c659 -> 
  custom:AudioImporter_EditorPlatform: d09bf68614088b80899f8185d706f6e7 -> 
  custom:scripting/monoscript/fileName/EnvMapAnimator.cs: 08e040d459cd881082c0dd5daba5f85c -> 1b4f61c17e4b7283c3ac351aacff9d26
  custom:scripting/monoscript/fileName/ShaderPropAnimator.cs: 88b70bc5bbc15375387323f48f0661cf -> 55ce425812446482e623ff2695c94cb2
  custom:scripting/monoscript/fileName/SimpleScript.cs: dcd92cf7399b0d08e25e4a66ab57e91e -> 454caab0c6c050f29b39d82e1d66d0fa
  custom:scripting/monoscript/fileName/ObjectSpin.cs: b34dd4d17018731600f920d50ca840f7 -> 2b96bb2079dd7fa5108d981627a28e1e
  custom:scripting/monoscript/fileName/CameraController.cs: 8d43c2def3a67efed518259a2232b470 -> 34b6be4e23ce86dc89786916c5983296
  custom:scripting/monoscript/fileName/TMP_TextInfoDebugTool.cs: 7aad42023b6f5112c90650ae13bd6dd8 -> 3f1709cfb2cc628169113a35b5e9be3f
  custom:scripting/monoscript/fileName/TMP_TextSelector_A.cs: 088357b4acdc1e6288d897936d29c8d3 -> 347309a09d56e367b188a6978f75b424
  custom:video-encoder-webm-vp8: eb34c28f22e8b96e1ab97ce403110664 -> 
  custom:audio-decoder-ogg-vorbis: bf7c407c2cedff20999df2af8eb42d56 -> 
  custom:scripting/monoscript/fileName/VertexJitter.cs: 6330f950b41eff6e5970f129864ecd6c -> d27eb5498e48714a66aece98da065133
  custom:scripting/monoscript/fileName/TextConsoleSimulator.cs: f2c8898b26c0cf2b0a1c7d12d99e6769 -> 33fc311abb20b5b0ed8f00e4d86b574e
  custom:scripting/monoscript/fileName/VertexColorCycler.cs: 135fb0ebdaf256193ccc08218c426c64 -> 5f984ca91cf3609293aecc6bc5641572
  custom:scripting/monoscript/fileName/TMP_FrameRateCounter.cs: 8afeb6f0251e063dcfff2bd827f92c62 -> 46f655df8cb483ac5958307137b1585a
  custom:scripting/monoscript/fileName/VertexShakeB.cs: 587e5b2aecc39120c2c9ff69742ce897 -> a6f78c4fcda1a29a1a1c1baefedba9e7
  custom:scripting/monoscript/fileName/TMP_UiFrameRateCounter.cs: 8fa3bcf761bb5076fd90d0361518d59c -> b01021aea19247f14a98ab338907956a
  custom:scripting/monoscript/fileName/TMPro_InstructionOverlay.cs: 194f3617683541355a9c6c8193e87b1c -> b626d2270e6ebd5c4311585c18b58d8d
  custom:scripting/monoscript/fileName/TMP_DigitValidator.cs: 4e5cde653ae28b90ab257e866c94dfce -> ac02af96215ae3951a3cce9e1a8c6085
  custom:audio-encoder-webm-vorbis: bf7c407c2cedff20999df2af8eb42d56 -> 
  custom:scripting/monoscript/fileName/Cube_Controller.cs: acd00592fa72aff7217b78bae7072f77 -> 
  custom:scripting/monoscript/fileName/Benchmark01_UGUI.cs: 52a24b07fcdd062ef495404efdb65870 -> 6148cfe2627b7708298f301788144139
  custom:scripting/precompiled-assembly-types:Assembly-CSharp: 754cd9f06af01cd0a75bb0e26b5e1d58 -> f39d0e8e1a2bdc72903fb33acfa56b16
  custom:scripting/monoscript/fileName/Benchmark03.cs: 520976d641c2b7cf395e30b045f5a45d -> 17cc87e0529ac71d909a946afb47a274
========================================================================
Received Prepare
Caller must complete domain reload
Begin MonoManager ReloadAssembly
- Loaded All Assemblies, in  0.405 seconds
Native extension for WindowsStandalone target not found
Native extension for Android target not found
Native extension for WebGL target not found
Mono: successfully reloaded assembly
- Finished resetting the current domain, in  1.019 seconds
Domain Reload Profiling: 1424ms
	BeginReloadAssembly (157ms)
		ExecutionOrderSort (0ms)
		DisableScriptedObjects (5ms)
		BackupInstance (0ms)
		ReleaseScriptingObjects (0ms)
		CreateAndSetChildDomain (34ms)
	RebuildCommonClasses (32ms)
	RebuildNativeTypeToScriptingClass (10ms)
	initialDomainReloadingComplete (30ms)
	LoadAllAssembliesAndSetupDomain (176ms)
		LoadAssemblies (247ms)
		RebuildTransferFunctionScriptingTraits (0ms)
		AnalyzeDomain (20ms)
			TypeCache.Refresh (8ms)
				TypeCache.ScanAssembly (1ms)
			ScanForSourceGeneratedMonoScriptInfo (5ms)
			ResolveRequiredComponents (4ms)
	FinalizeReload (1019ms)
		ReleaseScriptCaches (0ms)
		RebuildScriptCaches (0ms)
		SetupLoadedEditorAssemblies (562ms)
			LogAssemblyErrors (0ms)
			InitializePlatformSupportModulesInManaged (15ms)
			SetLoadedEditorAssemblies (5ms)
			RefreshPlugins (0ms)
			BeforeProcessingInitializeOnLoad (59ms)
			ProcessInitializeOnLoadAttributes (459ms)
			ProcessInitializeOnLoadMethodAttributes (20ms)
			AfterProcessingInitializeOnLoad (3ms)
			EditorAssembliesLoaded (0ms)
		ExecutionOrderSort2 (0ms)
		AwakeInstancesAfterBackupRestoration (8ms)
Refreshing native plugins compatible for Editor in 6.38 ms, found 6 plugins.
Preloading 0 native plugins for Editor in 0.00 ms.
Unloading 3344 Unused Serialized files (Serialized files now loaded: 0)
Unloading 14 unused Assets / (28.5 KB). Loaded Objects now: 3893.
Memory consumption went from 124.3 MB to 124.2 MB.
Total: 7.935700 ms (FindLiveObjects: 0.587100 ms CreateObjectMapping: 0.241400 ms MarkObjects: 7.024500 ms  DeleteObjects: 0.081200 ms)

Prepare: number of updated asset objects reloaded= 0
AssetImportParameters requested are different than current active one (requested -> active):
  custom:scripting/monoscript/fileName/SkewTextExample.cs: f96859e31fd6dde308d9dc2a2488dcff -> c142d02d70a129e0533975f7c2f96956
  custom:container-demuxer-ogg: 62fdf1f143b41e24485cea50d1cbac27 -> 
  custom:scripting/monoscript/fileName/TMP_TextEventHandler.cs: d0f86a17d6fd3e9995db934eaaf34f18 -> f5cd9d5a43bfefc8f4fec80e6de896a4
  custom:scripting/monoscript/fileName/TextMeshProFloatingText.cs: 5a37842f75734e7729f89af9a8145a1a -> 92608fa4a6315cd0786d82205e77b697
  custom:scripting/monoscript/fileName/VertexZoom.cs: 2da4737d79388c0362c64482e9ee50d2 -> 650ab1e81d40126e3edcf737cce646e4
  custom:video-codec-MediaFoundation-h265: 746d11721c4dcdbdad8f713fa42b33f4 -> 
  custom:scripting/monoscript/fileName/VertexShakeA.cs: 16900906a98712c9660b9823af1f2500 -> 63ec564c588058369499638dd899e05b
  custom:scripting/monoscript/fileName/TMP_ExampleScript_01.cs: 59997facf165601d8c6263ace2a973a5 -> a9d4be556104ff54e7d240529b3e01dc
  custom:video-decoder-ogg-theora: a1e56fd34408186e4bbccfd4996cb3dc -> 
  custom:scripting/monoscript/fileName/TMP_TextEventCheck.cs: 7ee93fce990cec7a5b67b504d0259dce -> 13505d917eab5868c435e0c2986dadfa
  custom:scripting/monoscript/fileName/TMP_TextSelector_B.cs: c0db108de9ffc9b6f619f3d00162b1c2 -> ba2be21a7486d37b1011342977a2e49d
  custom:scripting/monoscript/fileName/Benchmark01.cs: 1fef48c763f4be76a973f061699dd041 -> 2d3e2cd961730ab95f139a49a673bace
  custom:framework-win-MediaFoundation: 216162199b28c13a410421893ffa2e32 -> 
  custom:scripting/monoscript/fileName/Benchmark02.cs: 92dcd0c0a469d0c0690d8ca0bfe95e6f -> 5640963252ce70910e726415f869ced6
  custom:scripting/monoscript/fileName/DropdownSample.cs: b4fe7efb027fdd4854f643ad764daa8c -> 0a92251794e5f10400149f96c3c59e5d
  custom:scripting/monoscript/fileName/WarpTextExample.cs: c5431dac938081648a3a3ac553c1029b -> 2663459c266363641981c7d17b698d7f
  custom:CustomObjectIndexerAttribute: 9a22284fe3817be447336de3de66b15e -> 
  custom:container-demuxer-webm: 4f35f7cbe854078d1ac9338744f61a02 -> 
  custom:scripting/monoscript/fileName/MainMenuButton.cs: e28869a6863284e74946ac915bb193f6 -> 
  custom:scripting/monoscript/fileName/ChatController.cs: ff21b89493e3dffcbe018a2cc5a10bae -> 876d5ccae6e345dd5d9450eb0a748f16
  custom:scripting/monoscript/fileName/TextMeshSpawner.cs: c0f20e5855e88374db1098a5acc68df4 -> 76f28e2ddb031571e6ec62b018f65fa8
  custom:scripting/monoscript/fileName/TeleType.cs: c18e16db35615314900dbe198d0144e7 -> 31fa97821c4c70f157ec81d507aa6b62
  custom:scripting/monoscript/fileName/Benchmark04.cs: 86dfb70824307c4cf164687df2489226 -> 32220b148620e52aa81c13a114862bf4
  custom:container-muxer-webm: aa71ff27fc2769a1b78a27578f13a17b -> 
  custom:video-decoder-webm-vp8: 9c59270c3fd7afecdb556c50c9e8de78 -> 
  custom:scripting/monoscript/fileName/TMP_PhoneNumberValidator.cs: b4c1c54136dffeb4e2962027ebaa6b1f -> 7c3049f481e464c6a9a15dee56c3126f
  custom:SearchIndexIgnoredProperties: e643bd26f0fe6173181afceb89e7c659 -> 
  custom:AudioImporter_EditorPlatform: d09bf68614088b80899f8185d706f6e7 -> 
  custom:scripting/monoscript/fileName/EnvMapAnimator.cs: 08e040d459cd881082c0dd5daba5f85c -> 1b4f61c17e4b7283c3ac351aacff9d26
  custom:scripting/monoscript/fileName/ShaderPropAnimator.cs: 88b70bc5bbc15375387323f48f0661cf -> 55ce425812446482e623ff2695c94cb2
  custom:scripting/monoscript/fileName/SimpleScript.cs: dcd92cf7399b0d08e25e4a66ab57e91e -> 454caab0c6c050f29b39d82e1d66d0fa
  custom:scripting/monoscript/fileName/ObjectSpin.cs: b34dd4d17018731600f920d50ca840f7 -> 2b96bb2079dd7fa5108d981627a28e1e
  custom:scripting/monoscript/fileName/CameraController.cs: 8d43c2def3a67efed518259a2232b470 -> 34b6be4e23ce86dc89786916c5983296
  custom:scripting/monoscript/fileName/TMP_TextInfoDebugTool.cs: 7aad42023b6f5112c90650ae13bd6dd8 -> 3f1709cfb2cc628169113a35b5e9be3f
  custom:scripting/monoscript/fileName/TMP_TextSelector_A.cs: 088357b4acdc1e6288d897936d29c8d3 -> 347309a09d56e367b188a6978f75b424
  custom:video-encoder-webm-vp8: eb34c28f22e8b96e1ab97ce403110664 -> 
  custom:audio-decoder-ogg-vorbis: bf7c407c2cedff20999df2af8eb42d56 -> 
  custom:scripting/monoscript/fileName/VertexJitter.cs: 6330f950b41eff6e5970f129864ecd6c -> d27eb5498e48714a66aece98da065133
  custom:scripting/monoscript/fileName/TextConsoleSimulator.cs: f2c8898b26c0cf2b0a1c7d12d99e6769 -> 33fc311abb20b5b0ed8f00e4d86b574e
  custom:scripting/monoscript/fileName/VertexColorCycler.cs: 135fb0ebdaf256193ccc08218c426c64 -> 5f984ca91cf3609293aecc6bc5641572
  custom:scripting/monoscript/fileName/TMP_FrameRateCounter.cs: 8afeb6f0251e063dcfff2bd827f92c62 -> 46f655df8cb483ac5958307137b1585a
  custom:scripting/monoscript/fileName/VertexShakeB.cs: 587e5b2aecc39120c2c9ff69742ce897 -> a6f78c4fcda1a29a1a1c1baefedba9e7
  custom:scripting/monoscript/fileName/TMP_UiFrameRateCounter.cs: 8fa3bcf761bb5076fd90d0361518d59c -> b01021aea19247f14a98ab338907956a
  custom:scripting/monoscript/fileName/TMPro_InstructionOverlay.cs: 194f3617683541355a9c6c8193e87b1c -> b626d2270e6ebd5c4311585c18b58d8d
  custom:scripting/monoscript/fileName/TMP_DigitValidator.cs: 4e5cde653ae28b90ab257e866c94dfce -> ac02af96215ae3951a3cce9e1a8c6085
  custom:audio-encoder-webm-vorbis: bf7c407c2cedff20999df2af8eb42d56 -> 
  custom:scripting/monoscript/fileName/Cube_Controller.cs: acd00592fa72aff7217b78bae7072f77 -> 
  custom:scripting/monoscript/fileName/Benchmark01_UGUI.cs: 52a24b07fcdd062ef495404efdb65870 -> 6148cfe2627b7708298f301788144139
  custom:scripting/precompiled-assembly-types:Assembly-CSharp: 754cd9f06af01cd0a75bb0e26b5e1d58 -> f39d0e8e1a2bdc72903fb33acfa56b16
  custom:scripting/monoscript/fileName/Benchmark03.cs: 520976d641c2b7cf395e30b045f5a45d -> 17cc87e0529ac71d909a946afb47a274
========================================================================
Received Prepare
Caller must complete domain reload
Begin MonoManager ReloadAssembly
- Loaded All Assemblies, in  0.762 seconds
Native extension for WindowsStandalone target not found
Native extension for Android target not found
Native extension for WebGL target not found
Mono: successfully reloaded assembly
- Finished resetting the current domain, in  1.997 seconds
Domain Reload Profiling: 2758ms
	BeginReloadAssembly (264ms)
		ExecutionOrderSort (0ms)
		DisableScriptedObjects (11ms)
		BackupInstance (0ms)
		ReleaseScriptingObjects (0ms)
		CreateAndSetChildDomain (55ms)
	RebuildCommonClasses (81ms)
	RebuildNativeTypeToScriptingClass (24ms)
	initialDomainReloadingComplete (57ms)
	LoadAllAssembliesAndSetupDomain (334ms)
		LoadAssemblies (445ms)
		RebuildTransferFunctionScriptingTraits (0ms)
		AnalyzeDomain (39ms)
			TypeCache.Refresh (14ms)
				TypeCache.ScanAssembly (1ms)
			ScanForSourceGeneratedMonoScriptInfo (14ms)
			ResolveRequiredComponents (9ms)
	FinalizeReload (1998ms)
		ReleaseScriptCaches (0ms)
		RebuildScriptCaches (0ms)
		SetupLoadedEditorAssemblies (1079ms)
			LogAssemblyErrors (0ms)
			InitializePlatformSupportModulesInManaged (35ms)
			SetLoadedEditorAssemblies (9ms)
			RefreshPlugins (0ms)
			BeforeProcessingInitializeOnLoad (102ms)
			ProcessInitializeOnLoadAttributes (893ms)
			ProcessInitializeOnLoadMethodAttributes (33ms)
			AfterProcessingInitializeOnLoad (5ms)
			EditorAssembliesLoaded (0ms)
		ExecutionOrderSort2 (0ms)
		AwakeInstancesAfterBackupRestoration (13ms)
Refreshing native plugins compatible for Editor in 5.25 ms, found 6 plugins.
Preloading 0 native plugins for Editor in 0.00 ms.
Unloading 3344 Unused Serialized files (Serialized files now loaded: 0)
Unloading 14 unused Assets / (28.5 KB). Loaded Objects now: 3896.
Memory consumption went from 124.3 MB to 124.2 MB.
Total: 7.342800 ms (FindLiveObjects: 0.570200 ms CreateObjectMapping: 0.190000 ms MarkObjects: 6.502300 ms  DeleteObjects: 0.078600 ms)

Prepare: number of updated asset objects reloaded= 0
AssetImportParameters requested are different than current active one (requested -> active):
  custom:scripting/monoscript/fileName/SkewTextExample.cs: f96859e31fd6dde308d9dc2a2488dcff -> c142d02d70a129e0533975f7c2f96956
  custom:container-demuxer-ogg: 62fdf1f143b41e24485cea50d1cbac27 -> 
  custom:scripting/monoscript/fileName/TMP_TextEventHandler.cs: d0f86a17d6fd3e9995db934eaaf34f18 -> f5cd9d5a43bfefc8f4fec80e6de896a4
  custom:scripting/monoscript/fileName/TextMeshProFloatingText.cs: 5a37842f75734e7729f89af9a8145a1a -> 92608fa4a6315cd0786d82205e77b697
  custom:scripting/monoscript/fileName/VertexZoom.cs: 2da4737d79388c0362c64482e9ee50d2 -> 650ab1e81d40126e3edcf737cce646e4
  custom:video-codec-MediaFoundation-h265: 746d11721c4dcdbdad8f713fa42b33f4 -> 
  custom:scripting/monoscript/fileName/VertexShakeA.cs: 16900906a98712c9660b9823af1f2500 -> 63ec564c588058369499638dd899e05b
  custom:scripting/monoscript/fileName/TMP_ExampleScript_01.cs: 59997facf165601d8c6263ace2a973a5 -> a9d4be556104ff54e7d240529b3e01dc
  custom:video-decoder-ogg-theora: a1e56fd34408186e4bbccfd4996cb3dc -> 
  custom:scripting/monoscript/fileName/TMP_TextEventCheck.cs: 7ee93fce990cec7a5b67b504d0259dce -> 13505d917eab5868c435e0c2986dadfa
  custom:scripting/monoscript/fileName/TMP_TextSelector_B.cs: c0db108de9ffc9b6f619f3d00162b1c2 -> ba2be21a7486d37b1011342977a2e49d
  custom:scripting/monoscript/fileName/Benchmark01.cs: 1fef48c763f4be76a973f061699dd041 -> 2d3e2cd961730ab95f139a49a673bace
  custom:framework-win-MediaFoundation: 216162199b28c13a410421893ffa2e32 -> 
  custom:scripting/monoscript/fileName/Benchmark02.cs: 92dcd0c0a469d0c0690d8ca0bfe95e6f -> 5640963252ce70910e726415f869ced6
  custom:scripting/monoscript/fileName/DropdownSample.cs: b4fe7efb027fdd4854f643ad764daa8c -> 0a92251794e5f10400149f96c3c59e5d
  custom:scripting/monoscript/fileName/WarpTextExample.cs: c5431dac938081648a3a3ac553c1029b -> 2663459c266363641981c7d17b698d7f
  custom:CustomObjectIndexerAttribute: 9a22284fe3817be447336de3de66b15e -> 
  custom:container-demuxer-webm: 4f35f7cbe854078d1ac9338744f61a02 -> 
  custom:scripting/monoscript/fileName/MainMenuButton.cs: e28869a6863284e74946ac915bb193f6 -> 
  custom:scripting/monoscript/fileName/ChatController.cs: ff21b89493e3dffcbe018a2cc5a10bae -> 876d5ccae6e345dd5d9450eb0a748f16
  custom:scripting/monoscript/fileName/TextMeshSpawner.cs: c0f20e5855e88374db1098a5acc68df4 -> 76f28e2ddb031571e6ec62b018f65fa8
  custom:scripting/monoscript/fileName/TeleType.cs: c18e16db35615314900dbe198d0144e7 -> 31fa97821c4c70f157ec81d507aa6b62
  custom:scripting/monoscript/fileName/Benchmark04.cs: 86dfb70824307c4cf164687df2489226 -> 32220b148620e52aa81c13a114862bf4
  custom:container-muxer-webm: aa71ff27fc2769a1b78a27578f13a17b -> 
  custom:video-decoder-webm-vp8: 9c59270c3fd7afecdb556c50c9e8de78 -> 
  custom:scripting/monoscript/fileName/TMP_PhoneNumberValidator.cs: b4c1c54136dffeb4e2962027ebaa6b1f -> 7c3049f481e464c6a9a15dee56c3126f
  custom:SearchIndexIgnoredProperties: e643bd26f0fe6173181afceb89e7c659 -> 
  custom:AudioImporter_EditorPlatform: d09bf68614088b80899f8185d706f6e7 -> 
  custom:scripting/monoscript/fileName/EnvMapAnimator.cs: 08e040d459cd881082c0dd5daba5f85c -> 1b4f61c17e4b7283c3ac351aacff9d26
  custom:scripting/monoscript/fileName/ShaderPropAnimator.cs: 88b70bc5bbc15375387323f48f0661cf -> 55ce425812446482e623ff2695c94cb2
  custom:scripting/monoscript/fileName/SimpleScript.cs: dcd92cf7399b0d08e25e4a66ab57e91e -> 454caab0c6c050f29b39d82e1d66d0fa
  custom:scripting/monoscript/fileName/ObjectSpin.cs: b34dd4d17018731600f920d50ca840f7 -> 2b96bb2079dd7fa5108d981627a28e1e
  custom:scripting/monoscript/fileName/CameraController.cs: 8d43c2def3a67efed518259a2232b470 -> 34b6be4e23ce86dc89786916c5983296
  custom:scripting/monoscript/fileName/TMP_TextInfoDebugTool.cs: 7aad42023b6f5112c90650ae13bd6dd8 -> 3f1709cfb2cc628169113a35b5e9be3f
  custom:scripting/monoscript/fileName/TMP_TextSelector_A.cs: 088357b4acdc1e6288d897936d29c8d3 -> 347309a09d56e367b188a6978f75b424
  custom:video-encoder-webm-vp8: eb34c28f22e8b96e1ab97ce403110664 -> 
  custom:audio-decoder-ogg-vorbis: bf7c407c2cedff20999df2af8eb42d56 -> 
  custom:scripting/monoscript/fileName/VertexJitter.cs: 6330f950b41eff6e5970f129864ecd6c -> d27eb5498e48714a66aece98da065133
  custom:scripting/monoscript/fileName/TextConsoleSimulator.cs: f2c8898b26c0cf2b0a1c7d12d99e6769 -> 33fc311abb20b5b0ed8f00e4d86b574e
  custom:scripting/monoscript/fileName/VertexColorCycler.cs: 135fb0ebdaf256193ccc08218c426c64 -> 5f984ca91cf3609293aecc6bc5641572
  custom:scripting/monoscript/fileName/TMP_FrameRateCounter.cs: 8afeb6f0251e063dcfff2bd827f92c62 -> 46f655df8cb483ac5958307137b1585a
  custom:scripting/monoscript/fileName/VertexShakeB.cs: 587e5b2aecc39120c2c9ff69742ce897 -> a6f78c4fcda1a29a1a1c1baefedba9e7
  custom:scripting/monoscript/fileName/TMP_UiFrameRateCounter.cs: 8fa3bcf761bb5076fd90d0361518d59c -> b01021aea19247f14a98ab338907956a
  custom:scripting/monoscript/fileName/TMPro_InstructionOverlay.cs: 194f3617683541355a9c6c8193e87b1c -> b626d2270e6ebd5c4311585c18b58d8d
  custom:scripting/monoscript/fileName/TMP_DigitValidator.cs: 4e5cde653ae28b90ab257e866c94dfce -> ac02af96215ae3951a3cce9e1a8c6085
  custom:audio-encoder-webm-vorbis: bf7c407c2cedff20999df2af8eb42d56 -> 
  custom:scripting/monoscript/fileName/Cube_Controller.cs: acd00592fa72aff7217b78bae7072f77 -> 
  custom:scripting/monoscript/fileName/Benchmark01_UGUI.cs: 52a24b07fcdd062ef495404efdb65870 -> 6148cfe2627b7708298f301788144139
  custom:scripting/precompiled-assembly-types:Assembly-CSharp: 754cd9f06af01cd0a75bb0e26b5e1d58 -> f39d0e8e1a2bdc72903fb33acfa56b16
  custom:scripting/monoscript/fileName/Benchmark03.cs: 520976d641c2b7cf395e30b045f5a45d -> 17cc87e0529ac71d909a946afb47a274
========================================================================
Received Prepare
Caller must complete domain reload
Begin MonoManager ReloadAssembly
- Loaded All Assemblies, in  0.784 seconds
Native extension for WindowsStandalone target not found
Native extension for Android target not found
Native extension for WebGL target not found
Mono: successfully reloaded assembly
- Finished resetting the current domain, in  2.023 seconds
Domain Reload Profiling: 2806ms
	BeginReloadAssembly (266ms)
		ExecutionOrderSort (0ms)
		DisableScriptedObjects (14ms)
		BackupInstance (0ms)
		ReleaseScriptingObjects (0ms)
		CreateAndSetChildDomain (53ms)
	RebuildCommonClasses (71ms)
	RebuildNativeTypeToScriptingClass (21ms)
	initialDomainReloadingComplete (47ms)
	LoadAllAssembliesAndSetupDomain (377ms)
		LoadAssemblies (483ms)
		RebuildTransferFunctionScriptingTraits (0ms)
		AnalyzeDomain (46ms)
			TypeCache.Refresh (16ms)
				TypeCache.ScanAssembly (2ms)
			ScanForSourceGeneratedMonoScriptInfo (15ms)
			ResolveRequiredComponents (12ms)
	FinalizeReload (2024ms)
		ReleaseScriptCaches (0ms)
		RebuildScriptCaches (0ms)
		SetupLoadedEditorAssemblies (1108ms)
			LogAssemblyErrors (0ms)
			InitializePlatformSupportModulesInManaged (38ms)
			SetLoadedEditorAssemblies (10ms)
			RefreshPlugins (0ms)
			BeforeProcessingInitializeOnLoad (123ms)
			ProcessInitializeOnLoadAttributes (898ms)
			ProcessInitializeOnLoadMethodAttributes (35ms)
			AfterProcessingInitializeOnLoad (3ms)
			EditorAssembliesLoaded (0ms)
		ExecutionOrderSort2 (0ms)
		AwakeInstancesAfterBackupRestoration (13ms)
Refreshing native plugins compatible for Editor in 6.52 ms, found 6 plugins.
Preloading 0 native plugins for Editor in 0.00 ms.
Unloading 3344 Unused Serialized files (Serialized files now loaded: 0)
Unloading 14 unused Assets / (28.5 KB). Loaded Objects now: 3899.
Memory consumption went from 124.3 MB to 124.2 MB.
Total: 6.723600 ms (FindLiveObjects: 0.548800 ms CreateObjectMapping: 0.175700 ms MarkObjects: 5.920000 ms  DeleteObjects: 0.078000 ms)

Prepare: number of updated asset objects reloaded= 0
AssetImportParameters requested are different than current active one (requested -> active):
  custom:scripting/monoscript/fileName/SkewTextExample.cs: f96859e31fd6dde308d9dc2a2488dcff -> c142d02d70a129e0533975f7c2f96956
  custom:container-demuxer-ogg: 62fdf1f143b41e24485cea50d1cbac27 -> 
  custom:scripting/monoscript/fileName/TMP_TextEventHandler.cs: d0f86a17d6fd3e9995db934eaaf34f18 -> f5cd9d5a43bfefc8f4fec80e6de896a4
  custom:scripting/monoscript/fileName/TextMeshProFloatingText.cs: 5a37842f75734e7729f89af9a8145a1a -> 92608fa4a6315cd0786d82205e77b697
  custom:scripting/monoscript/fileName/VertexZoom.cs: 2da4737d79388c0362c64482e9ee50d2 -> 650ab1e81d40126e3edcf737cce646e4
  custom:video-codec-MediaFoundation-h265: 746d11721c4dcdbdad8f713fa42b33f4 -> 
  custom:scripting/monoscript/fileName/VertexShakeA.cs: 16900906a98712c9660b9823af1f2500 -> 63ec564c588058369499638dd899e05b
  custom:scripting/monoscript/fileName/TMP_ExampleScript_01.cs: 59997facf165601d8c6263ace2a973a5 -> a9d4be556104ff54e7d240529b3e01dc
  custom:video-decoder-ogg-theora: a1e56fd34408186e4bbccfd4996cb3dc -> 
  custom:scripting/monoscript/fileName/TMP_TextEventCheck.cs: 7ee93fce990cec7a5b67b504d0259dce -> 13505d917eab5868c435e0c2986dadfa
  custom:scripting/monoscript/fileName/TMP_TextSelector_B.cs: c0db108de9ffc9b6f619f3d00162b1c2 -> ba2be21a7486d37b1011342977a2e49d
  custom:scripting/monoscript/fileName/Benchmark01.cs: 1fef48c763f4be76a973f061699dd041 -> 2d3e2cd961730ab95f139a49a673bace
  custom:framework-win-MediaFoundation: 216162199b28c13a410421893ffa2e32 -> 
  custom:scripting/monoscript/fileName/Benchmark02.cs: 92dcd0c0a469d0c0690d8ca0bfe95e6f -> 5640963252ce70910e726415f869ced6
  custom:scripting/monoscript/fileName/DropdownSample.cs: b4fe7efb027fdd4854f643ad764daa8c -> 0a92251794e5f10400149f96c3c59e5d
  custom:scripting/monoscript/fileName/WarpTextExample.cs: c5431dac938081648a3a3ac553c1029b -> 2663459c266363641981c7d17b698d7f
  custom:CustomObjectIndexerAttribute: 9a22284fe3817be447336de3de66b15e -> 
  custom:container-demuxer-webm: 4f35f7cbe854078d1ac9338744f61a02 -> 
  custom:scripting/monoscript/fileName/MainMenuButton.cs: e28869a6863284e74946ac915bb193f6 -> 
  custom:scripting/monoscript/fileName/ChatController.cs: ff21b89493e3dffcbe018a2cc5a10bae -> 876d5ccae6e345dd5d9450eb0a748f16
  custom:scripting/monoscript/fileName/TextMeshSpawner.cs: c0f20e5855e88374db1098a5acc68df4 -> 76f28e2ddb031571e6ec62b018f65fa8
  custom:scripting/monoscript/fileName/TeleType.cs: c18e16db35615314900dbe198d0144e7 -> 31fa97821c4c70f157ec81d507aa6b62
  custom:scripting/monoscript/fileName/Benchmark04.cs: 86dfb70824307c4cf164687df2489226 -> 32220b148620e52aa81c13a114862bf4
  custom:container-muxer-webm: aa71ff27fc2769a1b78a27578f13a17b -> 
  custom:video-decoder-webm-vp8: 9c59270c3fd7afecdb556c50c9e8de78 -> 
  custom:scripting/monoscript/fileName/TMP_PhoneNumberValidator.cs: b4c1c54136dffeb4e2962027ebaa6b1f -> 7c3049f481e464c6a9a15dee56c3126f
  custom:SearchIndexIgnoredProperties: e643bd26f0fe6173181afceb89e7c659 -> 
  custom:AudioImporter_EditorPlatform: d09bf68614088b80899f8185d706f6e7 -> 
  custom:scripting/monoscript/fileName/EnvMapAnimator.cs: 08e040d459cd881082c0dd5daba5f85c -> 1b4f61c17e4b7283c3ac351aacff9d26
  custom:scripting/monoscript/fileName/ShaderPropAnimator.cs: 88b70bc5bbc15375387323f48f0661cf -> 55ce425812446482e623ff2695c94cb2
  custom:scripting/monoscript/fileName/SimpleScript.cs: dcd92cf7399b0d08e25e4a66ab57e91e -> 454caab0c6c050f29b39d82e1d66d0fa
  custom:scripting/monoscript/fileName/ObjectSpin.cs: b34dd4d17018731600f920d50ca840f7 -> 2b96bb2079dd7fa5108d981627a28e1e
  custom:scripting/monoscript/fileName/CameraController.cs: 8d43c2def3a67efed518259a2232b470 -> 34b6be4e23ce86dc89786916c5983296
  custom:scripting/monoscript/fileName/TMP_TextInfoDebugTool.cs: 7aad42023b6f5112c90650ae13bd6dd8 -> 3f1709cfb2cc628169113a35b5e9be3f
  custom:scripting/monoscript/fileName/TMP_TextSelector_A.cs: 088357b4acdc1e6288d897936d29c8d3 -> 347309a09d56e367b188a6978f75b424
  custom:video-encoder-webm-vp8: eb34c28f22e8b96e1ab97ce403110664 -> 
  custom:audio-decoder-ogg-vorbis: bf7c407c2cedff20999df2af8eb42d56 -> 
  custom:scripting/monoscript/fileName/VertexJitter.cs: 6330f950b41eff6e5970f129864ecd6c -> d27eb5498e48714a66aece98da065133
  custom:scripting/monoscript/fileName/TextConsoleSimulator.cs: f2c8898b26c0cf2b0a1c7d12d99e6769 -> 33fc311abb20b5b0ed8f00e4d86b574e
  custom:scripting/monoscript/fileName/VertexColorCycler.cs: 135fb0ebdaf256193ccc08218c426c64 -> 5f984ca91cf3609293aecc6bc5641572
  custom:scripting/monoscript/fileName/TMP_FrameRateCounter.cs: 8afeb6f0251e063dcfff2bd827f92c62 -> 46f655df8cb483ac5958307137b1585a
  custom:scripting/monoscript/fileName/VertexShakeB.cs: 587e5b2aecc39120c2c9ff69742ce897 -> a6f78c4fcda1a29a1a1c1baefedba9e7
  custom:scripting/monoscript/fileName/TMP_UiFrameRateCounter.cs: 8fa3bcf761bb5076fd90d0361518d59c -> b01021aea19247f14a98ab338907956a
  custom:scripting/monoscript/fileName/TMPro_InstructionOverlay.cs: 194f3617683541355a9c6c8193e87b1c -> b626d2270e6ebd5c4311585c18b58d8d
  custom:scripting/monoscript/fileName/TMP_DigitValidator.cs: 4e5cde653ae28b90ab257e866c94dfce -> ac02af96215ae3951a3cce9e1a8c6085
  custom:audio-encoder-webm-vorbis: bf7c407c2cedff20999df2af8eb42d56 -> 
  custom:scripting/monoscript/fileName/Cube_Controller.cs: acd00592fa72aff7217b78bae7072f77 -> 
  custom:scripting/monoscript/fileName/Benchmark01_UGUI.cs: 52a24b07fcdd062ef495404efdb65870 -> 6148cfe2627b7708298f301788144139
  custom:scripting/precompiled-assembly-types:Assembly-CSharp: 754cd9f06af01cd0a75bb0e26b5e1d58 -> f39d0e8e1a2bdc72903fb33acfa56b16
  custom:scripting/monoscript/fileName/Benchmark03.cs: 520976d641c2b7cf395e30b045f5a45d -> 17cc87e0529ac71d909a946afb47a274
========================================================================
Received Prepare
Caller must complete domain reload
Begin MonoManager ReloadAssembly
- Loaded All Assemblies, in  0.667 seconds
Native extension for WindowsStandalone target not found
Native extension for Android target not found
Native extension for WebGL target not found
Mono: successfully reloaded assembly
- Finished resetting the current domain, in  1.159 seconds
Domain Reload Profiling: 1826ms
	BeginReloadAssembly (246ms)
		ExecutionOrderSort (0ms)
		DisableScriptedObjects (9ms)
		BackupInstance (0ms)
		ReleaseScriptingObjects (0ms)
		CreateAndSetChildDomain (50ms)
	RebuildCommonClasses (57ms)
	RebuildNativeTypeToScriptingClass (19ms)
	initialDomainReloadingComplete (40ms)
	LoadAllAssembliesAndSetupDomain (305ms)
		LoadAssemblies (408ms)
		RebuildTransferFunctionScriptingTraits (0ms)
		AnalyzeDomain (41ms)
			TypeCache.Refresh (15ms)
				TypeCache.ScanAssembly (2ms)
			ScanForSourceGeneratedMonoScriptInfo (12ms)
			ResolveRequiredComponents (11ms)
	FinalizeReload (1160ms)
		ReleaseScriptCaches (0ms)
		RebuildScriptCaches (0ms)
		SetupLoadedEditorAssemblies (586ms)
			LogAssemblyErrors (0ms)
			InitializePlatformSupportModulesInManaged (15ms)
			SetLoadedEditorAssemblies (4ms)
			RefreshPlugins (0ms)
			BeforeProcessingInitializeOnLoad (60ms)
			ProcessInitializeOnLoadAttributes (485ms)
			ProcessInitializeOnLoadMethodAttributes (21ms)
			AfterProcessingInitializeOnLoad (2ms)
			EditorAssembliesLoaded (0ms)
		ExecutionOrderSort2 (0ms)
		AwakeInstancesAfterBackupRestoration (7ms)
Refreshing native plugins compatible for Editor in 4.25 ms, found 6 plugins.
Preloading 0 native plugins for Editor in 0.00 ms.
Unloading 3344 Unused Serialized files (Serialized files now loaded: 0)
Unloading 14 unused Assets / (28.5 KB). Loaded Objects now: 3902.
Memory consumption went from 124.3 MB to 124.2 MB.
Total: 5.769500 ms (FindLiveObjects: 0.685300 ms CreateObjectMapping: 0.183900 ms MarkObjects: 4.818300 ms  DeleteObjects: 0.080700 ms)

Prepare: number of updated asset objects reloaded= 0
AssetImportParameters requested are different than current active one (requested -> active):
  custom:scripting/monoscript/fileName/SkewTextExample.cs: f96859e31fd6dde308d9dc2a2488dcff -> c142d02d70a129e0533975f7c2f96956
  custom:container-demuxer-ogg: 62fdf1f143b41e24485cea50d1cbac27 -> 
  custom:scripting/monoscript/fileName/TMP_TextEventHandler.cs: d0f86a17d6fd3e9995db934eaaf34f18 -> f5cd9d5a43bfefc8f4fec80e6de896a4
  custom:scripting/monoscript/fileName/TextMeshProFloatingText.cs: 5a37842f75734e7729f89af9a8145a1a -> 92608fa4a6315cd0786d82205e77b697
  custom:scripting/monoscript/fileName/VertexZoom.cs: 2da4737d79388c0362c64482e9ee50d2 -> 650ab1e81d40126e3edcf737cce646e4
  custom:video-codec-MediaFoundation-h265: 746d11721c4dcdbdad8f713fa42b33f4 -> 
  custom:scripting/monoscript/fileName/VertexShakeA.cs: 16900906a98712c9660b9823af1f2500 -> 63ec564c588058369499638dd899e05b
  custom:scripting/monoscript/fileName/TMP_ExampleScript_01.cs: 59997facf165601d8c6263ace2a973a5 -> a9d4be556104ff54e7d240529b3e01dc
  custom:video-decoder-ogg-theora: a1e56fd34408186e4bbccfd4996cb3dc -> 
  custom:scripting/monoscript/fileName/TMP_TextEventCheck.cs: 7ee93fce990cec7a5b67b504d0259dce -> 13505d917eab5868c435e0c2986dadfa
  custom:scripting/monoscript/fileName/TMP_TextSelector_B.cs: c0db108de9ffc9b6f619f3d00162b1c2 -> ba2be21a7486d37b1011342977a2e49d
  custom:scripting/monoscript/fileName/Benchmark01.cs: 1fef48c763f4be76a973f061699dd041 -> 2d3e2cd961730ab95f139a49a673bace
  custom:framework-win-MediaFoundation: 216162199b28c13a410421893ffa2e32 -> 
  custom:scripting/monoscript/fileName/Benchmark02.cs: 92dcd0c0a469d0c0690d8ca0bfe95e6f -> 5640963252ce70910e726415f869ced6
  custom:scripting/monoscript/fileName/DropdownSample.cs: b4fe7efb027fdd4854f643ad764daa8c -> 0a92251794e5f10400149f96c3c59e5d
  custom:scripting/monoscript/fileName/WarpTextExample.cs: c5431dac938081648a3a3ac553c1029b -> 2663459c266363641981c7d17b698d7f
  custom:CustomObjectIndexerAttribute: 9a22284fe3817be447336de3de66b15e -> 
  custom:container-demuxer-webm: 4f35f7cbe854078d1ac9338744f61a02 -> 
  custom:scripting/monoscript/fileName/MainMenuButton.cs: e28869a6863284e74946ac915bb193f6 -> 
  custom:scripting/monoscript/fileName/ChatController.cs: ff21b89493e3dffcbe018a2cc5a10bae -> 876d5ccae6e345dd5d9450eb0a748f16
  custom:scripting/monoscript/fileName/TextMeshSpawner.cs: c0f20e5855e88374db1098a5acc68df4 -> 76f28e2ddb031571e6ec62b018f65fa8
  custom:scripting/monoscript/fileName/TeleType.cs: c18e16db35615314900dbe198d0144e7 -> 31fa97821c4c70f157ec81d507aa6b62
  custom:scripting/monoscript/fileName/Benchmark04.cs: 86dfb70824307c4cf164687df2489226 -> 32220b148620e52aa81c13a114862bf4
  custom:container-muxer-webm: aa71ff27fc2769a1b78a27578f13a17b -> 
  custom:video-decoder-webm-vp8: 9c59270c3fd7afecdb556c50c9e8de78 -> 
  custom:scripting/monoscript/fileName/TMP_PhoneNumberValidator.cs: b4c1c54136dffeb4e2962027ebaa6b1f -> 7c3049f481e464c6a9a15dee56c3126f
  custom:SearchIndexIgnoredProperties: e643bd26f0fe6173181afceb89e7c659 -> 
  custom:AudioImporter_EditorPlatform: d09bf68614088b80899f8185d706f6e7 -> 
  custom:scripting/monoscript/fileName/EnvMapAnimator.cs: 08e040d459cd881082c0dd5daba5f85c -> 1b4f61c17e4b7283c3ac351aacff9d26
  custom:scripting/monoscript/fileName/ShaderPropAnimator.cs: 88b70bc5bbc15375387323f48f0661cf -> 55ce425812446482e623ff2695c94cb2
  custom:scripting/monoscript/fileName/SimpleScript.cs: dcd92cf7399b0d08e25e4a66ab57e91e -> 454caab0c6c050f29b39d82e1d66d0fa
  custom:scripting/monoscript/fileName/ObjectSpin.cs: b34dd4d17018731600f920d50ca840f7 -> 2b96bb2079dd7fa5108d981627a28e1e
  custom:scripting/monoscript/fileName/CameraController.cs: 8d43c2def3a67efed518259a2232b470 -> 34b6be4e23ce86dc89786916c5983296
  custom:scripting/monoscript/fileName/TMP_TextInfoDebugTool.cs: 7aad42023b6f5112c90650ae13bd6dd8 -> 3f1709cfb2cc628169113a35b5e9be3f
  custom:scripting/monoscript/fileName/TMP_TextSelector_A.cs: 088357b4acdc1e6288d897936d29c8d3 -> 347309a09d56e367b188a6978f75b424
  custom:video-encoder-webm-vp8: eb34c28f22e8b96e1ab97ce403110664 -> 
  custom:audio-decoder-ogg-vorbis: bf7c407c2cedff20999df2af8eb42d56 -> 
  custom:scripting/monoscript/fileName/VertexJitter.cs: 6330f950b41eff6e5970f129864ecd6c -> d27eb5498e48714a66aece98da065133
  custom:scripting/monoscript/fileName/TextConsoleSimulator.cs: f2c8898b26c0cf2b0a1c7d12d99e6769 -> 33fc311abb20b5b0ed8f00e4d86b574e
  custom:scripting/monoscript/fileName/VertexColorCycler.cs: 135fb0ebdaf256193ccc08218c426c64 -> 5f984ca91cf3609293aecc6bc5641572
  custom:scripting/monoscript/fileName/TMP_FrameRateCounter.cs: 8afeb6f0251e063dcfff2bd827f92c62 -> 46f655df8cb483ac5958307137b1585a
  custom:scripting/monoscript/fileName/VertexShakeB.cs: 587e5b2aecc39120c2c9ff69742ce897 -> a6f78c4fcda1a29a1a1c1baefedba9e7
  custom:scripting/monoscript/fileName/TMP_UiFrameRateCounter.cs: 8fa3bcf761bb5076fd90d0361518d59c -> b01021aea19247f14a98ab338907956a
  custom:scripting/monoscript/fileName/TMPro_InstructionOverlay.cs: 194f3617683541355a9c6c8193e87b1c -> b626d2270e6ebd5c4311585c18b58d8d
  custom:scripting/monoscript/fileName/TMP_DigitValidator.cs: 4e5cde653ae28b90ab257e866c94dfce -> ac02af96215ae3951a3cce9e1a8c6085
  custom:audio-encoder-webm-vorbis: bf7c407c2cedff20999df2af8eb42d56 -> 
  custom:scripting/monoscript/fileName/Cube_Controller.cs: acd00592fa72aff7217b78bae7072f77 -> 
  custom:scripting/monoscript/fileName/Benchmark01_UGUI.cs: 52a24b07fcdd062ef495404efdb65870 -> 6148cfe2627b7708298f301788144139
  custom:scripting/precompiled-assembly-types:Assembly-CSharp: 754cd9f06af01cd0a75bb0e26b5e1d58 -> f39d0e8e1a2bdc72903fb33acfa56b16
  custom:scripting/monoscript/fileName/Benchmark03.cs: 520976d641c2b7cf395e30b045f5a45d -> 17cc87e0529ac71d909a946afb47a274
========================================================================
Received Prepare
Caller must complete domain reload
Begin MonoManager ReloadAssembly
- Loaded All Assemblies, in  0.459 seconds
Native extension for WindowsStandalone target not found
Native extension for Android target not found
Native extension for WebGL target not found
Mono: successfully reloaded assembly
- Finished resetting the current domain, in  1.139 seconds
Domain Reload Profiling: 1598ms
	BeginReloadAssembly (160ms)
		ExecutionOrderSort (0ms)
		DisableScriptedObjects (6ms)
		BackupInstance (0ms)
		ReleaseScriptingObjects (0ms)
		CreateAndSetChildDomain (38ms)
	RebuildCommonClasses (36ms)
	RebuildNativeTypeToScriptingClass (10ms)
	initialDomainReloadingComplete (23ms)
	LoadAllAssembliesAndSetupDomain (229ms)
		LoadAssemblies (298ms)
		RebuildTransferFunctionScriptingTraits (0ms)
		AnalyzeDomain (15ms)
			TypeCache.Refresh (7ms)
				TypeCache.ScanAssembly (0ms)
			ScanForSourceGeneratedMonoScriptInfo (0ms)
			ResolveRequiredComponents (6ms)
	FinalizeReload (1140ms)
		ReleaseScriptCaches (0ms)
		RebuildScriptCaches (0ms)
		SetupLoadedEditorAssemblies (637ms)
			LogAssemblyErrors (0ms)
			InitializePlatformSupportModulesInManaged (27ms)
			SetLoadedEditorAssemblies (4ms)
			RefreshPlugins (0ms)
			BeforeProcessingInitializeOnLoad (74ms)
			ProcessInitializeOnLoadAttributes (505ms)
			ProcessInitializeOnLoadMethodAttributes (24ms)
			AfterProcessingInitializeOnLoad (3ms)
			EditorAssembliesLoaded (0ms)
		ExecutionOrderSort2 (0ms)
		AwakeInstancesAfterBackupRestoration (7ms)
Refreshing native plugins compatible for Editor in 4.69 ms, found 6 plugins.
Preloading 0 native plugins for Editor in 0.00 ms.
Unloading 3344 Unused Serialized files (Serialized files now loaded: 0)
Unloading 14 unused Assets / (28.5 KB). Loaded Objects now: 3905.
Memory consumption went from 124.3 MB to 124.3 MB.
Total: 7.727900 ms (FindLiveObjects: 0.553500 ms CreateObjectMapping: 0.181700 ms MarkObjects: 6.924900 ms  DeleteObjects: 0.066300 ms)

Prepare: number of updated asset objects reloaded= 0
AssetImportParameters requested are different than current active one (requested -> active):
  custom:scripting/monoscript/fileName/SkewTextExample.cs: f96859e31fd6dde308d9dc2a2488dcff -> c142d02d70a129e0533975f7c2f96956
  custom:container-demuxer-ogg: 62fdf1f143b41e24485cea50d1cbac27 -> 
  custom:scripting/monoscript/fileName/TMP_TextEventHandler.cs: d0f86a17d6fd3e9995db934eaaf34f18 -> f5cd9d5a43bfefc8f4fec80e6de896a4
  custom:scripting/monoscript/fileName/TextMeshProFloatingText.cs: 5a37842f75734e7729f89af9a8145a1a -> 92608fa4a6315cd0786d82205e77b697
  custom:scripting/monoscript/fileName/VertexZoom.cs: 2da4737d79388c0362c64482e9ee50d2 -> 650ab1e81d40126e3edcf737cce646e4
  custom:video-codec-MediaFoundation-h265: 746d11721c4dcdbdad8f713fa42b33f4 -> 
  custom:scripting/monoscript/fileName/VertexShakeA.cs: 16900906a98712c9660b9823af1f2500 -> 63ec564c588058369499638dd899e05b
  custom:scripting/monoscript/fileName/TMP_ExampleScript_01.cs: 59997facf165601d8c6263ace2a973a5 -> a9d4be556104ff54e7d240529b3e01dc
  custom:video-decoder-ogg-theora: a1e56fd34408186e4bbccfd4996cb3dc -> 
  custom:scripting/monoscript/fileName/TMP_TextEventCheck.cs: 7ee93fce990cec7a5b67b504d0259dce -> 13505d917eab5868c435e0c2986dadfa
  custom:scripting/monoscript/fileName/TMP_TextSelector_B.cs: c0db108de9ffc9b6f619f3d00162b1c2 -> ba2be21a7486d37b1011342977a2e49d
  custom:scripting/monoscript/fileName/Benchmark01.cs: 1fef48c763f4be76a973f061699dd041 -> 2d3e2cd961730ab95f139a49a673bace
  custom:framework-win-MediaFoundation: 216162199b28c13a410421893ffa2e32 -> 
  custom:scripting/monoscript/fileName/Benchmark02.cs: 92dcd0c0a469d0c0690d8ca0bfe95e6f -> 5640963252ce70910e726415f869ced6
  custom:scripting/monoscript/fileName/DropdownSample.cs: b4fe7efb027fdd4854f643ad764daa8c -> 0a92251794e5f10400149f96c3c59e5d
  custom:scripting/monoscript/fileName/WarpTextExample.cs: c5431dac938081648a3a3ac553c1029b -> 2663459c266363641981c7d17b698d7f
  custom:CustomObjectIndexerAttribute: 9a22284fe3817be447336de3de66b15e -> 
  custom:container-demuxer-webm: 4f35f7cbe854078d1ac9338744f61a02 -> 
  custom:scripting/monoscript/fileName/MainMenuButton.cs: e28869a6863284e74946ac915bb193f6 -> 
  custom:scripting/monoscript/fileName/ChatController.cs: ff21b89493e3dffcbe018a2cc5a10bae -> 876d5ccae6e345dd5d9450eb0a748f16
  custom:scripting/monoscript/fileName/TextMeshSpawner.cs: c0f20e5855e88374db1098a5acc68df4 -> 76f28e2ddb031571e6ec62b018f65fa8
  custom:scripting/monoscript/fileName/TeleType.cs: c18e16db35615314900dbe198d0144e7 -> 31fa97821c4c70f157ec81d507aa6b62
  custom:scripting/monoscript/fileName/Benchmark04.cs: 86dfb70824307c4cf164687df2489226 -> 32220b148620e52aa81c13a114862bf4
  custom:container-muxer-webm: aa71ff27fc2769a1b78a27578f13a17b -> 
  custom:video-decoder-webm-vp8: 9c59270c3fd7afecdb556c50c9e8de78 -> 
  custom:scripting/monoscript/fileName/TMP_PhoneNumberValidator.cs: b4c1c54136dffeb4e2962027ebaa6b1f -> 7c3049f481e464c6a9a15dee56c3126f
  custom:SearchIndexIgnoredProperties: e643bd26f0fe6173181afceb89e7c659 -> 
  custom:AudioImporter_EditorPlatform: d09bf68614088b80899f8185d706f6e7 -> 
  custom:scripting/monoscript/fileName/EnvMapAnimator.cs: 08e040d459cd881082c0dd5daba5f85c -> 1b4f61c17e4b7283c3ac351aacff9d26
  custom:scripting/monoscript/fileName/ShaderPropAnimator.cs: 88b70bc5bbc15375387323f48f0661cf -> 55ce425812446482e623ff2695c94cb2
  custom:scripting/monoscript/fileName/SimpleScript.cs: dcd92cf7399b0d08e25e4a66ab57e91e -> 454caab0c6c050f29b39d82e1d66d0fa
  custom:scripting/monoscript/fileName/ObjectSpin.cs: b34dd4d17018731600f920d50ca840f7 -> 2b96bb2079dd7fa5108d981627a28e1e
  custom:scripting/monoscript/fileName/CameraController.cs: 8d43c2def3a67efed518259a2232b470 -> 34b6be4e23ce86dc89786916c5983296
  custom:scripting/monoscript/fileName/TMP_TextInfoDebugTool.cs: 7aad42023b6f5112c90650ae13bd6dd8 -> 3f1709cfb2cc628169113a35b5e9be3f
  custom:scripting/monoscript/fileName/TMP_TextSelector_A.cs: 088357b4acdc1e6288d897936d29c8d3 -> 347309a09d56e367b188a6978f75b424
  custom:video-encoder-webm-vp8: eb34c28f22e8b96e1ab97ce403110664 -> 
  custom:audio-decoder-ogg-vorbis: bf7c407c2cedff20999df2af8eb42d56 -> 
  custom:scripting/monoscript/fileName/VertexJitter.cs: 6330f950b41eff6e5970f129864ecd6c -> d27eb5498e48714a66aece98da065133
  custom:scripting/monoscript/fileName/TextConsoleSimulator.cs: f2c8898b26c0cf2b0a1c7d12d99e6769 -> 33fc311abb20b5b0ed8f00e4d86b574e
  custom:scripting/monoscript/fileName/VertexColorCycler.cs: 135fb0ebdaf256193ccc08218c426c64 -> 5f984ca91cf3609293aecc6bc5641572
  custom:scripting/monoscript/fileName/TMP_FrameRateCounter.cs: 8afeb6f0251e063dcfff2bd827f92c62 -> 46f655df8cb483ac5958307137b1585a
  custom:scripting/monoscript/fileName/VertexShakeB.cs: 587e5b2aecc39120c2c9ff69742ce897 -> a6f78c4fcda1a29a1a1c1baefedba9e7
  custom:scripting/monoscript/fileName/TMP_UiFrameRateCounter.cs: 8fa3bcf761bb5076fd90d0361518d59c -> b01021aea19247f14a98ab338907956a
  custom:scripting/monoscript/fileName/TMPro_InstructionOverlay.cs: 194f3617683541355a9c6c8193e87b1c -> b626d2270e6ebd5c4311585c18b58d8d
  custom:scripting/monoscript/fileName/TMP_DigitValidator.cs: 4e5cde653ae28b90ab257e866c94dfce -> ac02af96215ae3951a3cce9e1a8c6085
  custom:audio-encoder-webm-vorbis: bf7c407c2cedff20999df2af8eb42d56 -> 
  custom:scripting/monoscript/fileName/Cube_Controller.cs: acd00592fa72aff7217b78bae7072f77 -> 
  custom:scripting/monoscript/fileName/Benchmark01_UGUI.cs: 52a24b07fcdd062ef495404efdb65870 -> 6148cfe2627b7708298f301788144139
  custom:scripting/precompiled-assembly-types:Assembly-CSharp: 754cd9f06af01cd0a75bb0e26b5e1d58 -> f39d0e8e1a2bdc72903fb33acfa56b16
  custom:scripting/monoscript/fileName/Benchmark03.cs: 520976d641c2b7cf395e30b045f5a45d -> 17cc87e0529ac71d909a946afb47a274
========================================================================
Received Prepare
Caller must complete domain reload
Begin MonoManager ReloadAssembly
- Loaded All Assemblies, in  0.677 seconds
Native extension for WindowsStandalone target not found
Native extension for Android target not found
Native extension for WebGL target not found
Mono: successfully reloaded assembly
- Finished resetting the current domain, in  1.698 seconds
Domain Reload Profiling: 2375ms
	BeginReloadAssembly (248ms)
		ExecutionOrderSort (0ms)
		DisableScriptedObjects (11ms)
		BackupInstance (0ms)
		ReleaseScriptingObjects (0ms)
		CreateAndSetChildDomain (46ms)
	RebuildCommonClasses (61ms)
	RebuildNativeTypeToScriptingClass (18ms)
	initialDomainReloadingComplete (48ms)
	LoadAllAssembliesAndSetupDomain (300ms)
		LoadAssemblies (418ms)
		RebuildTransferFunctionScriptingTraits (0ms)
		AnalyzeDomain (31ms)
			TypeCache.Refresh (11ms)
				TypeCache.ScanAssembly (1ms)
			ScanForSourceGeneratedMonoScriptInfo (8ms)
			ResolveRequiredComponents (8ms)
	FinalizeReload (1699ms)
		ReleaseScriptCaches (0ms)
		RebuildScriptCaches (0ms)
		SetupLoadedEditorAssemblies (920ms)
			LogAssemblyErrors (0ms)
			InitializePlatformSupportModulesInManaged (24ms)
			SetLoadedEditorAssemblies (5ms)
			RefreshPlugins (0ms)
			BeforeProcessingInitializeOnLoad (86ms)
			ProcessInitializeOnLoadAttributes (763ms)
			ProcessInitializeOnLoadMethodAttributes (37ms)
			AfterProcessingInitializeOnLoad (4ms)
			EditorAssembliesLoaded (0ms)
		ExecutionOrderSort2 (0ms)
		AwakeInstancesAfterBackupRestoration (12ms)
Refreshing native plugins compatible for Editor in 6.68 ms, found 6 plugins.
Preloading 0 native plugins for Editor in 0.00 ms.
Unloading 3344 Unused Serialized files (Serialized files now loaded: 0)
Unloading 14 unused Assets / (28.5 KB). Loaded Objects now: 3908.
Memory consumption went from 124.3 MB to 124.3 MB.
Total: 9.904600 ms (FindLiveObjects: 0.588800 ms CreateObjectMapping: 0.249600 ms MarkObjects: 8.990500 ms  DeleteObjects: 0.074100 ms)

Prepare: number of updated asset objects reloaded= 0
AssetImportParameters requested are different than current active one (requested -> active):
  custom:scripting/monoscript/fileName/SkewTextExample.cs: f96859e31fd6dde308d9dc2a2488dcff -> c142d02d70a129e0533975f7c2f96956
  custom:container-demuxer-ogg: 62fdf1f143b41e24485cea50d1cbac27 -> 
  custom:scripting/monoscript/fileName/TMP_TextEventHandler.cs: d0f86a17d6fd3e9995db934eaaf34f18 -> f5cd9d5a43bfefc8f4fec80e6de896a4
  custom:scripting/monoscript/fileName/TextMeshProFloatingText.cs: 5a37842f75734e7729f89af9a8145a1a -> 92608fa4a6315cd0786d82205e77b697
  custom:scripting/monoscript/fileName/VertexZoom.cs: 2da4737d79388c0362c64482e9ee50d2 -> 650ab1e81d40126e3edcf737cce646e4
  custom:video-codec-MediaFoundation-h265: 746d11721c4dcdbdad8f713fa42b33f4 -> 
  custom:scripting/monoscript/fileName/VertexShakeA.cs: 16900906a98712c9660b9823af1f2500 -> 63ec564c588058369499638dd899e05b
  custom:scripting/monoscript/fileName/TMP_ExampleScript_01.cs: 59997facf165601d8c6263ace2a973a5 -> a9d4be556104ff54e7d240529b3e01dc
  custom:video-decoder-ogg-theora: a1e56fd34408186e4bbccfd4996cb3dc -> 
  custom:scripting/monoscript/fileName/TMP_TextEventCheck.cs: 7ee93fce990cec7a5b67b504d0259dce -> 13505d917eab5868c435e0c2986dadfa
  custom:scripting/monoscript/fileName/TMP_TextSelector_B.cs: c0db108de9ffc9b6f619f3d00162b1c2 -> ba2be21a7486d37b1011342977a2e49d
  custom:scripting/monoscript/fileName/Benchmark01.cs: 1fef48c763f4be76a973f061699dd041 -> 2d3e2cd961730ab95f139a49a673bace
  custom:framework-win-MediaFoundation: 216162199b28c13a410421893ffa2e32 -> 
  custom:scripting/monoscript/fileName/Benchmark02.cs: 92dcd0c0a469d0c0690d8ca0bfe95e6f -> 5640963252ce70910e726415f869ced6
  custom:scripting/monoscript/fileName/DropdownSample.cs: b4fe7efb027fdd4854f643ad764daa8c -> 0a92251794e5f10400149f96c3c59e5d
  custom:scripting/monoscript/fileName/WarpTextExample.cs: c5431dac938081648a3a3ac553c1029b -> 2663459c266363641981c7d17b698d7f
  custom:CustomObjectIndexerAttribute: 9a22284fe3817be447336de3de66b15e -> 
  custom:container-demuxer-webm: 4f35f7cbe854078d1ac9338744f61a02 -> 
  custom:scripting/monoscript/fileName/MainMenuButton.cs: e28869a6863284e74946ac915bb193f6 -> 
  custom:scripting/monoscript/fileName/ChatController.cs: ff21b89493e3dffcbe018a2cc5a10bae -> 876d5ccae6e345dd5d9450eb0a748f16
  custom:scripting/monoscript/fileName/TextMeshSpawner.cs: c0f20e5855e88374db1098a5acc68df4 -> 76f28e2ddb031571e6ec62b018f65fa8
  custom:scripting/monoscript/fileName/TeleType.cs: c18e16db35615314900dbe198d0144e7 -> 31fa97821c4c70f157ec81d507aa6b62
  custom:scripting/monoscript/fileName/Benchmark04.cs: 86dfb70824307c4cf164687df2489226 -> 32220b148620e52aa81c13a114862bf4
  custom:container-muxer-webm: aa71ff27fc2769a1b78a27578f13a17b -> 
  custom:video-decoder-webm-vp8: 9c59270c3fd7afecdb556c50c9e8de78 -> 
  custom:scripting/monoscript/fileName/TMP_PhoneNumberValidator.cs: b4c1c54136dffeb4e2962027ebaa6b1f -> 7c3049f481e464c6a9a15dee56c3126f
  custom:SearchIndexIgnoredProperties: e643bd26f0fe6173181afceb89e7c659 -> 
  custom:AudioImporter_EditorPlatform: d09bf68614088b80899f8185d706f6e7 -> 
  custom:scripting/monoscript/fileName/EnvMapAnimator.cs: 08e040d459cd881082c0dd5daba5f85c -> 1b4f61c17e4b7283c3ac351aacff9d26
  custom:scripting/monoscript/fileName/ShaderPropAnimator.cs: 88b70bc5bbc15375387323f48f0661cf -> 55ce425812446482e623ff2695c94cb2
  custom:scripting/monoscript/fileName/SimpleScript.cs: dcd92cf7399b0d08e25e4a66ab57e91e -> 454caab0c6c050f29b39d82e1d66d0fa
  custom:scripting/monoscript/fileName/ObjectSpin.cs: b34dd4d17018731600f920d50ca840f7 -> 2b96bb2079dd7fa5108d981627a28e1e
  custom:scripting/monoscript/fileName/CameraController.cs: 8d43c2def3a67efed518259a2232b470 -> 34b6be4e23ce86dc89786916c5983296
  custom:scripting/monoscript/fileName/TMP_TextInfoDebugTool.cs: 7aad42023b6f5112c90650ae13bd6dd8 -> 3f1709cfb2cc628169113a35b5e9be3f
  custom:scripting/monoscript/fileName/TMP_TextSelector_A.cs: 088357b4acdc1e6288d897936d29c8d3 -> 347309a09d56e367b188a6978f75b424
  custom:video-encoder-webm-vp8: eb34c28f22e8b96e1ab97ce403110664 -> 
  custom:audio-decoder-ogg-vorbis: bf7c407c2cedff20999df2af8eb42d56 -> 
  custom:scripting/monoscript/fileName/VertexJitter.cs: 6330f950b41eff6e5970f129864ecd6c -> d27eb5498e48714a66aece98da065133
  custom:scripting/monoscript/fileName/TextConsoleSimulator.cs: f2c8898b26c0cf2b0a1c7d12d99e6769 -> 33fc311abb20b5b0ed8f00e4d86b574e
  custom:scripting/monoscript/fileName/VertexColorCycler.cs: 135fb0ebdaf256193ccc08218c426c64 -> 5f984ca91cf3609293aecc6bc5641572
  custom:scripting/monoscript/fileName/TMP_FrameRateCounter.cs: 8afeb6f0251e063dcfff2bd827f92c62 -> 46f655df8cb483ac5958307137b1585a
  custom:scripting/monoscript/fileName/VertexShakeB.cs: 587e5b2aecc39120c2c9ff69742ce897 -> a6f78c4fcda1a29a1a1c1baefedba9e7
  custom:scripting/monoscript/fileName/TMP_UiFrameRateCounter.cs: 8fa3bcf761bb5076fd90d0361518d59c -> b01021aea19247f14a98ab338907956a
  custom:scripting/monoscript/fileName/TMPro_InstructionOverlay.cs: 194f3617683541355a9c6c8193e87b1c -> b626d2270e6ebd5c4311585c18b58d8d
  custom:scripting/monoscript/fileName/TMP_DigitValidator.cs: 4e5cde653ae28b90ab257e866c94dfce -> ac02af96215ae3951a3cce9e1a8c6085
  custom:audio-encoder-webm-vorbis: bf7c407c2cedff20999df2af8eb42d56 -> 
  custom:scripting/monoscript/fileName/Cube_Controller.cs: acd00592fa72aff7217b78bae7072f77 -> 
  custom:scripting/monoscript/fileName/Benchmark01_UGUI.cs: 52a24b07fcdd062ef495404efdb65870 -> 6148cfe2627b7708298f301788144139
  custom:scripting/precompiled-assembly-types:Assembly-CSharp: 754cd9f06af01cd0a75bb0e26b5e1d58 -> f39d0e8e1a2bdc72903fb33acfa56b16
  custom:scripting/monoscript/fileName/Benchmark03.cs: 520976d641c2b7cf395e30b045f5a45d -> 17cc87e0529ac71d909a946afb47a274
========================================================================
Received Prepare
Caller must complete domain reload
Begin MonoManager ReloadAssembly
- Loaded All Assemblies, in  0.643 seconds
Native extension for WindowsStandalone target not found
Native extension for Android target not found
Native extension for WebGL target not found
Mono: successfully reloaded assembly
- Finished resetting the current domain, in  1.172 seconds
Domain Reload Profiling: 1814ms
	BeginReloadAssembly (226ms)
		ExecutionOrderSort (0ms)
		DisableScriptedObjects (8ms)
		BackupInstance (0ms)
		ReleaseScriptingObjects (0ms)
		CreateAndSetChildDomain (49ms)
	RebuildCommonClasses (66ms)
	RebuildNativeTypeToScriptingClass (23ms)
	initialDomainReloadingComplete (42ms)
	LoadAllAssembliesAndSetupDomain (285ms)
		LoadAssemblies (390ms)
		RebuildTransferFunctionScriptingTraits (0ms)
		AnalyzeDomain (24ms)
			TypeCache.Refresh (9ms)
				TypeCache.ScanAssembly (0ms)
			ScanForSourceGeneratedMonoScriptInfo (0ms)
			ResolveRequiredComponents (11ms)
	FinalizeReload (1173ms)
		ReleaseScriptCaches (0ms)
		RebuildScriptCaches (0ms)
		SetupLoadedEditorAssemblies (550ms)
			LogAssemblyErrors (0ms)
			InitializePlatformSupportModulesInManaged (17ms)
			SetLoadedEditorAssemblies (5ms)
			RefreshPlugins (0ms)
			BeforeProcessingInitializeOnLoad (61ms)
			ProcessInitializeOnLoadAttributes (443ms)
			ProcessInitializeOnLoadMethodAttributes (22ms)
			AfterProcessingInitializeOnLoad (2ms)
			EditorAssembliesLoaded (0ms)
		ExecutionOrderSort2 (0ms)
		AwakeInstancesAfterBackupRestoration (6ms)
Refreshing native plugins compatible for Editor in 4.43 ms, found 6 plugins.
Preloading 0 native plugins for Editor in 0.00 ms.
Unloading 3344 Unused Serialized files (Serialized files now loaded: 0)
Unloading 14 unused Assets / (28.5 KB). Loaded Objects now: 3911.
Memory consumption went from 124.3 MB to 124.3 MB.
Total: 6.636600 ms (FindLiveObjects: 0.717400 ms CreateObjectMapping: 0.288100 ms MarkObjects: 5.558800 ms  DeleteObjects: 0.070700 ms)

Prepare: number of updated asset objects reloaded= 0
AssetImportParameters requested are different than current active one (requested -> active):
  custom:scripting/monoscript/fileName/SkewTextExample.cs: f96859e31fd6dde308d9dc2a2488dcff -> c142d02d70a129e0533975f7c2f96956
  custom:container-demuxer-ogg: 62fdf1f143b41e24485cea50d1cbac27 -> 
  custom:scripting/monoscript/fileName/TMP_TextEventHandler.cs: d0f86a17d6fd3e9995db934eaaf34f18 -> f5cd9d5a43bfefc8f4fec80e6de896a4
  custom:scripting/monoscript/fileName/TextMeshProFloatingText.cs: 5a37842f75734e7729f89af9a8145a1a -> 92608fa4a6315cd0786d82205e77b697
  custom:scripting/monoscript/fileName/VertexZoom.cs: 2da4737d79388c0362c64482e9ee50d2 -> 650ab1e81d40126e3edcf737cce646e4
  custom:video-codec-MediaFoundation-h265: 746d11721c4dcdbdad8f713fa42b33f4 -> 
  custom:scripting/monoscript/fileName/VertexShakeA.cs: 16900906a98712c9660b9823af1f2500 -> 63ec564c588058369499638dd899e05b
  custom:scripting/monoscript/fileName/TMP_ExampleScript_01.cs: 59997facf165601d8c6263ace2a973a5 -> a9d4be556104ff54e7d240529b3e01dc
  custom:video-decoder-ogg-theora: a1e56fd34408186e4bbccfd4996cb3dc -> 
  custom:scripting/monoscript/fileName/TMP_TextEventCheck.cs: 7ee93fce990cec7a5b67b504d0259dce -> 13505d917eab5868c435e0c2986dadfa
  custom:scripting/monoscript/fileName/TMP_TextSelector_B.cs: c0db108de9ffc9b6f619f3d00162b1c2 -> ba2be21a7486d37b1011342977a2e49d
  custom:scripting/monoscript/fileName/Benchmark01.cs: 1fef48c763f4be76a973f061699dd041 -> 2d3e2cd961730ab95f139a49a673bace
  custom:framework-win-MediaFoundation: 216162199b28c13a410421893ffa2e32 -> 
  custom:scripting/monoscript/fileName/Benchmark02.cs: 92dcd0c0a469d0c0690d8ca0bfe95e6f -> 5640963252ce70910e726415f869ced6
  custom:scripting/monoscript/fileName/DropdownSample.cs: b4fe7efb027fdd4854f643ad764daa8c -> 0a92251794e5f10400149f96c3c59e5d
  custom:scripting/monoscript/fileName/WarpTextExample.cs: c5431dac938081648a3a3ac553c1029b -> 2663459c266363641981c7d17b698d7f
  custom:CustomObjectIndexerAttribute: 9a22284fe3817be447336de3de66b15e -> 
  custom:container-demuxer-webm: 4f35f7cbe854078d1ac9338744f61a02 -> 
  custom:scripting/monoscript/fileName/MainMenuButton.cs: e28869a6863284e74946ac915bb193f6 -> 
  custom:scripting/monoscript/fileName/ChatController.cs: ff21b89493e3dffcbe018a2cc5a10bae -> 876d5ccae6e345dd5d9450eb0a748f16
  custom:scripting/monoscript/fileName/TextMeshSpawner.cs: c0f20e5855e88374db1098a5acc68df4 -> 76f28e2ddb031571e6ec62b018f65fa8
  custom:scripting/monoscript/fileName/TeleType.cs: c18e16db35615314900dbe198d0144e7 -> 31fa97821c4c70f157ec81d507aa6b62
  custom:scripting/monoscript/fileName/Benchmark04.cs: 86dfb70824307c4cf164687df2489226 -> 32220b148620e52aa81c13a114862bf4
  custom:container-muxer-webm: aa71ff27fc2769a1b78a27578f13a17b -> 
  custom:video-decoder-webm-vp8: 9c59270c3fd7afecdb556c50c9e8de78 -> 
  custom:scripting/monoscript/fileName/TMP_PhoneNumberValidator.cs: b4c1c54136dffeb4e2962027ebaa6b1f -> 7c3049f481e464c6a9a15dee56c3126f
  custom:SearchIndexIgnoredProperties: e643bd26f0fe6173181afceb89e7c659 -> 
  custom:AudioImporter_EditorPlatform: d09bf68614088b80899f8185d706f6e7 -> 
  custom:scripting/monoscript/fileName/EnvMapAnimator.cs: 08e040d459cd881082c0dd5daba5f85c -> 1b4f61c17e4b7283c3ac351aacff9d26
  custom:scripting/monoscript/fileName/ShaderPropAnimator.cs: 88b70bc5bbc15375387323f48f0661cf -> 55ce425812446482e623ff2695c94cb2
  custom:scripting/monoscript/fileName/SimpleScript.cs: dcd92cf7399b0d08e25e4a66ab57e91e -> 454caab0c6c050f29b39d82e1d66d0fa
  custom:scripting/monoscript/fileName/ObjectSpin.cs: b34dd4d17018731600f920d50ca840f7 -> 2b96bb2079dd7fa5108d981627a28e1e
  custom:scripting/monoscript/fileName/CameraController.cs: 8d43c2def3a67efed518259a2232b470 -> 34b6be4e23ce86dc89786916c5983296
  custom:scripting/monoscript/fileName/TMP_TextInfoDebugTool.cs: 7aad42023b6f5112c90650ae13bd6dd8 -> 3f1709cfb2cc628169113a35b5e9be3f
  custom:scripting/monoscript/fileName/TMP_TextSelector_A.cs: 088357b4acdc1e6288d897936d29c8d3 -> 347309a09d56e367b188a6978f75b424
  custom:video-encoder-webm-vp8: eb34c28f22e8b96e1ab97ce403110664 -> 
  custom:audio-decoder-ogg-vorbis: bf7c407c2cedff20999df2af8eb42d56 -> 
  custom:scripting/monoscript/fileName/VertexJitter.cs: 6330f950b41eff6e5970f129864ecd6c -> d27eb5498e48714a66aece98da065133
  custom:scripting/monoscript/fileName/TextConsoleSimulator.cs: f2c8898b26c0cf2b0a1c7d12d99e6769 -> 33fc311abb20b5b0ed8f00e4d86b574e
  custom:scripting/monoscript/fileName/VertexColorCycler.cs: 135fb0ebdaf256193ccc08218c426c64 -> 5f984ca91cf3609293aecc6bc5641572
  custom:scripting/monoscript/fileName/TMP_FrameRateCounter.cs: 8afeb6f0251e063dcfff2bd827f92c62 -> 46f655df8cb483ac5958307137b1585a
  custom:scripting/monoscript/fileName/VertexShakeB.cs: 587e5b2aecc39120c2c9ff69742ce897 -> a6f78c4fcda1a29a1a1c1baefedba9e7
  custom:scripting/monoscript/fileName/TMP_UiFrameRateCounter.cs: 8fa3bcf761bb5076fd90d0361518d59c -> b01021aea19247f14a98ab338907956a
  custom:scripting/monoscript/fileName/TMPro_InstructionOverlay.cs: 194f3617683541355a9c6c8193e87b1c -> b626d2270e6ebd5c4311585c18b58d8d
  custom:scripting/monoscript/fileName/TMP_DigitValidator.cs: 4e5cde653ae28b90ab257e866c94dfce -> ac02af96215ae3951a3cce9e1a8c6085
  custom:audio-encoder-webm-vorbis: bf7c407c2cedff20999df2af8eb42d56 -> 
  custom:scripting/monoscript/fileName/Cube_Controller.cs: acd00592fa72aff7217b78bae7072f77 -> 
  custom:scripting/monoscript/fileName/Benchmark01_UGUI.cs: 52a24b07fcdd062ef495404efdb65870 -> 6148cfe2627b7708298f301788144139
  custom:scripting/precompiled-assembly-types:Assembly-CSharp: 754cd9f06af01cd0a75bb0e26b5e1d58 -> f39d0e8e1a2bdc72903fb33acfa56b16
  custom:scripting/monoscript/fileName/Benchmark03.cs: 520976d641c2b7cf395e30b045f5a45d -> 17cc87e0529ac71d909a946afb47a274
========================================================================
Received Import Request.
  Time since last request: 1246.868143 seconds.
  path: Assets/Crion/TextMesh Pro/Examples & Extras/Textures/Floor Cement.jpg
  artifactKey: Guid(283f897e4925411ebbaa758b4cb13fc2) Importer(815301076,1909f56bfc062723c751e8b465ee728b)
Start importing Assets/Crion/TextMesh Pro/Examples & Extras/Textures/Floor Cement.jpg using Guid(283f897e4925411ebbaa758b4cb13fc2) Importer(815301076,1909f56bfc062723c751e8b465ee728b) [PhysX] Initialized MultithreadedTaskDispatcher with 16 workers.
[PhysX] Initialized MultithreadedTaskDispatcher with 16 workers.
 -> (artifact id: '2e7de20b03f06df23d38998b7c392368') in 0.091666 seconds
Number of updated asset objects reloaded before import = 0
Number of asset objects unloaded after import = 2
========================================================================
Received Prepare
Caller must complete domain reload
Begin MonoManager ReloadAssembly
- Loaded All Assemblies, in  0.446 seconds
Native extension for WindowsStandalone target not found
Native extension for Android target not found
Native extension for WebGL target not found
Mono: successfully reloaded assembly
- Finished resetting the current domain, in  1.163 seconds
Domain Reload Profiling: 1609ms
	BeginReloadAssembly (155ms)
		ExecutionOrderSort (0ms)
		DisableScriptedObjects (9ms)
		BackupInstance (0ms)
		ReleaseScriptingObjects (0ms)
		CreateAndSetChildDomain (36ms)
	RebuildCommonClasses (34ms)
	RebuildNativeTypeToScriptingClass (17ms)
	initialDomainReloadingComplete (32ms)
	LoadAllAssembliesAndSetupDomain (208ms)
		LoadAssemblies (270ms)
		RebuildTransferFunctionScriptingTraits (0ms)
		AnalyzeDomain (17ms)
			TypeCache.Refresh (7ms)
				TypeCache.ScanAssembly (0ms)
			ScanForSourceGeneratedMonoScriptInfo (0ms)
			ResolveRequiredComponents (7ms)
	FinalizeReload (1163ms)
		ReleaseScriptCaches (0ms)
		RebuildScriptCaches (0ms)
		SetupLoadedEditorAssemblies (629ms)
			LogAssemblyErrors (0ms)
			InitializePlatformSupportModulesInManaged (19ms)
			SetLoadedEditorAssemblies (5ms)
			RefreshPlugins (0ms)
			BeforeProcessingInitializeOnLoad (64ms)
			ProcessInitializeOnLoadAttributes (518ms)
			ProcessInitializeOnLoadMethodAttributes (20ms)
			AfterProcessingInitializeOnLoad (2ms)
			EditorAssembliesLoaded (0ms)
		ExecutionOrderSort2 (0ms)
		AwakeInstancesAfterBackupRestoration (8ms)
Refreshing native plugins compatible for Editor in 4.54 ms, found 6 plugins.
Preloading 0 native plugins for Editor in 0.00 ms.
Unloading 3343 Unused Serialized files (Serialized files now loaded: 0)
Unloading 14 unused Assets / (28.5 KB). Loaded Objects now: 3917.
Memory consumption went from 124.1 MB to 124.0 MB.
Total: 6.911900 ms (FindLiveObjects: 0.650100 ms CreateObjectMapping: 0.180400 ms MarkObjects: 6.009900 ms  DeleteObjects: 0.070200 ms)

Prepare: number of updated asset objects reloaded= 0
AssetImportParameters requested are different than current active one (requested -> active):
  custom:scripting/monoscript/fileName/SkewTextExample.cs: f96859e31fd6dde308d9dc2a2488dcff -> c142d02d70a129e0533975f7c2f96956
  custom:container-demuxer-ogg: 62fdf1f143b41e24485cea50d1cbac27 -> 
  custom:scripting/monoscript/fileName/TMP_TextEventHandler.cs: d0f86a17d6fd3e9995db934eaaf34f18 -> f5cd9d5a43bfefc8f4fec80e6de896a4
  custom:scripting/monoscript/fileName/TextMeshProFloatingText.cs: 5a37842f75734e7729f89af9a8145a1a -> 92608fa4a6315cd0786d82205e77b697
  custom:scripting/monoscript/fileName/VertexZoom.cs: 2da4737d79388c0362c64482e9ee50d2 -> 650ab1e81d40126e3edcf737cce646e4
  custom:video-codec-MediaFoundation-h265: 746d11721c4dcdbdad8f713fa42b33f4 -> 
  custom:scripting/monoscript/fileName/VertexShakeA.cs: 16900906a98712c9660b9823af1f2500 -> 63ec564c588058369499638dd899e05b
  custom:scripting/monoscript/fileName/TMP_ExampleScript_01.cs: 59997facf165601d8c6263ace2a973a5 -> a9d4be556104ff54e7d240529b3e01dc
  custom:video-decoder-ogg-theora: a1e56fd34408186e4bbccfd4996cb3dc -> 
  custom:scripting/monoscript/fileName/TMP_TextEventCheck.cs: 7ee93fce990cec7a5b67b504d0259dce -> 13505d917eab5868c435e0c2986dadfa
  custom:scripting/monoscript/fileName/TMP_TextSelector_B.cs: c0db108de9ffc9b6f619f3d00162b1c2 -> ba2be21a7486d37b1011342977a2e49d
  custom:scripting/monoscript/fileName/Benchmark01.cs: 1fef48c763f4be76a973f061699dd041 -> 2d3e2cd961730ab95f139a49a673bace
  custom:framework-win-MediaFoundation: 216162199b28c13a410421893ffa2e32 -> 
  custom:scripting/monoscript/fileName/Benchmark02.cs: 92dcd0c0a469d0c0690d8ca0bfe95e6f -> 5640963252ce70910e726415f869ced6
  custom:scripting/monoscript/fileName/DropdownSample.cs: b4fe7efb027fdd4854f643ad764daa8c -> 0a92251794e5f10400149f96c3c59e5d
  custom:scripting/monoscript/fileName/WarpTextExample.cs: c5431dac938081648a3a3ac553c1029b -> 2663459c266363641981c7d17b698d7f
  custom:CustomObjectIndexerAttribute: 9a22284fe3817be447336de3de66b15e -> 
  custom:container-demuxer-webm: 4f35f7cbe854078d1ac9338744f61a02 -> 
  custom:scripting/monoscript/fileName/MainMenuButton.cs: e28869a6863284e74946ac915bb193f6 -> 
  custom:scripting/monoscript/fileName/ChatController.cs: ff21b89493e3dffcbe018a2cc5a10bae -> 876d5ccae6e345dd5d9450eb0a748f16
  custom:scripting/monoscript/fileName/TextMeshSpawner.cs: c0f20e5855e88374db1098a5acc68df4 -> 76f28e2ddb031571e6ec62b018f65fa8
  custom:scripting/monoscript/fileName/TeleType.cs: c18e16db35615314900dbe198d0144e7 -> 31fa97821c4c70f157ec81d507aa6b62
  custom:scripting/monoscript/fileName/Benchmark04.cs: 86dfb70824307c4cf164687df2489226 -> 32220b148620e52aa81c13a114862bf4
  custom:container-muxer-webm: aa71ff27fc2769a1b78a27578f13a17b -> 
  custom:video-decoder-webm-vp8: 9c59270c3fd7afecdb556c50c9e8de78 -> 
  custom:scripting/monoscript/fileName/TMP_PhoneNumberValidator.cs: b4c1c54136dffeb4e2962027ebaa6b1f -> 7c3049f481e464c6a9a15dee56c3126f
  custom:SearchIndexIgnoredProperties: e643bd26f0fe6173181afceb89e7c659 -> 
  custom:AudioImporter_EditorPlatform: d09bf68614088b80899f8185d706f6e7 -> 
  custom:scripting/monoscript/fileName/EnvMapAnimator.cs: 08e040d459cd881082c0dd5daba5f85c -> 1b4f61c17e4b7283c3ac351aacff9d26
  custom:scripting/monoscript/fileName/ShaderPropAnimator.cs: 88b70bc5bbc15375387323f48f0661cf -> 55ce425812446482e623ff2695c94cb2
  custom:scripting/monoscript/fileName/SimpleScript.cs: dcd92cf7399b0d08e25e4a66ab57e91e -> 454caab0c6c050f29b39d82e1d66d0fa
  custom:scripting/monoscript/fileName/ObjectSpin.cs: b34dd4d17018731600f920d50ca840f7 -> 2b96bb2079dd7fa5108d981627a28e1e
  custom:scripting/monoscript/fileName/CameraController.cs: 8d43c2def3a67efed518259a2232b470 -> 34b6be4e23ce86dc89786916c5983296
  custom:scripting/monoscript/fileName/TMP_TextInfoDebugTool.cs: 7aad42023b6f5112c90650ae13bd6dd8 -> 3f1709cfb2cc628169113a35b5e9be3f
  custom:scripting/monoscript/fileName/TMP_TextSelector_A.cs: 088357b4acdc1e6288d897936d29c8d3 -> 347309a09d56e367b188a6978f75b424
  custom:video-encoder-webm-vp8: eb34c28f22e8b96e1ab97ce403110664 -> 
  custom:audio-decoder-ogg-vorbis: bf7c407c2cedff20999df2af8eb42d56 -> 
  custom:scripting/monoscript/fileName/VertexJitter.cs: 6330f950b41eff6e5970f129864ecd6c -> d27eb5498e48714a66aece98da065133
  custom:scripting/monoscript/fileName/TextConsoleSimulator.cs: f2c8898b26c0cf2b0a1c7d12d99e6769 -> 33fc311abb20b5b0ed8f00e4d86b574e
  custom:scripting/monoscript/fileName/VertexColorCycler.cs: 135fb0ebdaf256193ccc08218c426c64 -> 5f984ca91cf3609293aecc6bc5641572
  custom:scripting/monoscript/fileName/TMP_FrameRateCounter.cs: 8afeb6f0251e063dcfff2bd827f92c62 -> 46f655df8cb483ac5958307137b1585a
  custom:scripting/monoscript/fileName/VertexShakeB.cs: 587e5b2aecc39120c2c9ff69742ce897 -> a6f78c4fcda1a29a1a1c1baefedba9e7
  custom:scripting/monoscript/fileName/TMP_UiFrameRateCounter.cs: 8fa3bcf761bb5076fd90d0361518d59c -> b01021aea19247f14a98ab338907956a
  custom:scripting/monoscript/fileName/TMPro_InstructionOverlay.cs: 194f3617683541355a9c6c8193e87b1c -> b626d2270e6ebd5c4311585c18b58d8d
  custom:scripting/monoscript/fileName/TMP_DigitValidator.cs: 4e5cde653ae28b90ab257e866c94dfce -> ac02af96215ae3951a3cce9e1a8c6085
  custom:audio-encoder-webm-vorbis: bf7c407c2cedff20999df2af8eb42d56 -> 
  custom:scripting/monoscript/fileName/Cube_Controller.cs: acd00592fa72aff7217b78bae7072f77 -> 
  custom:scripting/monoscript/fileName/Benchmark01_UGUI.cs: 52a24b07fcdd062ef495404efdb65870 -> 6148cfe2627b7708298f301788144139
  custom:scripting/precompiled-assembly-types:Assembly-CSharp: 754cd9f06af01cd0a75bb0e26b5e1d58 -> f39d0e8e1a2bdc72903fb33acfa56b16
  custom:scripting/monoscript/fileName/Benchmark03.cs: 520976d641c2b7cf395e30b045f5a45d -> 17cc87e0529ac71d909a946afb47a274
========================================================================
Received Prepare
Caller must complete domain reload
Begin MonoManager ReloadAssembly
- Loaded All Assemblies, in  0.416 seconds
Native extension for WindowsStandalone target not found
Native extension for Android target not found
Native extension for WebGL target not found
Mono: successfully reloaded assembly
- Finished resetting the current domain, in  1.047 seconds
Domain Reload Profiling: 1463ms
	BeginReloadAssembly (166ms)
		ExecutionOrderSort (0ms)
		DisableScriptedObjects (9ms)
		BackupInstance (0ms)
		ReleaseScriptingObjects (0ms)
		CreateAndSetChildDomain (40ms)
	RebuildCommonClasses (38ms)
	RebuildNativeTypeToScriptingClass (15ms)
	initialDomainReloadingComplete (28ms)
	LoadAllAssembliesAndSetupDomain (168ms)
		LoadAssemblies (233ms)
		RebuildTransferFunctionScriptingTraits (0ms)
		AnalyzeDomain (13ms)
			TypeCache.Refresh (6ms)
				TypeCache.ScanAssembly (0ms)
			ScanForSourceGeneratedMonoScriptInfo (0ms)
			ResolveRequiredComponents (6ms)
	FinalizeReload (1048ms)
		ReleaseScriptCaches (0ms)
		RebuildScriptCaches (0ms)
		SetupLoadedEditorAssemblies (562ms)
			LogAssemblyErrors (0ms)
			InitializePlatformSupportModulesInManaged (15ms)
			SetLoadedEditorAssemblies (4ms)
			RefreshPlugins (0ms)
			BeforeProcessingInitializeOnLoad (55ms)
			ProcessInitializeOnLoadAttributes (463ms)
			ProcessInitializeOnLoadMethodAttributes (23ms)
			AfterProcessingInitializeOnLoad (2ms)
			EditorAssembliesLoaded (0ms)
		ExecutionOrderSort2 (0ms)
		AwakeInstancesAfterBackupRestoration (7ms)
Refreshing native plugins compatible for Editor in 4.61 ms, found 6 plugins.
Preloading 0 native plugins for Editor in 0.00 ms.
Unloading 3344 Unused Serialized files (Serialized files now loaded: 0)
Unloading 14 unused Assets / (28.5 KB). Loaded Objects now: 3920.
Memory consumption went from 124.3 MB to 124.3 MB.
Total: 5.384300 ms (FindLiveObjects: 0.377900 ms CreateObjectMapping: 0.110900 ms MarkObjects: 4.829600 ms  DeleteObjects: 0.064300 ms)

Prepare: number of updated asset objects reloaded= 0
AssetImportParameters requested are different than current active one (requested -> active):
  custom:scripting/monoscript/fileName/SkewTextExample.cs: f96859e31fd6dde308d9dc2a2488dcff -> c142d02d70a129e0533975f7c2f96956
  custom:container-demuxer-ogg: 62fdf1f143b41e24485cea50d1cbac27 -> 
  custom:scripting/monoscript/fileName/TMP_TextEventHandler.cs: d0f86a17d6fd3e9995db934eaaf34f18 -> f5cd9d5a43bfefc8f4fec80e6de896a4
  custom:scripting/monoscript/fileName/TextMeshProFloatingText.cs: 5a37842f75734e7729f89af9a8145a1a -> 92608fa4a6315cd0786d82205e77b697
  custom:scripting/monoscript/fileName/VertexZoom.cs: 2da4737d79388c0362c64482e9ee50d2 -> 650ab1e81d40126e3edcf737cce646e4
  custom:video-codec-MediaFoundation-h265: 746d11721c4dcdbdad8f713fa42b33f4 -> 
  custom:scripting/monoscript/fileName/VertexShakeA.cs: 16900906a98712c9660b9823af1f2500 -> 63ec564c588058369499638dd899e05b
  custom:scripting/monoscript/fileName/TMP_ExampleScript_01.cs: 59997facf165601d8c6263ace2a973a5 -> a9d4be556104ff54e7d240529b3e01dc
  custom:video-decoder-ogg-theora: a1e56fd34408186e4bbccfd4996cb3dc -> 
  custom:scripting/monoscript/fileName/TMP_TextEventCheck.cs: 7ee93fce990cec7a5b67b504d0259dce -> 13505d917eab5868c435e0c2986dadfa
  custom:scripting/monoscript/fileName/TMP_TextSelector_B.cs: c0db108de9ffc9b6f619f3d00162b1c2 -> ba2be21a7486d37b1011342977a2e49d
  custom:scripting/monoscript/fileName/Benchmark01.cs: 1fef48c763f4be76a973f061699dd041 -> 2d3e2cd961730ab95f139a49a673bace
  custom:framework-win-MediaFoundation: 216162199b28c13a410421893ffa2e32 -> 
  custom:scripting/monoscript/fileName/Benchmark02.cs: 92dcd0c0a469d0c0690d8ca0bfe95e6f -> 5640963252ce70910e726415f869ced6
  custom:scripting/monoscript/fileName/DropdownSample.cs: b4fe7efb027fdd4854f643ad764daa8c -> 0a92251794e5f10400149f96c3c59e5d
  custom:scripting/monoscript/fileName/WarpTextExample.cs: c5431dac938081648a3a3ac553c1029b -> 2663459c266363641981c7d17b698d7f
  custom:CustomObjectIndexerAttribute: 9a22284fe3817be447336de3de66b15e -> 
  custom:container-demuxer-webm: 4f35f7cbe854078d1ac9338744f61a02 -> 
  custom:scripting/monoscript/fileName/MainMenuButton.cs: e28869a6863284e74946ac915bb193f6 -> 
  custom:scripting/monoscript/fileName/ChatController.cs: ff21b89493e3dffcbe018a2cc5a10bae -> 876d5ccae6e345dd5d9450eb0a748f16
  custom:scripting/monoscript/fileName/TextMeshSpawner.cs: c0f20e5855e88374db1098a5acc68df4 -> 76f28e2ddb031571e6ec62b018f65fa8
  custom:scripting/monoscript/fileName/TeleType.cs: c18e16db35615314900dbe198d0144e7 -> 31fa97821c4c70f157ec81d507aa6b62
  custom:scripting/monoscript/fileName/Benchmark04.cs: 86dfb70824307c4cf164687df2489226 -> 32220b148620e52aa81c13a114862bf4
  custom:container-muxer-webm: aa71ff27fc2769a1b78a27578f13a17b -> 
  custom:video-decoder-webm-vp8: 9c59270c3fd7afecdb556c50c9e8de78 -> 
  custom:scripting/monoscript/fileName/TMP_PhoneNumberValidator.cs: b4c1c54136dffeb4e2962027ebaa6b1f -> 7c3049f481e464c6a9a15dee56c3126f
  custom:SearchIndexIgnoredProperties: e643bd26f0fe6173181afceb89e7c659 -> 
  custom:AudioImporter_EditorPlatform: d09bf68614088b80899f8185d706f6e7 -> 
  custom:scripting/monoscript/fileName/EnvMapAnimator.cs: 08e040d459cd881082c0dd5daba5f85c -> 1b4f61c17e4b7283c3ac351aacff9d26
  custom:scripting/monoscript/fileName/ShaderPropAnimator.cs: 88b70bc5bbc15375387323f48f0661cf -> 55ce425812446482e623ff2695c94cb2
  custom:scripting/monoscript/fileName/SimpleScript.cs: dcd92cf7399b0d08e25e4a66ab57e91e -> 454caab0c6c050f29b39d82e1d66d0fa
  custom:scripting/monoscript/fileName/ObjectSpin.cs: b34dd4d17018731600f920d50ca840f7 -> 2b96bb2079dd7fa5108d981627a28e1e
  custom:scripting/monoscript/fileName/CameraController.cs: 8d43c2def3a67efed518259a2232b470 -> 34b6be4e23ce86dc89786916c5983296
  custom:scripting/monoscript/fileName/TMP_TextInfoDebugTool.cs: 7aad42023b6f5112c90650ae13bd6dd8 -> 3f1709cfb2cc628169113a35b5e9be3f
  custom:scripting/monoscript/fileName/TMP_TextSelector_A.cs: 088357b4acdc1e6288d897936d29c8d3 -> 347309a09d56e367b188a6978f75b424
  custom:video-encoder-webm-vp8: eb34c28f22e8b96e1ab97ce403110664 -> 
  custom:audio-decoder-ogg-vorbis: bf7c407c2cedff20999df2af8eb42d56 -> 
  custom:scripting/monoscript/fileName/VertexJitter.cs: 6330f950b41eff6e5970f129864ecd6c -> d27eb5498e48714a66aece98da065133
  custom:scripting/monoscript/fileName/TextConsoleSimulator.cs: f2c8898b26c0cf2b0a1c7d12d99e6769 -> 33fc311abb20b5b0ed8f00e4d86b574e
  custom:scripting/monoscript/fileName/VertexColorCycler.cs: 135fb0ebdaf256193ccc08218c426c64 -> 5f984ca91cf3609293aecc6bc5641572
  custom:scripting/monoscript/fileName/TMP_FrameRateCounter.cs: 8afeb6f0251e063dcfff2bd827f92c62 -> 46f655df8cb483ac5958307137b1585a
  custom:scripting/monoscript/fileName/VertexShakeB.cs: 587e5b2aecc39120c2c9ff69742ce897 -> a6f78c4fcda1a29a1a1c1baefedba9e7
  custom:scripting/monoscript/fileName/TMP_UiFrameRateCounter.cs: 8fa3bcf761bb5076fd90d0361518d59c -> b01021aea19247f14a98ab338907956a
  custom:scripting/monoscript/fileName/TMPro_InstructionOverlay.cs: 194f3617683541355a9c6c8193e87b1c -> b626d2270e6ebd5c4311585c18b58d8d
  custom:scripting/monoscript/fileName/TMP_DigitValidator.cs: 4e5cde653ae28b90ab257e866c94dfce -> ac02af96215ae3951a3cce9e1a8c6085
  custom:audio-encoder-webm-vorbis: bf7c407c2cedff20999df2af8eb42d56 -> 
  custom:scripting/monoscript/fileName/Cube_Controller.cs: acd00592fa72aff7217b78bae7072f77 -> 
  custom:scripting/monoscript/fileName/Benchmark01_UGUI.cs: 52a24b07fcdd062ef495404efdb65870 -> 6148cfe2627b7708298f301788144139
  custom:scripting/precompiled-assembly-types:Assembly-CSharp: 754cd9f06af01cd0a75bb0e26b5e1d58 -> f39d0e8e1a2bdc72903fb33acfa56b16
  custom:scripting/monoscript/fileName/Benchmark03.cs: 520976d641c2b7cf395e30b045f5a45d -> 17cc87e0529ac71d909a946afb47a274
========================================================================
Received Import Request.
  Time since last request: 172.406239 seconds.
  path: Assets/Crion/Materials/Black 1.mat
  artifactKey: Guid(8d86ac90f6202e2498e5b41283577545) Importer(815301076,1909f56bfc062723c751e8b465ee728b)
Start importing Assets/Crion/Materials/Black 1.mat using Guid(8d86ac90f6202e2498e5b41283577545) Importer(815301076,1909f56bfc062723c751e8b465ee728b) [PhysX] Initialized MultithreadedTaskDispatcher with 16 workers.
[PhysX] Initialized MultithreadedTaskDispatcher with 16 workers.
 -> (artifact id: '91bcd66d01a825b2eeb60d37d157f7ee') in 0.229899 seconds
Number of updated asset objects reloaded before import = 0
Number of asset objects unloaded after import = 1
========================================================================
Received Import Request.
  Time since last request: 12.636816 seconds.
  path: Assets/Crion/Materials/Purple.mat
  artifactKey: Guid(8d86ac90f6202e2498e5b41283577545) Importer(815301076,1909f56bfc062723c751e8b465ee728b)
Start importing Assets/Crion/Materials/Purple.mat using Guid(8d86ac90f6202e2498e5b41283577545) Importer(815301076,1909f56bfc062723c751e8b465ee728b) [PhysX] Initialized MultithreadedTaskDispatcher with 16 workers.
[PhysX] Initialized MultithreadedTaskDispatcher with 16 workers.
 -> (artifact id: '362e79daf865f4f459dd7420d28a29a6') in 0.025821 seconds
Number of updated asset objects reloaded before import = 0
Number of asset objects unloaded after import = 1
========================================================================
Received Import Request.
  Time since last request: 5.751085 seconds.
  path: Assets/Crion/Materials/Purple.mat
  artifactKey: Guid(8d86ac90f6202e2498e5b41283577545) Importer(815301076,1909f56bfc062723c751e8b465ee728b)
Start importing Assets/Crion/Materials/Purple.mat using Guid(8d86ac90f6202e2498e5b41283577545) Importer(815301076,1909f56bfc062723c751e8b465ee728b) [PhysX] Initialized MultithreadedTaskDispatcher with 16 workers.
[PhysX] Initialized MultithreadedTaskDispatcher with 16 workers.
 -> (artifact id: '8eb281482190a10e2fd42e9807b7db6b') in 0.022217 seconds
Number of updated asset objects reloaded before import = 0
Number of asset objects unloaded after import = 1
========================================================================
Received Prepare
Caller must complete domain reload
Begin MonoManager ReloadAssembly
- Loaded All Assemblies, in  0.425 seconds
Native extension for WindowsStandalone target not found
Native extension for Android target not found
Native extension for WebGL target not found
Mono: successfully reloaded assembly
- Finished resetting the current domain, in  1.120 seconds
Domain Reload Profiling: 1545ms
	BeginReloadAssembly (164ms)
		ExecutionOrderSort (0ms)
		DisableScriptedObjects (5ms)
		BackupInstance (0ms)
		ReleaseScriptingObjects (0ms)
		CreateAndSetChildDomain (37ms)
	RebuildCommonClasses (34ms)
	RebuildNativeTypeToScriptingClass (12ms)
	initialDomainReloadingComplete (29ms)
	LoadAllAssembliesAndSetupDomain (186ms)
		LoadAssemblies (263ms)
		RebuildTransferFunctionScriptingTraits (0ms)
		AnalyzeDomain (14ms)
			TypeCache.Refresh (6ms)
				TypeCache.ScanAssembly (0ms)
			ScanForSourceGeneratedMonoScriptInfo (0ms)
			ResolveRequiredComponents (6ms)
	FinalizeReload (1120ms)
		ReleaseScriptCaches (0ms)
		RebuildScriptCaches (0ms)
		SetupLoadedEditorAssemblies (621ms)
			LogAssemblyErrors (0ms)
			InitializePlatformSupportModulesInManaged (21ms)
			SetLoadedEditorAssemblies (4ms)
			RefreshPlugins (0ms)
			BeforeProcessingInitializeOnLoad (68ms)
			ProcessInitializeOnLoadAttributes (500ms)
			ProcessInitializeOnLoadMethodAttributes (25ms)
			AfterProcessingInitializeOnLoad (2ms)
			EditorAssembliesLoaded (0ms)
		ExecutionOrderSort2 (0ms)
		AwakeInstancesAfterBackupRestoration (8ms)
Refreshing native plugins compatible for Editor in 4.89 ms, found 6 plugins.
Preloading 0 native plugins for Editor in 0.00 ms.
Unloading 3343 Unused Serialized files (Serialized files now loaded: 0)
Unloading 14 unused Assets / (28.5 KB). Loaded Objects now: 3963.
Memory consumption went from 128.8 MB to 128.7 MB.
Total: 6.316200 ms (FindLiveObjects: 0.516100 ms CreateObjectMapping: 0.168400 ms MarkObjects: 5.534300 ms  DeleteObjects: 0.096200 ms)

Prepare: number of updated asset objects reloaded= 0
AssetImportParameters requested are different than current active one (requested -> active):
  custom:scripting/monoscript/fileName/SkewTextExample.cs: f96859e31fd6dde308d9dc2a2488dcff -> c142d02d70a129e0533975f7c2f96956
  custom:container-demuxer-ogg: 62fdf1f143b41e24485cea50d1cbac27 -> 
  custom:scripting/monoscript/fileName/TMP_TextEventHandler.cs: d0f86a17d6fd3e9995db934eaaf34f18 -> f5cd9d5a43bfefc8f4fec80e6de896a4
  custom:scripting/monoscript/fileName/TextMeshProFloatingText.cs: 5a37842f75734e7729f89af9a8145a1a -> 92608fa4a6315cd0786d82205e77b697
  custom:scripting/monoscript/fileName/VertexZoom.cs: 2da4737d79388c0362c64482e9ee50d2 -> 650ab1e81d40126e3edcf737cce646e4
  custom:video-codec-MediaFoundation-h265: 746d11721c4dcdbdad8f713fa42b33f4 -> 
  custom:scripting/monoscript/fileName/VertexShakeA.cs: 16900906a98712c9660b9823af1f2500 -> 63ec564c588058369499638dd899e05b
  custom:scripting/monoscript/fileName/TMP_ExampleScript_01.cs: 59997facf165601d8c6263ace2a973a5 -> a9d4be556104ff54e7d240529b3e01dc
  custom:video-decoder-ogg-theora: a1e56fd34408186e4bbccfd4996cb3dc -> 
  custom:scripting/monoscript/fileName/TMP_TextEventCheck.cs: 7ee93fce990cec7a5b67b504d0259dce -> 13505d917eab5868c435e0c2986dadfa
  custom:scripting/monoscript/fileName/TMP_TextSelector_B.cs: c0db108de9ffc9b6f619f3d00162b1c2 -> ba2be21a7486d37b1011342977a2e49d
  custom:scripting/monoscript/fileName/Benchmark01.cs: 1fef48c763f4be76a973f061699dd041 -> 2d3e2cd961730ab95f139a49a673bace
  custom:framework-win-MediaFoundation: 216162199b28c13a410421893ffa2e32 -> 
  custom:scripting/monoscript/fileName/Benchmark02.cs: 92dcd0c0a469d0c0690d8ca0bfe95e6f -> 5640963252ce70910e726415f869ced6
  custom:scripting/monoscript/fileName/DropdownSample.cs: b4fe7efb027fdd4854f643ad764daa8c -> 0a92251794e5f10400149f96c3c59e5d
  custom:scripting/monoscript/fileName/WarpTextExample.cs: c5431dac938081648a3a3ac553c1029b -> 2663459c266363641981c7d17b698d7f
  custom:CustomObjectIndexerAttribute: 9a22284fe3817be447336de3de66b15e -> 
  custom:container-demuxer-webm: 4f35f7cbe854078d1ac9338744f61a02 -> 
  custom:scripting/monoscript/fileName/MainMenuButton.cs: e28869a6863284e74946ac915bb193f6 -> 
  custom:scripting/monoscript/fileName/ChatController.cs: ff21b89493e3dffcbe018a2cc5a10bae -> 876d5ccae6e345dd5d9450eb0a748f16
  custom:scripting/monoscript/fileName/TextMeshSpawner.cs: c0f20e5855e88374db1098a5acc68df4 -> 76f28e2ddb031571e6ec62b018f65fa8
  custom:scripting/monoscript/fileName/TeleType.cs: c18e16db35615314900dbe198d0144e7 -> 31fa97821c4c70f157ec81d507aa6b62
  custom:scripting/monoscript/fileName/Benchmark04.cs: 86dfb70824307c4cf164687df2489226 -> 32220b148620e52aa81c13a114862bf4
  custom:container-muxer-webm: aa71ff27fc2769a1b78a27578f13a17b -> 
  custom:video-decoder-webm-vp8: 9c59270c3fd7afecdb556c50c9e8de78 -> 
  custom:scripting/monoscript/fileName/TMP_PhoneNumberValidator.cs: b4c1c54136dffeb4e2962027ebaa6b1f -> 7c3049f481e464c6a9a15dee56c3126f
  custom:SearchIndexIgnoredProperties: e643bd26f0fe6173181afceb89e7c659 -> 
  custom:AudioImporter_EditorPlatform: d09bf68614088b80899f8185d706f6e7 -> 
  custom:scripting/monoscript/fileName/EnvMapAnimator.cs: 08e040d459cd881082c0dd5daba5f85c -> 1b4f61c17e4b7283c3ac351aacff9d26
  custom:scripting/monoscript/fileName/ShaderPropAnimator.cs: 88b70bc5bbc15375387323f48f0661cf -> 55ce425812446482e623ff2695c94cb2
  custom:scripting/monoscript/fileName/SimpleScript.cs: dcd92cf7399b0d08e25e4a66ab57e91e -> 454caab0c6c050f29b39d82e1d66d0fa
  custom:scripting/monoscript/fileName/ObjectSpin.cs: b34dd4d17018731600f920d50ca840f7 -> 2b96bb2079dd7fa5108d981627a28e1e
  custom:scripting/monoscript/fileName/CameraController.cs: 8d43c2def3a67efed518259a2232b470 -> 34b6be4e23ce86dc89786916c5983296
  custom:scripting/monoscript/fileName/TMP_TextInfoDebugTool.cs: 7aad42023b6f5112c90650ae13bd6dd8 -> 3f1709cfb2cc628169113a35b5e9be3f
  custom:scripting/monoscript/fileName/TMP_TextSelector_A.cs: 088357b4acdc1e6288d897936d29c8d3 -> 347309a09d56e367b188a6978f75b424
  custom:video-encoder-webm-vp8: eb34c28f22e8b96e1ab97ce403110664 -> 
  custom:audio-decoder-ogg-vorbis: bf7c407c2cedff20999df2af8eb42d56 -> 
  custom:scripting/monoscript/fileName/VertexJitter.cs: 6330f950b41eff6e5970f129864ecd6c -> d27eb5498e48714a66aece98da065133
  custom:scripting/monoscript/fileName/TextConsoleSimulator.cs: f2c8898b26c0cf2b0a1c7d12d99e6769 -> 33fc311abb20b5b0ed8f00e4d86b574e
  custom:scripting/monoscript/fileName/VertexColorCycler.cs: 135fb0ebdaf256193ccc08218c426c64 -> 5f984ca91cf3609293aecc6bc5641572
  custom:scripting/monoscript/fileName/TMP_FrameRateCounter.cs: 8afeb6f0251e063dcfff2bd827f92c62 -> 46f655df8cb483ac5958307137b1585a
  custom:scripting/monoscript/fileName/VertexShakeB.cs: 587e5b2aecc39120c2c9ff69742ce897 -> a6f78c4fcda1a29a1a1c1baefedba9e7
  custom:scripting/monoscript/fileName/TMP_UiFrameRateCounter.cs: 8fa3bcf761bb5076fd90d0361518d59c -> b01021aea19247f14a98ab338907956a
  custom:scripting/monoscript/fileName/TMPro_InstructionOverlay.cs: 194f3617683541355a9c6c8193e87b1c -> b626d2270e6ebd5c4311585c18b58d8d
  custom:scripting/monoscript/fileName/TMP_DigitValidator.cs: 4e5cde653ae28b90ab257e866c94dfce -> ac02af96215ae3951a3cce9e1a8c6085
  custom:audio-encoder-webm-vorbis: bf7c407c2cedff20999df2af8eb42d56 -> 
  custom:scripting/monoscript/fileName/Cube_Controller.cs: acd00592fa72aff7217b78bae7072f77 -> 
  custom:scripting/monoscript/fileName/Benchmark01_UGUI.cs: 52a24b07fcdd062ef495404efdb65870 -> 6148cfe2627b7708298f301788144139
  custom:scripting/precompiled-assembly-types:Assembly-CSharp: 754cd9f06af01cd0a75bb0e26b5e1d58 -> f39d0e8e1a2bdc72903fb33acfa56b16
  custom:scripting/monoscript/fileName/Benchmark03.cs: 520976d641c2b7cf395e30b045f5a45d -> 17cc87e0529ac71d909a946afb47a274
========================================================================
Received Prepare
Caller must complete domain reload
Begin MonoManager ReloadAssembly
- Loaded All Assemblies, in  0.615 seconds
Native extension for WindowsStandalone target not found
Native extension for Android target not found
Native extension for WebGL target not found
Mono: successfully reloaded assembly
- Finished resetting the current domain, in  1.459 seconds
Domain Reload Profiling: 2074ms
	BeginReloadAssembly (239ms)
		ExecutionOrderSort (0ms)
		DisableScriptedObjects (8ms)
		BackupInstance (0ms)
		ReleaseScriptingObjects (0ms)
		CreateAndSetChildDomain (49ms)
	RebuildCommonClasses (72ms)
	RebuildNativeTypeToScriptingClass (18ms)
	initialDomainReloadingComplete (39ms)
	LoadAllAssembliesAndSetupDomain (247ms)
		LoadAssemblies (358ms)
		RebuildTransferFunctionScriptingTraits (0ms)
		AnalyzeDomain (30ms)
			TypeCache.Refresh (12ms)
				TypeCache.ScanAssembly (1ms)
			ScanForSourceGeneratedMonoScriptInfo (9ms)
			ResolveRequiredComponents (6ms)
	FinalizeReload (1460ms)
		ReleaseScriptCaches (0ms)
		RebuildScriptCaches (0ms)
		SetupLoadedEditorAssemblies (757ms)
			LogAssemblyErrors (0ms)
			InitializePlatformSupportModulesInManaged (32ms)
			SetLoadedEditorAssemblies (7ms)
			RefreshPlugins (0ms)
			BeforeProcessingInitializeOnLoad (101ms)
			ProcessInitializeOnLoadAttributes (591ms)
			ProcessInitializeOnLoadMethodAttributes (22ms)
			AfterProcessingInitializeOnLoad (3ms)
			EditorAssembliesLoaded (0ms)
		ExecutionOrderSort2 (0ms)
		AwakeInstancesAfterBackupRestoration (6ms)
Refreshing native plugins compatible for Editor in 4.00 ms, found 6 plugins.
Preloading 0 native plugins for Editor in 0.00 ms.
Unloading 3344 Unused Serialized files (Serialized files now loaded: 0)
Unloading 14 unused Assets / (28.5 KB). Loaded Objects now: 3966.
Memory consumption went from 129.0 MB to 129.0 MB.
Total: 5.843100 ms (FindLiveObjects: 0.486000 ms CreateObjectMapping: 0.128700 ms MarkObjects: 5.162300 ms  DeleteObjects: 0.064400 ms)

Prepare: number of updated asset objects reloaded= 0
AssetImportParameters requested are different than current active one (requested -> active):
  custom:scripting/monoscript/fileName/SkewTextExample.cs: f96859e31fd6dde308d9dc2a2488dcff -> c142d02d70a129e0533975f7c2f96956
  custom:container-demuxer-ogg: 62fdf1f143b41e24485cea50d1cbac27 -> 
  custom:scripting/monoscript/fileName/TMP_TextEventHandler.cs: d0f86a17d6fd3e9995db934eaaf34f18 -> f5cd9d5a43bfefc8f4fec80e6de896a4
  custom:scripting/monoscript/fileName/TextMeshProFloatingText.cs: 5a37842f75734e7729f89af9a8145a1a -> 92608fa4a6315cd0786d82205e77b697
  custom:scripting/monoscript/fileName/VertexZoom.cs: 2da4737d79388c0362c64482e9ee50d2 -> 650ab1e81d40126e3edcf737cce646e4
  custom:video-codec-MediaFoundation-h265: 746d11721c4dcdbdad8f713fa42b33f4 -> 
  custom:scripting/monoscript/fileName/VertexShakeA.cs: 16900906a98712c9660b9823af1f2500 -> 63ec564c588058369499638dd899e05b
  custom:scripting/monoscript/fileName/TMP_ExampleScript_01.cs: 59997facf165601d8c6263ace2a973a5 -> a9d4be556104ff54e7d240529b3e01dc
  custom:video-decoder-ogg-theora: a1e56fd34408186e4bbccfd4996cb3dc -> 
  custom:scripting/monoscript/fileName/TMP_TextEventCheck.cs: 7ee93fce990cec7a5b67b504d0259dce -> 13505d917eab5868c435e0c2986dadfa
  custom:scripting/monoscript/fileName/TMP_TextSelector_B.cs: c0db108de9ffc9b6f619f3d00162b1c2 -> ba2be21a7486d37b1011342977a2e49d
  custom:scripting/monoscript/fileName/Benchmark01.cs: 1fef48c763f4be76a973f061699dd041 -> 2d3e2cd961730ab95f139a49a673bace
  custom:framework-win-MediaFoundation: 216162199b28c13a410421893ffa2e32 -> 
  custom:scripting/monoscript/fileName/Benchmark02.cs: 92dcd0c0a469d0c0690d8ca0bfe95e6f -> 5640963252ce70910e726415f869ced6
  custom:scripting/monoscript/fileName/DropdownSample.cs: b4fe7efb027fdd4854f643ad764daa8c -> 0a92251794e5f10400149f96c3c59e5d
  custom:scripting/monoscript/fileName/WarpTextExample.cs: c5431dac938081648a3a3ac553c1029b -> 2663459c266363641981c7d17b698d7f
  custom:CustomObjectIndexerAttribute: 9a22284fe3817be447336de3de66b15e -> 
  custom:container-demuxer-webm: 4f35f7cbe854078d1ac9338744f61a02 -> 
  custom:scripting/monoscript/fileName/MainMenuButton.cs: e28869a6863284e74946ac915bb193f6 -> 
  custom:scripting/monoscript/fileName/ChatController.cs: ff21b89493e3dffcbe018a2cc5a10bae -> 876d5ccae6e345dd5d9450eb0a748f16
  custom:scripting/monoscript/fileName/TextMeshSpawner.cs: c0f20e5855e88374db1098a5acc68df4 -> 76f28e2ddb031571e6ec62b018f65fa8
  custom:scripting/monoscript/fileName/TeleType.cs: c18e16db35615314900dbe198d0144e7 -> 31fa97821c4c70f157ec81d507aa6b62
  custom:scripting/monoscript/fileName/Benchmark04.cs: 86dfb70824307c4cf164687df2489226 -> 32220b148620e52aa81c13a114862bf4
  custom:container-muxer-webm: aa71ff27fc2769a1b78a27578f13a17b -> 
  custom:video-decoder-webm-vp8: 9c59270c3fd7afecdb556c50c9e8de78 -> 
  custom:scripting/monoscript/fileName/TMP_PhoneNumberValidator.cs: b4c1c54136dffeb4e2962027ebaa6b1f -> 7c3049f481e464c6a9a15dee56c3126f
  custom:SearchIndexIgnoredProperties: e643bd26f0fe6173181afceb89e7c659 -> 
  custom:AudioImporter_EditorPlatform: d09bf68614088b80899f8185d706f6e7 -> 
  custom:scripting/monoscript/fileName/EnvMapAnimator.cs: 08e040d459cd881082c0dd5daba5f85c -> 1b4f61c17e4b7283c3ac351aacff9d26
  custom:scripting/monoscript/fileName/ShaderPropAnimator.cs: 88b70bc5bbc15375387323f48f0661cf -> 55ce425812446482e623ff2695c94cb2
  custom:scripting/monoscript/fileName/SimpleScript.cs: dcd92cf7399b0d08e25e4a66ab57e91e -> 454caab0c6c050f29b39d82e1d66d0fa
  custom:scripting/monoscript/fileName/ObjectSpin.cs: b34dd4d17018731600f920d50ca840f7 -> 2b96bb2079dd7fa5108d981627a28e1e
  custom:scripting/monoscript/fileName/CameraController.cs: 8d43c2def3a67efed518259a2232b470 -> 34b6be4e23ce86dc89786916c5983296
  custom:scripting/monoscript/fileName/TMP_TextInfoDebugTool.cs: 7aad42023b6f5112c90650ae13bd6dd8 -> 3f1709cfb2cc628169113a35b5e9be3f
  custom:scripting/monoscript/fileName/TMP_TextSelector_A.cs: 088357b4acdc1e6288d897936d29c8d3 -> 347309a09d56e367b188a6978f75b424
  custom:video-encoder-webm-vp8: eb34c28f22e8b96e1ab97ce403110664 -> 
  custom:audio-decoder-ogg-vorbis: bf7c407c2cedff20999df2af8eb42d56 -> 
  custom:scripting/monoscript/fileName/VertexJitter.cs: 6330f950b41eff6e5970f129864ecd6c -> d27eb5498e48714a66aece98da065133
  custom:scripting/monoscript/fileName/TextConsoleSimulator.cs: f2c8898b26c0cf2b0a1c7d12d99e6769 -> 33fc311abb20b5b0ed8f00e4d86b574e
  custom:scripting/monoscript/fileName/VertexColorCycler.cs: 135fb0ebdaf256193ccc08218c426c64 -> 5f984ca91cf3609293aecc6bc5641572
  custom:scripting/monoscript/fileName/TMP_FrameRateCounter.cs: 8afeb6f0251e063dcfff2bd827f92c62 -> 46f655df8cb483ac5958307137b1585a
  custom:scripting/monoscript/fileName/VertexShakeB.cs: 587e5b2aecc39120c2c9ff69742ce897 -> a6f78c4fcda1a29a1a1c1baefedba9e7
  custom:scripting/monoscript/fileName/TMP_UiFrameRateCounter.cs: 8fa3bcf761bb5076fd90d0361518d59c -> b01021aea19247f14a98ab338907956a
  custom:scripting/monoscript/fileName/TMPro_InstructionOverlay.cs: 194f3617683541355a9c6c8193e87b1c -> b626d2270e6ebd5c4311585c18b58d8d
  custom:scripting/monoscript/fileName/TMP_DigitValidator.cs: 4e5cde653ae28b90ab257e866c94dfce -> ac02af96215ae3951a3cce9e1a8c6085
  custom:audio-encoder-webm-vorbis: bf7c407c2cedff20999df2af8eb42d56 -> 
  custom:scripting/monoscript/fileName/Cube_Controller.cs: acd00592fa72aff7217b78bae7072f77 -> 
  custom:scripting/monoscript/fileName/Benchmark01_UGUI.cs: 52a24b07fcdd062ef495404efdb65870 -> 6148cfe2627b7708298f301788144139
  custom:scripting/precompiled-assembly-types:Assembly-CSharp: 754cd9f06af01cd0a75bb0e26b5e1d58 -> f39d0e8e1a2bdc72903fb33acfa56b16
  custom:scripting/monoscript/fileName/Benchmark03.cs: 520976d641c2b7cf395e30b045f5a45d -> 17cc87e0529ac71d909a946afb47a274
========================================================================
Received Prepare
Caller must complete domain reload
Begin MonoManager ReloadAssembly
- Loaded All Assemblies, in  0.408 seconds
Native extension for WindowsStandalone target not found
Native extension for Android target not found
Native extension for WebGL target not found
Mono: successfully reloaded assembly
- Finished resetting the current domain, in  1.086 seconds
Domain Reload Profiling: 1494ms
	BeginReloadAssembly (162ms)
		ExecutionOrderSort (0ms)
		DisableScriptedObjects (5ms)
		BackupInstance (0ms)
		ReleaseScriptingObjects (0ms)
		CreateAndSetChildDomain (33ms)
	RebuildCommonClasses (36ms)
	RebuildNativeTypeToScriptingClass (10ms)
	initialDomainReloadingComplete (28ms)
	LoadAllAssembliesAndSetupDomain (172ms)
		LoadAssemblies (254ms)
		RebuildTransferFunctionScriptingTraits (0ms)
		AnalyzeDomain (12ms)
			TypeCache.Refresh (5ms)
				TypeCache.ScanAssembly (0ms)
			ScanForSourceGeneratedMonoScriptInfo (0ms)
			ResolveRequiredComponents (5ms)
	FinalizeReload (1087ms)
		ReleaseScriptCaches (0ms)
		RebuildScriptCaches (0ms)
		SetupLoadedEditorAssemblies (628ms)
			LogAssemblyErrors (0ms)
			InitializePlatformSupportModulesInManaged (17ms)
			SetLoadedEditorAssemblies (5ms)
			RefreshPlugins (0ms)
			BeforeProcessingInitializeOnLoad (75ms)
			ProcessInitializeOnLoadAttributes (509ms)
			ProcessInitializeOnLoadMethodAttributes (20ms)
			AfterProcessingInitializeOnLoad (2ms)
			EditorAssembliesLoaded (0ms)
		ExecutionOrderSort2 (0ms)
		AwakeInstancesAfterBackupRestoration (6ms)
Refreshing native plugins compatible for Editor in 4.12 ms, found 6 plugins.
Preloading 0 native plugins for Editor in 0.00 ms.
Unloading 3344 Unused Serialized files (Serialized files now loaded: 0)
Unloading 14 unused Assets / (28.4 KB). Loaded Objects now: 3969.
Memory consumption went from 129.0 MB to 129.0 MB.
Total: 5.396200 ms (FindLiveObjects: 0.465700 ms CreateObjectMapping: 0.142700 ms MarkObjects: 4.713700 ms  DeleteObjects: 0.072800 ms)

Prepare: number of updated asset objects reloaded= 0
AssetImportParameters requested are different than current active one (requested -> active):
  custom:scripting/monoscript/fileName/SkewTextExample.cs: f96859e31fd6dde308d9dc2a2488dcff -> c142d02d70a129e0533975f7c2f96956
  custom:container-demuxer-ogg: 62fdf1f143b41e24485cea50d1cbac27 -> 
  custom:scripting/monoscript/fileName/TMP_TextEventHandler.cs: d0f86a17d6fd3e9995db934eaaf34f18 -> f5cd9d5a43bfefc8f4fec80e6de896a4
  custom:scripting/monoscript/fileName/TextMeshProFloatingText.cs: 5a37842f75734e7729f89af9a8145a1a -> 92608fa4a6315cd0786d82205e77b697
  custom:scripting/monoscript/fileName/VertexZoom.cs: 2da4737d79388c0362c64482e9ee50d2 -> 650ab1e81d40126e3edcf737cce646e4
  custom:video-codec-MediaFoundation-h265: 746d11721c4dcdbdad8f713fa42b33f4 -> 
  custom:scripting/monoscript/fileName/VertexShakeA.cs: 16900906a98712c9660b9823af1f2500 -> 63ec564c588058369499638dd899e05b
  custom:scripting/monoscript/fileName/TMP_ExampleScript_01.cs: 59997facf165601d8c6263ace2a973a5 -> a9d4be556104ff54e7d240529b3e01dc
  custom:video-decoder-ogg-theora: a1e56fd34408186e4bbccfd4996cb3dc -> 
  custom:scripting/monoscript/fileName/TMP_TextEventCheck.cs: 7ee93fce990cec7a5b67b504d0259dce -> 13505d917eab5868c435e0c2986dadfa
  custom:scripting/monoscript/fileName/TMP_TextSelector_B.cs: c0db108de9ffc9b6f619f3d00162b1c2 -> ba2be21a7486d37b1011342977a2e49d
  custom:scripting/monoscript/fileName/Benchmark01.cs: 1fef48c763f4be76a973f061699dd041 -> 2d3e2cd961730ab95f139a49a673bace
  custom:framework-win-MediaFoundation: 216162199b28c13a410421893ffa2e32 -> 
  custom:scripting/monoscript/fileName/Benchmark02.cs: 92dcd0c0a469d0c0690d8ca0bfe95e6f -> 5640963252ce70910e726415f869ced6
  custom:scripting/monoscript/fileName/DropdownSample.cs: b4fe7efb027fdd4854f643ad764daa8c -> 0a92251794e5f10400149f96c3c59e5d
  custom:scripting/monoscript/fileName/WarpTextExample.cs: c5431dac938081648a3a3ac553c1029b -> 2663459c266363641981c7d17b698d7f
  custom:CustomObjectIndexerAttribute: 9a22284fe3817be447336de3de66b15e -> 
  custom:container-demuxer-webm: 4f35f7cbe854078d1ac9338744f61a02 -> 
  custom:scripting/monoscript/fileName/MainMenuButton.cs: e28869a6863284e74946ac915bb193f6 -> 
  custom:scripting/monoscript/fileName/ChatController.cs: ff21b89493e3dffcbe018a2cc5a10bae -> 876d5ccae6e345dd5d9450eb0a748f16
  custom:scripting/monoscript/fileName/TextMeshSpawner.cs: c0f20e5855e88374db1098a5acc68df4 -> 76f28e2ddb031571e6ec62b018f65fa8
  custom:scripting/monoscript/fileName/TeleType.cs: c18e16db35615314900dbe198d0144e7 -> 31fa97821c4c70f157ec81d507aa6b62
  custom:scripting/monoscript/fileName/Benchmark04.cs: 86dfb70824307c4cf164687df2489226 -> 32220b148620e52aa81c13a114862bf4
  custom:container-muxer-webm: aa71ff27fc2769a1b78a27578f13a17b -> 
  custom:video-decoder-webm-vp8: 9c59270c3fd7afecdb556c50c9e8de78 -> 
  custom:scripting/monoscript/fileName/TMP_PhoneNumberValidator.cs: b4c1c54136dffeb4e2962027ebaa6b1f -> 7c3049f481e464c6a9a15dee56c3126f
  custom:SearchIndexIgnoredProperties: e643bd26f0fe6173181afceb89e7c659 -> 
  custom:AudioImporter_EditorPlatform: d09bf68614088b80899f8185d706f6e7 -> 
  custom:scripting/monoscript/fileName/EnvMapAnimator.cs: 08e040d459cd881082c0dd5daba5f85c -> 1b4f61c17e4b7283c3ac351aacff9d26
  custom:scripting/monoscript/fileName/ShaderPropAnimator.cs: 88b70bc5bbc15375387323f48f0661cf -> 55ce425812446482e623ff2695c94cb2
  custom:scripting/monoscript/fileName/SimpleScript.cs: dcd92cf7399b0d08e25e4a66ab57e91e -> 454caab0c6c050f29b39d82e1d66d0fa
  custom:scripting/monoscript/fileName/ObjectSpin.cs: b34dd4d17018731600f920d50ca840f7 -> 2b96bb2079dd7fa5108d981627a28e1e
  custom:scripting/monoscript/fileName/CameraController.cs: 8d43c2def3a67efed518259a2232b470 -> 34b6be4e23ce86dc89786916c5983296
  custom:scripting/monoscript/fileName/TMP_TextInfoDebugTool.cs: 7aad42023b6f5112c90650ae13bd6dd8 -> 3f1709cfb2cc628169113a35b5e9be3f
  custom:scripting/monoscript/fileName/TMP_TextSelector_A.cs: 088357b4acdc1e6288d897936d29c8d3 -> 347309a09d56e367b188a6978f75b424
  custom:video-encoder-webm-vp8: eb34c28f22e8b96e1ab97ce403110664 -> 
  custom:audio-decoder-ogg-vorbis: bf7c407c2cedff20999df2af8eb42d56 -> 
  custom:scripting/monoscript/fileName/VertexJitter.cs: 6330f950b41eff6e5970f129864ecd6c -> d27eb5498e48714a66aece98da065133
  custom:scripting/monoscript/fileName/TextConsoleSimulator.cs: f2c8898b26c0cf2b0a1c7d12d99e6769 -> 33fc311abb20b5b0ed8f00e4d86b574e
  custom:scripting/monoscript/fileName/VertexColorCycler.cs: 135fb0ebdaf256193ccc08218c426c64 -> 5f984ca91cf3609293aecc6bc5641572
  custom:scripting/monoscript/fileName/TMP_FrameRateCounter.cs: 8afeb6f0251e063dcfff2bd827f92c62 -> 46f655df8cb483ac5958307137b1585a
  custom:scripting/monoscript/fileName/VertexShakeB.cs: 587e5b2aecc39120c2c9ff69742ce897 -> a6f78c4fcda1a29a1a1c1baefedba9e7
  custom:scripting/monoscript/fileName/TMP_UiFrameRateCounter.cs: 8fa3bcf761bb5076fd90d0361518d59c -> b01021aea19247f14a98ab338907956a
  custom:scripting/monoscript/fileName/TMPro_InstructionOverlay.cs: 194f3617683541355a9c6c8193e87b1c -> b626d2270e6ebd5c4311585c18b58d8d
  custom:scripting/monoscript/fileName/TMP_DigitValidator.cs: 4e5cde653ae28b90ab257e866c94dfce -> ac02af96215ae3951a3cce9e1a8c6085
  custom:audio-encoder-webm-vorbis: bf7c407c2cedff20999df2af8eb42d56 -> 
  custom:scripting/monoscript/fileName/Cube_Controller.cs: acd00592fa72aff7217b78bae7072f77 -> 
  custom:scripting/monoscript/fileName/Benchmark01_UGUI.cs: 52a24b07fcdd062ef495404efdb65870 -> 6148cfe2627b7708298f301788144139
  custom:scripting/precompiled-assembly-types:Assembly-CSharp: 754cd9f06af01cd0a75bb0e26b5e1d58 -> f39d0e8e1a2bdc72903fb33acfa56b16
  custom:scripting/monoscript/fileName/Benchmark03.cs: 520976d641c2b7cf395e30b045f5a45d -> 17cc87e0529ac71d909a946afb47a274
========================================================================
Received Prepare
Caller must complete domain reload
Begin MonoManager ReloadAssembly
- Loaded All Assemblies, in  0.647 seconds
Native extension for WindowsStandalone target not found
Native extension for Android target not found
Native extension for WebGL target not found
Mono: successfully reloaded assembly
- Finished resetting the current domain, in  1.697 seconds
Domain Reload Profiling: 2343ms
	BeginReloadAssembly (243ms)
		ExecutionOrderSort (0ms)
		DisableScriptedObjects (13ms)
		BackupInstance (0ms)
		ReleaseScriptingObjects (0ms)
		CreateAndSetChildDomain (58ms)
	RebuildCommonClasses (61ms)
	RebuildNativeTypeToScriptingClass (17ms)
	initialDomainReloadingComplete (43ms)
	LoadAllAssembliesAndSetupDomain (282ms)
		LoadAssemblies (381ms)
		RebuildTransferFunctionScriptingTraits (0ms)
		AnalyzeDomain (26ms)
			TypeCache.Refresh (9ms)
				TypeCache.ScanAssembly (0ms)
			ScanForSourceGeneratedMonoScriptInfo (0ms)
			ResolveRequiredComponents (12ms)
	FinalizeReload (1698ms)
		ReleaseScriptCaches (0ms)
		RebuildScriptCaches (0ms)
		SetupLoadedEditorAssemblies (962ms)
			LogAssemblyErrors (0ms)
			InitializePlatformSupportModulesInManaged (26ms)
			SetLoadedEditorAssemblies (6ms)
			RefreshPlugins (0ms)
			BeforeProcessingInitializeOnLoad (97ms)
			ProcessInitializeOnLoadAttributes (785ms)
			ProcessInitializeOnLoadMethodAttributes (44ms)
			AfterProcessingInitializeOnLoad (4ms)
			EditorAssembliesLoaded (0ms)
		ExecutionOrderSort2 (0ms)
		AwakeInstancesAfterBackupRestoration (12ms)
Refreshing native plugins compatible for Editor in 5.78 ms, found 6 plugins.
Preloading 0 native plugins for Editor in 0.00 ms.
Unloading 3344 Unused Serialized files (Serialized files now loaded: 0)
Unloading 14 unused Assets / (28.5 KB). Loaded Objects now: 3972.
Memory consumption went from 129.0 MB to 129.0 MB.
Total: 7.991900 ms (FindLiveObjects: 0.588000 ms CreateObjectMapping: 0.283100 ms MarkObjects: 7.033600 ms  DeleteObjects: 0.085700 ms)

Prepare: number of updated asset objects reloaded= 0
AssetImportParameters requested are different than current active one (requested -> active):
  custom:scripting/monoscript/fileName/SkewTextExample.cs: f96859e31fd6dde308d9dc2a2488dcff -> c142d02d70a129e0533975f7c2f96956
  custom:container-demuxer-ogg: 62fdf1f143b41e24485cea50d1cbac27 -> 
  custom:scripting/monoscript/fileName/TMP_TextEventHandler.cs: d0f86a17d6fd3e9995db934eaaf34f18 -> f5cd9d5a43bfefc8f4fec80e6de896a4
  custom:scripting/monoscript/fileName/TextMeshProFloatingText.cs: 5a37842f75734e7729f89af9a8145a1a -> 92608fa4a6315cd0786d82205e77b697
  custom:scripting/monoscript/fileName/VertexZoom.cs: 2da4737d79388c0362c64482e9ee50d2 -> 650ab1e81d40126e3edcf737cce646e4
  custom:video-codec-MediaFoundation-h265: 746d11721c4dcdbdad8f713fa42b33f4 -> 
  custom:scripting/monoscript/fileName/VertexShakeA.cs: 16900906a98712c9660b9823af1f2500 -> 63ec564c588058369499638dd899e05b
  custom:scripting/monoscript/fileName/TMP_ExampleScript_01.cs: 59997facf165601d8c6263ace2a973a5 -> a9d4be556104ff54e7d240529b3e01dc
  custom:video-decoder-ogg-theora: a1e56fd34408186e4bbccfd4996cb3dc -> 
  custom:scripting/monoscript/fileName/TMP_TextEventCheck.cs: 7ee93fce990cec7a5b67b504d0259dce -> 13505d917eab5868c435e0c2986dadfa
  custom:scripting/monoscript/fileName/TMP_TextSelector_B.cs: c0db108de9ffc9b6f619f3d00162b1c2 -> ba2be21a7486d37b1011342977a2e49d
  custom:scripting/monoscript/fileName/Benchmark01.cs: 1fef48c763f4be76a973f061699dd041 -> 2d3e2cd961730ab95f139a49a673bace
  custom:framework-win-MediaFoundation: 216162199b28c13a410421893ffa2e32 -> 
  custom:scripting/monoscript/fileName/Benchmark02.cs: 92dcd0c0a469d0c0690d8ca0bfe95e6f -> 5640963252ce70910e726415f869ced6
  custom:scripting/monoscript/fileName/DropdownSample.cs: b4fe7efb027fdd4854f643ad764daa8c -> 0a92251794e5f10400149f96c3c59e5d
  custom:scripting/monoscript/fileName/WarpTextExample.cs: c5431dac938081648a3a3ac553c1029b -> 2663459c266363641981c7d17b698d7f
  custom:CustomObjectIndexerAttribute: 9a22284fe3817be447336de3de66b15e -> 
  custom:container-demuxer-webm: 4f35f7cbe854078d1ac9338744f61a02 -> 
  custom:scripting/monoscript/fileName/MainMenuButton.cs: e28869a6863284e74946ac915bb193f6 -> 
  custom:scripting/monoscript/fileName/ChatController.cs: ff21b89493e3dffcbe018a2cc5a10bae -> 876d5ccae6e345dd5d9450eb0a748f16
  custom:scripting/monoscript/fileName/TextMeshSpawner.cs: c0f20e5855e88374db1098a5acc68df4 -> 76f28e2ddb031571e6ec62b018f65fa8
  custom:scripting/monoscript/fileName/TeleType.cs: c18e16db35615314900dbe198d0144e7 -> 31fa97821c4c70f157ec81d507aa6b62
  custom:scripting/monoscript/fileName/Benchmark04.cs: 86dfb70824307c4cf164687df2489226 -> 32220b148620e52aa81c13a114862bf4
  custom:container-muxer-webm: aa71ff27fc2769a1b78a27578f13a17b -> 
  custom:video-decoder-webm-vp8: 9c59270c3fd7afecdb556c50c9e8de78 -> 
  custom:scripting/monoscript/fileName/TMP_PhoneNumberValidator.cs: b4c1c54136dffeb4e2962027ebaa6b1f -> 7c3049f481e464c6a9a15dee56c3126f
  custom:SearchIndexIgnoredProperties: e643bd26f0fe6173181afceb89e7c659 -> 
  custom:AudioImporter_EditorPlatform: d09bf68614088b80899f8185d706f6e7 -> 
  custom:scripting/monoscript/fileName/EnvMapAnimator.cs: 08e040d459cd881082c0dd5daba5f85c -> 1b4f61c17e4b7283c3ac351aacff9d26
  custom:scripting/monoscript/fileName/ShaderPropAnimator.cs: 88b70bc5bbc15375387323f48f0661cf -> 55ce425812446482e623ff2695c94cb2
  custom:scripting/monoscript/fileName/SimpleScript.cs: dcd92cf7399b0d08e25e4a66ab57e91e -> 454caab0c6c050f29b39d82e1d66d0fa
  custom:scripting/monoscript/fileName/ObjectSpin.cs: b34dd4d17018731600f920d50ca840f7 -> 2b96bb2079dd7fa5108d981627a28e1e
  custom:scripting/monoscript/fileName/CameraController.cs: 8d43c2def3a67efed518259a2232b470 -> 34b6be4e23ce86dc89786916c5983296
  custom:scripting/monoscript/fileName/TMP_TextInfoDebugTool.cs: 7aad42023b6f5112c90650ae13bd6dd8 -> 3f1709cfb2cc628169113a35b5e9be3f
  custom:scripting/monoscript/fileName/TMP_TextSelector_A.cs: 088357b4acdc1e6288d897936d29c8d3 -> 347309a09d56e367b188a6978f75b424
  custom:video-encoder-webm-vp8: eb34c28f22e8b96e1ab97ce403110664 -> 
  custom:audio-decoder-ogg-vorbis: bf7c407c2cedff20999df2af8eb42d56 -> 
  custom:scripting/monoscript/fileName/VertexJitter.cs: 6330f950b41eff6e5970f129864ecd6c -> d27eb5498e48714a66aece98da065133
  custom:scripting/monoscript/fileName/TextConsoleSimulator.cs: f2c8898b26c0cf2b0a1c7d12d99e6769 -> 33fc311abb20b5b0ed8f00e4d86b574e
  custom:scripting/monoscript/fileName/VertexColorCycler.cs: 135fb0ebdaf256193ccc08218c426c64 -> 5f984ca91cf3609293aecc6bc5641572
  custom:scripting/monoscript/fileName/TMP_FrameRateCounter.cs: 8afeb6f0251e063dcfff2bd827f92c62 -> 46f655df8cb483ac5958307137b1585a
  custom:scripting/monoscript/fileName/VertexShakeB.cs: 587e5b2aecc39120c2c9ff69742ce897 -> a6f78c4fcda1a29a1a1c1baefedba9e7
  custom:scripting/monoscript/fileName/TMP_UiFrameRateCounter.cs: 8fa3bcf761bb5076fd90d0361518d59c -> b01021aea19247f14a98ab338907956a
  custom:scripting/monoscript/fileName/TMPro_InstructionOverlay.cs: 194f3617683541355a9c6c8193e87b1c -> b626d2270e6ebd5c4311585c18b58d8d
  custom:scripting/monoscript/fileName/TMP_DigitValidator.cs: 4e5cde653ae28b90ab257e866c94dfce -> ac02af96215ae3951a3cce9e1a8c6085
  custom:audio-encoder-webm-vorbis: bf7c407c2cedff20999df2af8eb42d56 -> 
  custom:scripting/monoscript/fileName/Cube_Controller.cs: acd00592fa72aff7217b78bae7072f77 -> 
  custom:scripting/monoscript/fileName/Benchmark01_UGUI.cs: 52a24b07fcdd062ef495404efdb65870 -> 6148cfe2627b7708298f301788144139
  custom:scripting/precompiled-assembly-types:Assembly-CSharp: 754cd9f06af01cd0a75bb0e26b5e1d58 -> f39d0e8e1a2bdc72903fb33acfa56b16
  custom:scripting/monoscript/fileName/Benchmark03.cs: 520976d641c2b7cf395e30b045f5a45d -> 17cc87e0529ac71d909a946afb47a274
========================================================================
Received Prepare
Caller must complete domain reload
Begin MonoManager ReloadAssembly
- Loaded All Assemblies, in  0.568 seconds
Native extension for WindowsStandalone target not found
Native extension for Android target not found
Native extension for WebGL target not found
Mono: successfully reloaded assembly
- Finished resetting the current domain, in  1.758 seconds
Domain Reload Profiling: 2326ms
	BeginReloadAssembly (215ms)
		ExecutionOrderSort (0ms)
		DisableScriptedObjects (8ms)
		BackupInstance (0ms)
		ReleaseScriptingObjects (0ms)
		CreateAndSetChildDomain (42ms)
	RebuildCommonClasses (48ms)
	RebuildNativeTypeToScriptingClass (15ms)
	initialDomainReloadingComplete (35ms)
	LoadAllAssembliesAndSetupDomain (254ms)
		LoadAssemblies (361ms)
		RebuildTransferFunctionScriptingTraits (0ms)
		AnalyzeDomain (19ms)
			TypeCache.Refresh (8ms)
				TypeCache.ScanAssembly (0ms)
			ScanForSourceGeneratedMonoScriptInfo (0ms)
			ResolveRequiredComponents (8ms)
	FinalizeReload (1759ms)
		ReleaseScriptCaches (0ms)
		RebuildScriptCaches (0ms)
		SetupLoadedEditorAssemblies (991ms)
			LogAssemblyErrors (0ms)
			InitializePlatformSupportModulesInManaged (27ms)
			SetLoadedEditorAssemblies (6ms)
			RefreshPlugins (0ms)
			BeforeProcessingInitializeOnLoad (94ms)
			ProcessInitializeOnLoadAttributes (826ms)
			ProcessInitializeOnLoadMethodAttributes (33ms)
			AfterProcessingInitializeOnLoad (4ms)
			EditorAssembliesLoaded (0ms)
		ExecutionOrderSort2 (0ms)
		AwakeInstancesAfterBackupRestoration (11ms)
Refreshing native plugins compatible for Editor in 8.01 ms, found 6 plugins.
Preloading 0 native plugins for Editor in 0.00 ms.
Unloading 3344 Unused Serialized files (Serialized files now loaded: 0)
Unloading 14 unused Assets / (28.5 KB). Loaded Objects now: 3975.
Memory consumption went from 129.0 MB to 129.0 MB.
Total: 8.043700 ms (FindLiveObjects: 0.763900 ms CreateObjectMapping: 0.206000 ms MarkObjects: 6.996000 ms  DeleteObjects: 0.076300 ms)

Prepare: number of updated asset objects reloaded= 0
AssetImportParameters requested are different than current active one (requested -> active):
  custom:scripting/monoscript/fileName/SkewTextExample.cs: f96859e31fd6dde308d9dc2a2488dcff -> c142d02d70a129e0533975f7c2f96956
  custom:container-demuxer-ogg: 62fdf1f143b41e24485cea50d1cbac27 -> 
  custom:scripting/monoscript/fileName/TMP_TextEventHandler.cs: d0f86a17d6fd3e9995db934eaaf34f18 -> f5cd9d5a43bfefc8f4fec80e6de896a4
  custom:scripting/monoscript/fileName/TextMeshProFloatingText.cs: 5a37842f75734e7729f89af9a8145a1a -> 92608fa4a6315cd0786d82205e77b697
  custom:scripting/monoscript/fileName/VertexZoom.cs: 2da4737d79388c0362c64482e9ee50d2 -> 650ab1e81d40126e3edcf737cce646e4
  custom:video-codec-MediaFoundation-h265: 746d11721c4dcdbdad8f713fa42b33f4 -> 
  custom:scripting/monoscript/fileName/VertexShakeA.cs: 16900906a98712c9660b9823af1f2500 -> 63ec564c588058369499638dd899e05b
  custom:scripting/monoscript/fileName/TMP_ExampleScript_01.cs: 59997facf165601d8c6263ace2a973a5 -> a9d4be556104ff54e7d240529b3e01dc
  custom:video-decoder-ogg-theora: a1e56fd34408186e4bbccfd4996cb3dc -> 
  custom:scripting/monoscript/fileName/TMP_TextEventCheck.cs: 7ee93fce990cec7a5b67b504d0259dce -> 13505d917eab5868c435e0c2986dadfa
  custom:scripting/monoscript/fileName/TMP_TextSelector_B.cs: c0db108de9ffc9b6f619f3d00162b1c2 -> ba2be21a7486d37b1011342977a2e49d
  custom:scripting/monoscript/fileName/Benchmark01.cs: 1fef48c763f4be76a973f061699dd041 -> 2d3e2cd961730ab95f139a49a673bace
  custom:framework-win-MediaFoundation: 216162199b28c13a410421893ffa2e32 -> 
  custom:scripting/monoscript/fileName/Benchmark02.cs: 92dcd0c0a469d0c0690d8ca0bfe95e6f -> 5640963252ce70910e726415f869ced6
  custom:scripting/monoscript/fileName/DropdownSample.cs: b4fe7efb027fdd4854f643ad764daa8c -> 0a92251794e5f10400149f96c3c59e5d
  custom:scripting/monoscript/fileName/WarpTextExample.cs: c5431dac938081648a3a3ac553c1029b -> 2663459c266363641981c7d17b698d7f
  custom:CustomObjectIndexerAttribute: 9a22284fe3817be447336de3de66b15e -> 
  custom:container-demuxer-webm: 4f35f7cbe854078d1ac9338744f61a02 -> 
  custom:scripting/monoscript/fileName/MainMenuButton.cs: e28869a6863284e74946ac915bb193f6 -> 
  custom:scripting/monoscript/fileName/ChatController.cs: ff21b89493e3dffcbe018a2cc5a10bae -> 876d5ccae6e345dd5d9450eb0a748f16
  custom:scripting/monoscript/fileName/TextMeshSpawner.cs: c0f20e5855e88374db1098a5acc68df4 -> 76f28e2ddb031571e6ec62b018f65fa8
  custom:scripting/monoscript/fileName/TeleType.cs: c18e16db35615314900dbe198d0144e7 -> 31fa97821c4c70f157ec81d507aa6b62
  custom:scripting/monoscript/fileName/Benchmark04.cs: 86dfb70824307c4cf164687df2489226 -> 32220b148620e52aa81c13a114862bf4
  custom:container-muxer-webm: aa71ff27fc2769a1b78a27578f13a17b -> 
  custom:video-decoder-webm-vp8: 9c59270c3fd7afecdb556c50c9e8de78 -> 
  custom:scripting/monoscript/fileName/TMP_PhoneNumberValidator.cs: b4c1c54136dffeb4e2962027ebaa6b1f -> 7c3049f481e464c6a9a15dee56c3126f
  custom:SearchIndexIgnoredProperties: e643bd26f0fe6173181afceb89e7c659 -> 
  custom:AudioImporter_EditorPlatform: d09bf68614088b80899f8185d706f6e7 -> 
  custom:scripting/monoscript/fileName/EnvMapAnimator.cs: 08e040d459cd881082c0dd5daba5f85c -> 1b4f61c17e4b7283c3ac351aacff9d26
  custom:scripting/monoscript/fileName/ShaderPropAnimator.cs: 88b70bc5bbc15375387323f48f0661cf -> 55ce425812446482e623ff2695c94cb2
  custom:scripting/monoscript/fileName/SimpleScript.cs: dcd92cf7399b0d08e25e4a66ab57e91e -> 454caab0c6c050f29b39d82e1d66d0fa
  custom:scripting/monoscript/fileName/ObjectSpin.cs: b34dd4d17018731600f920d50ca840f7 -> 2b96bb2079dd7fa5108d981627a28e1e
  custom:scripting/monoscript/fileName/CameraController.cs: 8d43c2def3a67efed518259a2232b470 -> 34b6be4e23ce86dc89786916c5983296
  custom:scripting/monoscript/fileName/TMP_TextInfoDebugTool.cs: 7aad42023b6f5112c90650ae13bd6dd8 -> 3f1709cfb2cc628169113a35b5e9be3f
  custom:scripting/monoscript/fileName/TMP_TextSelector_A.cs: 088357b4acdc1e6288d897936d29c8d3 -> 347309a09d56e367b188a6978f75b424
  custom:video-encoder-webm-vp8: eb34c28f22e8b96e1ab97ce403110664 -> 
  custom:audio-decoder-ogg-vorbis: bf7c407c2cedff20999df2af8eb42d56 -> 
  custom:scripting/monoscript/fileName/VertexJitter.cs: 6330f950b41eff6e5970f129864ecd6c -> d27eb5498e48714a66aece98da065133
  custom:scripting/monoscript/fileName/TextConsoleSimulator.cs: f2c8898b26c0cf2b0a1c7d12d99e6769 -> 33fc311abb20b5b0ed8f00e4d86b574e
  custom:scripting/monoscript/fileName/VertexColorCycler.cs: 135fb0ebdaf256193ccc08218c426c64 -> 5f984ca91cf3609293aecc6bc5641572
  custom:scripting/monoscript/fileName/TMP_FrameRateCounter.cs: 8afeb6f0251e063dcfff2bd827f92c62 -> 46f655df8cb483ac5958307137b1585a
  custom:scripting/monoscript/fileName/VertexShakeB.cs: 587e5b2aecc39120c2c9ff69742ce897 -> a6f78c4fcda1a29a1a1c1baefedba9e7
  custom:scripting/monoscript/fileName/TMP_UiFrameRateCounter.cs: 8fa3bcf761bb5076fd90d0361518d59c -> b01021aea19247f14a98ab338907956a
  custom:scripting/monoscript/fileName/TMPro_InstructionOverlay.cs: 194f3617683541355a9c6c8193e87b1c -> b626d2270e6ebd5c4311585c18b58d8d
  custom:scripting/monoscript/fileName/TMP_DigitValidator.cs: 4e5cde653ae28b90ab257e866c94dfce -> ac02af96215ae3951a3cce9e1a8c6085
  custom:audio-encoder-webm-vorbis: bf7c407c2cedff20999df2af8eb42d56 -> 
  custom:scripting/monoscript/fileName/Cube_Controller.cs: acd00592fa72aff7217b78bae7072f77 -> 
  custom:scripting/monoscript/fileName/Benchmark01_UGUI.cs: 52a24b07fcdd062ef495404efdb65870 -> 6148cfe2627b7708298f301788144139
  custom:scripting/precompiled-assembly-types:Assembly-CSharp: 754cd9f06af01cd0a75bb0e26b5e1d58 -> f39d0e8e1a2bdc72903fb33acfa56b16
  custom:scripting/monoscript/fileName/Benchmark03.cs: 520976d641c2b7cf395e30b045f5a45d -> 17cc87e0529ac71d909a946afb47a274
========================================================================
Received Import Request.
  Time since last request: 1213.113617 seconds.
  path: Assets/Crion/Scenes/UI_Navigation.unity
  artifactKey: Guid(8a06481a9d4dd224384ffb03346a844c) Importer(815301076,1909f56bfc062723c751e8b465ee728b)
Start importing Assets/Crion/Scenes/UI_Navigation.unity using Guid(8a06481a9d4dd224384ffb03346a844c) Importer(815301076,1909f56bfc062723c751e8b465ee728b) [PhysX] Initialized MultithreadedTaskDispatcher with 16 workers.
 -> (artifact id: '7412fc2a55773aada6bc05f144d5263a') in 0.003697 seconds
Number of updated asset objects reloaded before import = 0
Number of asset objects unloaded after import = 0
========================================================================
Received Prepare
Caller must complete domain reload
Begin MonoManager ReloadAssembly
- Loaded All Assemblies, in  0.678 seconds
Native extension for WindowsStandalone target not found
Native extension for Android target not found
Native extension for WebGL target not found
Mono: successfully reloaded assembly
- Finished resetting the current domain, in  1.757 seconds
Domain Reload Profiling: 2435ms
	BeginReloadAssembly (242ms)
		ExecutionOrderSort (0ms)
		DisableScriptedObjects (8ms)
		BackupInstance (0ms)
		ReleaseScriptingObjects (0ms)
		CreateAndSetChildDomain (50ms)
	RebuildCommonClasses (55ms)
	RebuildNativeTypeToScriptingClass (21ms)
	initialDomainReloadingComplete (41ms)
	LoadAllAssembliesAndSetupDomain (318ms)
		LoadAssemblies (444ms)
		RebuildTransferFunctionScriptingTraits (0ms)
		AnalyzeDomain (17ms)
			TypeCache.Refresh (6ms)
				TypeCache.ScanAssembly (0ms)
			ScanForSourceGeneratedMonoScriptInfo (0ms)
			ResolveRequiredComponents (8ms)
	FinalizeReload (1758ms)
		ReleaseScriptCaches (0ms)
		RebuildScriptCaches (0ms)
		SetupLoadedEditorAssemblies (977ms)
			LogAssemblyErrors (0ms)
			InitializePlatformSupportModulesInManaged (29ms)
			SetLoadedEditorAssemblies (7ms)
			RefreshPlugins (0ms)
			BeforeProcessingInitializeOnLoad (105ms)
			ProcessInitializeOnLoadAttributes (797ms)
			ProcessInitializeOnLoadMethodAttributes (34ms)
			AfterProcessingInitializeOnLoad (5ms)
			EditorAssembliesLoaded (0ms)
		ExecutionOrderSort2 (0ms)
		AwakeInstancesAfterBackupRestoration (9ms)
Refreshing native plugins compatible for Editor in 18.89 ms, found 6 plugins.
Preloading 0 native plugins for Editor in 0.00 ms.
Unloading 3343 Unused Serialized files (Serialized files now loaded: 0)
Unloading 14 unused Assets / (28.5 KB). Loaded Objects now: 3978.
Memory consumption went from 128.8 MB to 128.8 MB.
Total: 8.091800 ms (FindLiveObjects: 0.643500 ms CreateObjectMapping: 0.254000 ms MarkObjects: 7.112100 ms  DeleteObjects: 0.080700 ms)

Prepare: number of updated asset objects reloaded= 0
AssetImportParameters requested are different than current active one (requested -> active):
  custom:scripting/monoscript/fileName/SkewTextExample.cs: f96859e31fd6dde308d9dc2a2488dcff -> c142d02d70a129e0533975f7c2f96956
  custom:container-demuxer-ogg: 62fdf1f143b41e24485cea50d1cbac27 -> 
  custom:scripting/monoscript/fileName/TMP_TextEventHandler.cs: d0f86a17d6fd3e9995db934eaaf34f18 -> f5cd9d5a43bfefc8f4fec80e6de896a4
  custom:scripting/monoscript/fileName/TextMeshProFloatingText.cs: 5a37842f75734e7729f89af9a8145a1a -> 92608fa4a6315cd0786d82205e77b697
  custom:scripting/monoscript/fileName/VertexZoom.cs: 2da4737d79388c0362c64482e9ee50d2 -> 650ab1e81d40126e3edcf737cce646e4
  custom:video-codec-MediaFoundation-h265: 746d11721c4dcdbdad8f713fa42b33f4 -> 
  custom:scripting/monoscript/fileName/VertexShakeA.cs: 16900906a98712c9660b9823af1f2500 -> 63ec564c588058369499638dd899e05b
  custom:scripting/monoscript/fileName/TMP_ExampleScript_01.cs: 59997facf165601d8c6263ace2a973a5 -> a9d4be556104ff54e7d240529b3e01dc
  custom:video-decoder-ogg-theora: a1e56fd34408186e4bbccfd4996cb3dc -> 
  custom:scripting/monoscript/fileName/TMP_TextEventCheck.cs: 7ee93fce990cec7a5b67b504d0259dce -> 13505d917eab5868c435e0c2986dadfa
  custom:scripting/monoscript/fileName/TMP_TextSelector_B.cs: c0db108de9ffc9b6f619f3d00162b1c2 -> ba2be21a7486d37b1011342977a2e49d
  custom:scripting/monoscript/fileName/Benchmark01.cs: 1fef48c763f4be76a973f061699dd041 -> 2d3e2cd961730ab95f139a49a673bace
  custom:framework-win-MediaFoundation: 216162199b28c13a410421893ffa2e32 -> 
  custom:scripting/monoscript/fileName/Benchmark02.cs: 92dcd0c0a469d0c0690d8ca0bfe95e6f -> 5640963252ce70910e726415f869ced6
  custom:scripting/monoscript/fileName/DropdownSample.cs: b4fe7efb027fdd4854f643ad764daa8c -> 0a92251794e5f10400149f96c3c59e5d
  custom:scripting/monoscript/fileName/WarpTextExample.cs: c5431dac938081648a3a3ac553c1029b -> 2663459c266363641981c7d17b698d7f
  custom:CustomObjectIndexerAttribute: 9a22284fe3817be447336de3de66b15e -> 
  custom:container-demuxer-webm: 4f35f7cbe854078d1ac9338744f61a02 -> 
  custom:scripting/monoscript/fileName/MainMenuButton.cs: e28869a6863284e74946ac915bb193f6 -> 
  custom:scripting/monoscript/fileName/ChatController.cs: ff21b89493e3dffcbe018a2cc5a10bae -> 876d5ccae6e345dd5d9450eb0a748f16
  custom:scripting/monoscript/fileName/TextMeshSpawner.cs: c0f20e5855e88374db1098a5acc68df4 -> 76f28e2ddb031571e6ec62b018f65fa8
  custom:scripting/monoscript/fileName/TeleType.cs: c18e16db35615314900dbe198d0144e7 -> 31fa97821c4c70f157ec81d507aa6b62
  custom:scripting/monoscript/fileName/Benchmark04.cs: 86dfb70824307c4cf164687df2489226 -> 32220b148620e52aa81c13a114862bf4
  custom:container-muxer-webm: aa71ff27fc2769a1b78a27578f13a17b -> 
  custom:video-decoder-webm-vp8: 9c59270c3fd7afecdb556c50c9e8de78 -> 
  custom:scripting/monoscript/fileName/TMP_PhoneNumberValidator.cs: b4c1c54136dffeb4e2962027ebaa6b1f -> 7c3049f481e464c6a9a15dee56c3126f
  custom:SearchIndexIgnoredProperties: e643bd26f0fe6173181afceb89e7c659 -> 
  custom:AudioImporter_EditorPlatform: d09bf68614088b80899f8185d706f6e7 -> 
  custom:scripting/monoscript/fileName/EnvMapAnimator.cs: 08e040d459cd881082c0dd5daba5f85c -> 1b4f61c17e4b7283c3ac351aacff9d26
  custom:scripting/monoscript/fileName/ShaderPropAnimator.cs: 88b70bc5bbc15375387323f48f0661cf -> 55ce425812446482e623ff2695c94cb2
  custom:scripting/monoscript/fileName/SimpleScript.cs: dcd92cf7399b0d08e25e4a66ab57e91e -> 454caab0c6c050f29b39d82e1d66d0fa
  custom:scripting/monoscript/fileName/ObjectSpin.cs: b34dd4d17018731600f920d50ca840f7 -> 2b96bb2079dd7fa5108d981627a28e1e
  custom:scripting/monoscript/fileName/CameraController.cs: 8d43c2def3a67efed518259a2232b470 -> 34b6be4e23ce86dc89786916c5983296
  custom:scripting/monoscript/fileName/TMP_TextInfoDebugTool.cs: 7aad42023b6f5112c90650ae13bd6dd8 -> 3f1709cfb2cc628169113a35b5e9be3f
  custom:scripting/monoscript/fileName/TMP_TextSelector_A.cs: 088357b4acdc1e6288d897936d29c8d3 -> 347309a09d56e367b188a6978f75b424
  custom:video-encoder-webm-vp8: eb34c28f22e8b96e1ab97ce403110664 -> 
  custom:audio-decoder-ogg-vorbis: bf7c407c2cedff20999df2af8eb42d56 -> 
  custom:scripting/monoscript/fileName/VertexJitter.cs: 6330f950b41eff6e5970f129864ecd6c -> d27eb5498e48714a66aece98da065133
  custom:scripting/monoscript/fileName/TextConsoleSimulator.cs: f2c8898b26c0cf2b0a1c7d12d99e6769 -> 33fc311abb20b5b0ed8f00e4d86b574e
  custom:scripting/monoscript/fileName/VertexColorCycler.cs: 135fb0ebdaf256193ccc08218c426c64 -> 5f984ca91cf3609293aecc6bc5641572
  custom:scripting/monoscript/fileName/TMP_FrameRateCounter.cs: 8afeb6f0251e063dcfff2bd827f92c62 -> 46f655df8cb483ac5958307137b1585a
  custom:scripting/monoscript/fileName/VertexShakeB.cs: 587e5b2aecc39120c2c9ff69742ce897 -> a6f78c4fcda1a29a1a1c1baefedba9e7
  custom:scripting/monoscript/fileName/TMP_UiFrameRateCounter.cs: 8fa3bcf761bb5076fd90d0361518d59c -> b01021aea19247f14a98ab338907956a
  custom:scripting/monoscript/fileName/TMPro_InstructionOverlay.cs: 194f3617683541355a9c6c8193e87b1c -> b626d2270e6ebd5c4311585c18b58d8d
  custom:scripting/monoscript/fileName/TMP_DigitValidator.cs: 4e5cde653ae28b90ab257e866c94dfce -> ac02af96215ae3951a3cce9e1a8c6085
  custom:audio-encoder-webm-vorbis: bf7c407c2cedff20999df2af8eb42d56 -> 
  custom:scripting/monoscript/fileName/Cube_Controller.cs: acd00592fa72aff7217b78bae7072f77 -> 
  custom:scripting/monoscript/fileName/Benchmark01_UGUI.cs: 52a24b07fcdd062ef495404efdb65870 -> 6148cfe2627b7708298f301788144139
  custom:scripting/precompiled-assembly-types:Assembly-CSharp: 754cd9f06af01cd0a75bb0e26b5e1d58 -> f39d0e8e1a2bdc72903fb33acfa56b16
  custom:scripting/monoscript/fileName/Benchmark03.cs: 520976d641c2b7cf395e30b045f5a45d -> 17cc87e0529ac71d909a946afb47a274
========================================================================
Received Import Request.
  Time since last request: 226.997864 seconds.
  path: Assets/Crion/Scenes/UI_NameInput.unity
  artifactKey: Guid(d328e1318ab31f1448d4b9943d6a5c16) Importer(815301076,1909f56bfc062723c751e8b465ee728b)
Start importing Assets/Crion/Scenes/UI_NameInput.unity using Guid(d328e1318ab31f1448d4b9943d6a5c16) Importer(815301076,1909f56bfc062723c751e8b465ee728b) [PhysX] Initialized MultithreadedTaskDispatcher with 16 workers.
 -> (artifact id: '4be5dbc0a05fb673694094dd59193c53') in 0.012587 seconds
Number of updated asset objects reloaded before import = 0
Number of asset objects unloaded after import = 0
========================================================================
Received Prepare
Caller must complete domain reload
Begin MonoManager ReloadAssembly
- Loaded All Assemblies, in  0.588 seconds
Native extension for WindowsStandalone target not found
Native extension for Android target not found
Native extension for WebGL target not found
Mono: successfully reloaded assembly
- Finished resetting the current domain, in  1.707 seconds
Domain Reload Profiling: 2295ms
	BeginReloadAssembly (222ms)
		ExecutionOrderSort (0ms)
		DisableScriptedObjects (8ms)
		BackupInstance (0ms)
		ReleaseScriptingObjects (0ms)
		CreateAndSetChildDomain (43ms)
	RebuildCommonClasses (73ms)
	RebuildNativeTypeToScriptingClass (15ms)
	initialDomainReloadingComplete (37ms)
	LoadAllAssembliesAndSetupDomain (238ms)
		LoadAssemblies (343ms)
		RebuildTransferFunctionScriptingTraits (0ms)
		AnalyzeDomain (18ms)
			TypeCache.Refresh (6ms)
				TypeCache.ScanAssembly (0ms)
			ScanForSourceGeneratedMonoScriptInfo (0ms)
			ResolveRequiredComponents (8ms)
	FinalizeReload (1708ms)
		ReleaseScriptCaches (0ms)
		RebuildScriptCaches (0ms)
		SetupLoadedEditorAssemblies (958ms)
			LogAssemblyErrors (0ms)
			InitializePlatformSupportModulesInManaged (31ms)
			SetLoadedEditorAssemblies (6ms)
			RefreshPlugins (0ms)
			BeforeProcessingInitializeOnLoad (86ms)
			ProcessInitializeOnLoadAttributes (799ms)
			ProcessInitializeOnLoadMethodAttributes (33ms)
			AfterProcessingInitializeOnLoad (3ms)
			EditorAssembliesLoaded (0ms)
		ExecutionOrderSort2 (0ms)
		AwakeInstancesAfterBackupRestoration (12ms)
Refreshing native plugins compatible for Editor in 9.58 ms, found 6 plugins.
Preloading 0 native plugins for Editor in 0.00 ms.
Unloading 3343 Unused Serialized files (Serialized files now loaded: 0)
Unloading 14 unused Assets / (28.5 KB). Loaded Objects now: 3981.
Memory consumption went from 128.8 MB to 128.8 MB.
Total: 8.579500 ms (FindLiveObjects: 0.580800 ms CreateObjectMapping: 0.210900 ms MarkObjects: 7.706100 ms  DeleteObjects: 0.079800 ms)

Prepare: number of updated asset objects reloaded= 0
AssetImportParameters requested are different than current active one (requested -> active):
  custom:scripting/monoscript/fileName/SkewTextExample.cs: f96859e31fd6dde308d9dc2a2488dcff -> c142d02d70a129e0533975f7c2f96956
  custom:container-demuxer-ogg: 62fdf1f143b41e24485cea50d1cbac27 -> 
  custom:scripting/monoscript/fileName/TMP_TextEventHandler.cs: d0f86a17d6fd3e9995db934eaaf34f18 -> f5cd9d5a43bfefc8f4fec80e6de896a4
  custom:scripting/monoscript/fileName/TextMeshProFloatingText.cs: 5a37842f75734e7729f89af9a8145a1a -> 92608fa4a6315cd0786d82205e77b697
  custom:scripting/monoscript/fileName/VertexZoom.cs: 2da4737d79388c0362c64482e9ee50d2 -> 650ab1e81d40126e3edcf737cce646e4
  custom:video-codec-MediaFoundation-h265: 746d11721c4dcdbdad8f713fa42b33f4 -> 
  custom:scripting/monoscript/fileName/VertexShakeA.cs: 16900906a98712c9660b9823af1f2500 -> 63ec564c588058369499638dd899e05b
  custom:scripting/monoscript/fileName/TMP_ExampleScript_01.cs: 59997facf165601d8c6263ace2a973a5 -> a9d4be556104ff54e7d240529b3e01dc
  custom:video-decoder-ogg-theora: a1e56fd34408186e4bbccfd4996cb3dc -> 
  custom:scripting/monoscript/fileName/TMP_TextEventCheck.cs: 7ee93fce990cec7a5b67b504d0259dce -> 13505d917eab5868c435e0c2986dadfa
  custom:scripting/monoscript/fileName/TMP_TextSelector_B.cs: c0db108de9ffc9b6f619f3d00162b1c2 -> ba2be21a7486d37b1011342977a2e49d
  custom:scripting/monoscript/fileName/Benchmark01.cs: 1fef48c763f4be76a973f061699dd041 -> 2d3e2cd961730ab95f139a49a673bace
  custom:framework-win-MediaFoundation: 216162199b28c13a410421893ffa2e32 -> 
  custom:scripting/monoscript/fileName/Benchmark02.cs: 92dcd0c0a469d0c0690d8ca0bfe95e6f -> 5640963252ce70910e726415f869ced6
  custom:scripting/monoscript/fileName/DropdownSample.cs: b4fe7efb027fdd4854f643ad764daa8c -> 0a92251794e5f10400149f96c3c59e5d
  custom:scripting/monoscript/fileName/WarpTextExample.cs: c5431dac938081648a3a3ac553c1029b -> 2663459c266363641981c7d17b698d7f
  custom:CustomObjectIndexerAttribute: 9a22284fe3817be447336de3de66b15e -> 
  custom:container-demuxer-webm: 4f35f7cbe854078d1ac9338744f61a02 -> 
  custom:scripting/monoscript/fileName/MainMenuButton.cs: e28869a6863284e74946ac915bb193f6 -> 
  custom:scripting/monoscript/fileName/ChatController.cs: ff21b89493e3dffcbe018a2cc5a10bae -> 876d5ccae6e345dd5d9450eb0a748f16
  custom:scripting/monoscript/fileName/TextMeshSpawner.cs: c0f20e5855e88374db1098a5acc68df4 -> 76f28e2ddb031571e6ec62b018f65fa8
  custom:scripting/monoscript/fileName/TeleType.cs: c18e16db35615314900dbe198d0144e7 -> 31fa97821c4c70f157ec81d507aa6b62
  custom:scripting/monoscript/fileName/Benchmark04.cs: 86dfb70824307c4cf164687df2489226 -> 32220b148620e52aa81c13a114862bf4
  custom:container-muxer-webm: aa71ff27fc2769a1b78a27578f13a17b -> 
  custom:video-decoder-webm-vp8: 9c59270c3fd7afecdb556c50c9e8de78 -> 
  custom:scripting/monoscript/fileName/TMP_PhoneNumberValidator.cs: b4c1c54136dffeb4e2962027ebaa6b1f -> 7c3049f481e464c6a9a15dee56c3126f
  custom:SearchIndexIgnoredProperties: e643bd26f0fe6173181afceb89e7c659 -> 
  custom:AudioImporter_EditorPlatform: d09bf68614088b80899f8185d706f6e7 -> 
  custom:scripting/monoscript/fileName/EnvMapAnimator.cs: 08e040d459cd881082c0dd5daba5f85c -> 1b4f61c17e4b7283c3ac351aacff9d26
  custom:scripting/monoscript/fileName/ShaderPropAnimator.cs: 88b70bc5bbc15375387323f48f0661cf -> 55ce425812446482e623ff2695c94cb2
  custom:scripting/monoscript/fileName/SimpleScript.cs: dcd92cf7399b0d08e25e4a66ab57e91e -> 454caab0c6c050f29b39d82e1d66d0fa
  custom:scripting/monoscript/fileName/ObjectSpin.cs: b34dd4d17018731600f920d50ca840f7 -> 2b96bb2079dd7fa5108d981627a28e1e
  custom:scripting/monoscript/fileName/CameraController.cs: 8d43c2def3a67efed518259a2232b470 -> 34b6be4e23ce86dc89786916c5983296
  custom:scripting/monoscript/fileName/TMP_TextInfoDebugTool.cs: 7aad42023b6f5112c90650ae13bd6dd8 -> 3f1709cfb2cc628169113a35b5e9be3f
  custom:scripting/monoscript/fileName/TMP_TextSelector_A.cs: 088357b4acdc1e6288d897936d29c8d3 -> 347309a09d56e367b188a6978f75b424
  custom:video-encoder-webm-vp8: eb34c28f22e8b96e1ab97ce403110664 -> 
  custom:audio-decoder-ogg-vorbis: bf7c407c2cedff20999df2af8eb42d56 -> 
  custom:scripting/monoscript/fileName/VertexJitter.cs: 6330f950b41eff6e5970f129864ecd6c -> d27eb5498e48714a66aece98da065133
  custom:scripting/monoscript/fileName/TextConsoleSimulator.cs: f2c8898b26c0cf2b0a1c7d12d99e6769 -> 33fc311abb20b5b0ed8f00e4d86b574e
  custom:scripting/monoscript/fileName/VertexColorCycler.cs: 135fb0ebdaf256193ccc08218c426c64 -> 5f984ca91cf3609293aecc6bc5641572
  custom:scripting/monoscript/fileName/TMP_FrameRateCounter.cs: 8afeb6f0251e063dcfff2bd827f92c62 -> 46f655df8cb483ac5958307137b1585a
  custom:scripting/monoscript/fileName/VertexShakeB.cs: 587e5b2aecc39120c2c9ff69742ce897 -> a6f78c4fcda1a29a1a1c1baefedba9e7
  custom:scripting/monoscript/fileName/TMP_UiFrameRateCounter.cs: 8fa3bcf761bb5076fd90d0361518d59c -> b01021aea19247f14a98ab338907956a
  custom:scripting/monoscript/fileName/TMPro_InstructionOverlay.cs: 194f3617683541355a9c6c8193e87b1c -> b626d2270e6ebd5c4311585c18b58d8d
  custom:scripting/monoscript/fileName/TMP_DigitValidator.cs: 4e5cde653ae28b90ab257e866c94dfce -> ac02af96215ae3951a3cce9e1a8c6085
  custom:audio-encoder-webm-vorbis: bf7c407c2cedff20999df2af8eb42d56 -> 
  custom:scripting/monoscript/fileName/Cube_Controller.cs: acd00592fa72aff7217b78bae7072f77 -> 
  custom:scripting/monoscript/fileName/Benchmark01_UGUI.cs: 52a24b07fcdd062ef495404efdb65870 -> 6148cfe2627b7708298f301788144139
  custom:scripting/precompiled-assembly-types:Assembly-CSharp: 754cd9f06af01cd0a75bb0e26b5e1d58 -> f39d0e8e1a2bdc72903fb33acfa56b16
  custom:scripting/monoscript/fileName/Benchmark03.cs: 520976d641c2b7cf395e30b045f5a45d -> 17cc87e0529ac71d909a946afb47a274
========================================================================
Received Prepare
Caller must complete domain reload
Begin MonoManager ReloadAssembly
- Loaded All Assemblies, in  0.567 seconds
Native extension for WindowsStandalone target not found
Native extension for Android target not found
Native extension for WebGL target not found
Mono: successfully reloaded assembly
- Finished resetting the current domain, in  1.692 seconds
Domain Reload Profiling: 2258ms
	BeginReloadAssembly (220ms)
		ExecutionOrderSort (0ms)
		DisableScriptedObjects (8ms)
		BackupInstance (0ms)
		ReleaseScriptingObjects (0ms)
		CreateAndSetChildDomain (51ms)
	RebuildCommonClasses (53ms)
	RebuildNativeTypeToScriptingClass (16ms)
	initialDomainReloadingComplete (36ms)
	LoadAllAssembliesAndSetupDomain (240ms)
		LoadAssemblies (338ms)
		RebuildTransferFunctionScriptingTraits (0ms)
		AnalyzeDomain (20ms)
			TypeCache.Refresh (7ms)
				TypeCache.ScanAssembly (0ms)
			ScanForSourceGeneratedMonoScriptInfo (0ms)
			ResolveRequiredComponents (10ms)
	FinalizeReload (1693ms)
		ReleaseScriptCaches (0ms)
		RebuildScriptCaches (0ms)
		SetupLoadedEditorAssemblies (924ms)
			LogAssemblyErrors (0ms)
			InitializePlatformSupportModulesInManaged (28ms)
			SetLoadedEditorAssemblies (8ms)
			RefreshPlugins (0ms)
			BeforeProcessingInitializeOnLoad (96ms)
			ProcessInitializeOnLoadAttributes (757ms)
			ProcessInitializeOnLoadMethodAttributes (31ms)
			AfterProcessingInitializeOnLoad (3ms)
			EditorAssembliesLoaded (0ms)
		ExecutionOrderSort2 (0ms)
		AwakeInstancesAfterBackupRestoration (11ms)
Refreshing native plugins compatible for Editor in 6.58 ms, found 6 plugins.
Preloading 0 native plugins for Editor in 0.00 ms.
Unloading 3344 Unused Serialized files (Serialized files now loaded: 0)
Unloading 14 unused Assets / (28.5 KB). Loaded Objects now: 3984.
Memory consumption went from 129.0 MB to 129.0 MB.
Total: 7.273000 ms (FindLiveObjects: 0.574000 ms CreateObjectMapping: 0.258100 ms MarkObjects: 6.350900 ms  DeleteObjects: 0.088700 ms)

Prepare: number of updated asset objects reloaded= 0
AssetImportParameters requested are different than current active one (requested -> active):
  custom:scripting/monoscript/fileName/SkewTextExample.cs: f96859e31fd6dde308d9dc2a2488dcff -> c142d02d70a129e0533975f7c2f96956
  custom:container-demuxer-ogg: 62fdf1f143b41e24485cea50d1cbac27 -> 
  custom:scripting/monoscript/fileName/TMP_TextEventHandler.cs: d0f86a17d6fd3e9995db934eaaf34f18 -> f5cd9d5a43bfefc8f4fec80e6de896a4
  custom:scripting/monoscript/fileName/TextMeshProFloatingText.cs: 5a37842f75734e7729f89af9a8145a1a -> 92608fa4a6315cd0786d82205e77b697
  custom:scripting/monoscript/fileName/VertexZoom.cs: 2da4737d79388c0362c64482e9ee50d2 -> 650ab1e81d40126e3edcf737cce646e4
  custom:video-codec-MediaFoundation-h265: 746d11721c4dcdbdad8f713fa42b33f4 -> 
  custom:scripting/monoscript/fileName/VertexShakeA.cs: 16900906a98712c9660b9823af1f2500 -> 63ec564c588058369499638dd899e05b
  custom:scripting/monoscript/fileName/TMP_ExampleScript_01.cs: 59997facf165601d8c6263ace2a973a5 -> a9d4be556104ff54e7d240529b3e01dc
  custom:video-decoder-ogg-theora: a1e56fd34408186e4bbccfd4996cb3dc -> 
  custom:scripting/monoscript/fileName/TMP_TextEventCheck.cs: 7ee93fce990cec7a5b67b504d0259dce -> 13505d917eab5868c435e0c2986dadfa
  custom:scripting/monoscript/fileName/TMP_TextSelector_B.cs: c0db108de9ffc9b6f619f3d00162b1c2 -> ba2be21a7486d37b1011342977a2e49d
  custom:scripting/monoscript/fileName/Benchmark01.cs: 1fef48c763f4be76a973f061699dd041 -> 2d3e2cd961730ab95f139a49a673bace
  custom:framework-win-MediaFoundation: 216162199b28c13a410421893ffa2e32 -> 
  custom:scripting/monoscript/fileName/Benchmark02.cs: 92dcd0c0a469d0c0690d8ca0bfe95e6f -> 5640963252ce70910e726415f869ced6
  custom:scripting/monoscript/fileName/DropdownSample.cs: b4fe7efb027fdd4854f643ad764daa8c -> 0a92251794e5f10400149f96c3c59e5d
  custom:scripting/monoscript/fileName/WarpTextExample.cs: c5431dac938081648a3a3ac553c1029b -> 2663459c266363641981c7d17b698d7f
  custom:CustomObjectIndexerAttribute: 9a22284fe3817be447336de3de66b15e -> 
  custom:container-demuxer-webm: 4f35f7cbe854078d1ac9338744f61a02 -> 
  custom:scripting/monoscript/fileName/MainMenuButton.cs: e28869a6863284e74946ac915bb193f6 -> 
  custom:scripting/monoscript/fileName/ChatController.cs: ff21b89493e3dffcbe018a2cc5a10bae -> 876d5ccae6e345dd5d9450eb0a748f16
  custom:scripting/monoscript/fileName/TextMeshSpawner.cs: c0f20e5855e88374db1098a5acc68df4 -> 76f28e2ddb031571e6ec62b018f65fa8
  custom:scripting/monoscript/fileName/TeleType.cs: c18e16db35615314900dbe198d0144e7 -> 31fa97821c4c70f157ec81d507aa6b62
  custom:scripting/monoscript/fileName/Benchmark04.cs: 86dfb70824307c4cf164687df2489226 -> 32220b148620e52aa81c13a114862bf4
  custom:container-muxer-webm: aa71ff27fc2769a1b78a27578f13a17b -> 
  custom:video-decoder-webm-vp8: 9c59270c3fd7afecdb556c50c9e8de78 -> 
  custom:scripting/monoscript/fileName/TMP_PhoneNumberValidator.cs: b4c1c54136dffeb4e2962027ebaa6b1f -> 7c3049f481e464c6a9a15dee56c3126f
  custom:SearchIndexIgnoredProperties: e643bd26f0fe6173181afceb89e7c659 -> 
  custom:AudioImporter_EditorPlatform: d09bf68614088b80899f8185d706f6e7 -> 
  custom:scripting/monoscript/fileName/EnvMapAnimator.cs: 08e040d459cd881082c0dd5daba5f85c -> 1b4f61c17e4b7283c3ac351aacff9d26
  custom:scripting/monoscript/fileName/ShaderPropAnimator.cs: 88b70bc5bbc15375387323f48f0661cf -> 55ce425812446482e623ff2695c94cb2
  custom:scripting/monoscript/fileName/SimpleScript.cs: dcd92cf7399b0d08e25e4a66ab57e91e -> 454caab0c6c050f29b39d82e1d66d0fa
  custom:scripting/monoscript/fileName/ObjectSpin.cs: b34dd4d17018731600f920d50ca840f7 -> 2b96bb2079dd7fa5108d981627a28e1e
  custom:scripting/monoscript/fileName/CameraController.cs: 8d43c2def3a67efed518259a2232b470 -> 34b6be4e23ce86dc89786916c5983296
  custom:scripting/monoscript/fileName/TMP_TextInfoDebugTool.cs: 7aad42023b6f5112c90650ae13bd6dd8 -> 3f1709cfb2cc628169113a35b5e9be3f
  custom:scripting/monoscript/fileName/TMP_TextSelector_A.cs: 088357b4acdc1e6288d897936d29c8d3 -> 347309a09d56e367b188a6978f75b424
  custom:video-encoder-webm-vp8: eb34c28f22e8b96e1ab97ce403110664 -> 
  custom:audio-decoder-ogg-vorbis: bf7c407c2cedff20999df2af8eb42d56 -> 
  custom:scripting/monoscript/fileName/VertexJitter.cs: 6330f950b41eff6e5970f129864ecd6c -> d27eb5498e48714a66aece98da065133
  custom:scripting/monoscript/fileName/TextConsoleSimulator.cs: f2c8898b26c0cf2b0a1c7d12d99e6769 -> 33fc311abb20b5b0ed8f00e4d86b574e
  custom:scripting/monoscript/fileName/VertexColorCycler.cs: 135fb0ebdaf256193ccc08218c426c64 -> 5f984ca91cf3609293aecc6bc5641572
  custom:scripting/monoscript/fileName/TMP_FrameRateCounter.cs: 8afeb6f0251e063dcfff2bd827f92c62 -> 46f655df8cb483ac5958307137b1585a
  custom:scripting/monoscript/fileName/VertexShakeB.cs: 587e5b2aecc39120c2c9ff69742ce897 -> a6f78c4fcda1a29a1a1c1baefedba9e7
  custom:scripting/monoscript/fileName/TMP_UiFrameRateCounter.cs: 8fa3bcf761bb5076fd90d0361518d59c -> b01021aea19247f14a98ab338907956a
  custom:scripting/monoscript/fileName/TMPro_InstructionOverlay.cs: 194f3617683541355a9c6c8193e87b1c -> b626d2270e6ebd5c4311585c18b58d8d
  custom:scripting/monoscript/fileName/TMP_DigitValidator.cs: 4e5cde653ae28b90ab257e866c94dfce -> ac02af96215ae3951a3cce9e1a8c6085
  custom:audio-encoder-webm-vorbis: bf7c407c2cedff20999df2af8eb42d56 -> 
  custom:scripting/monoscript/fileName/Cube_Controller.cs: acd00592fa72aff7217b78bae7072f77 -> 
  custom:scripting/monoscript/fileName/Benchmark01_UGUI.cs: 52a24b07fcdd062ef495404efdb65870 -> 6148cfe2627b7708298f301788144139
  custom:scripting/precompiled-assembly-types:Assembly-CSharp: 754cd9f06af01cd0a75bb0e26b5e1d58 -> f39d0e8e1a2bdc72903fb33acfa56b16
  custom:scripting/monoscript/fileName/Benchmark03.cs: 520976d641c2b7cf395e30b045f5a45d -> 17cc87e0529ac71d909a946afb47a274
========================================================================
Received Import Request.
  Time since last request: 891.498123 seconds.
  path: Assets/Crion/Scenes/UI_Navigation.unity
  artifactKey: Guid(8a06481a9d4dd224384ffb03346a844c) Importer(815301076,1909f56bfc062723c751e8b465ee728b)
Start importing Assets/Crion/Scenes/UI_Navigation.unity using Guid(8a06481a9d4dd224384ffb03346a844c) Importer(815301076,1909f56bfc062723c751e8b465ee728b) [PhysX] Initialized MultithreadedTaskDispatcher with 16 workers.
 -> (artifact id: '0cce1da621e12ea7bd559e46143c9c44') in 0.005767 seconds
Number of updated asset objects reloaded before import = 0
Number of asset objects unloaded after import = 0
========================================================================
Received Import Request.
  Time since last request: 1761.386212 seconds.
  path: Assets/Crion/TextMesh Pro/Resources/Fonts & Materials/LiberationSans SDF.asset
  artifactKey: Guid(8f586378b4e144a9851e7b34d9b748ee) Importer(815301076,1909f56bfc062723c751e8b465ee728b)
Start importing Assets/Crion/TextMesh Pro/Resources/Fonts & Materials/LiberationSans SDF.asset using Guid(8f586378b4e144a9851e7b34d9b748ee) Importer(815301076,1909f56bfc062723c751e8b465ee728b) [PhysX] Initialized MultithreadedTaskDispatcher with 16 workers.
[PhysX] Initialized MultithreadedTaskDispatcher with 16 workers.
[PhysX] Initialized MultithreadedTaskDispatcher with 16 workers.
 -> (artifact id: '64d09a77d82c2f033e37c2e1aa4bb243') in 0.319492 seconds
Number of updated asset objects reloaded before import = 0
Number of asset objects unloaded after import = 9
========================================================================
Received Import Request.
  Time since last request: 0.000034 seconds.
  path: Assets/Crion/TextMesh Pro/Resources/Fonts & Materials/LiberationSans SDF - Outline.mat
  artifactKey: Guid(79459efec17a4d00a321bdcc27bbc385) Importer(815301076,1909f56bfc062723c751e8b465ee728b)
Start importing Assets/Crion/TextMesh Pro/Resources/Fonts & Materials/LiberationSans SDF - Outline.mat using Guid(79459efec17a4d00a321bdcc27bbc385) Importer(815301076,1909f56bfc062723c751e8b465ee728b) [PhysX] Initialized MultithreadedTaskDispatcher with 16 workers.
[PhysX] Initialized MultithreadedTaskDispatcher with 16 workers.
 -> (artifact id: 'dca09d0da2740ed12399496a8640fb07') in 0.083040 seconds
Number of updated asset objects reloaded before import = 0
Number of asset objects unloaded after import = 2
========================================================================
Received Import Request.
  Time since last request: 0.000029 seconds.
  path: Assets/Crion/TextMesh Pro/Resources/Fonts & Materials/LiberationSans SDF - Fallback.asset
  artifactKey: Guid(2e498d1c8094910479dc3e1b768306a4) Importer(815301076,1909f56bfc062723c751e8b465ee728b)
Start importing Assets/Crion/TextMesh Pro/Resources/Fonts & Materials/LiberationSans SDF - Fallback.asset using Guid(2e498d1c8094910479dc3e1b768306a4) Importer(815301076,1909f56bfc062723c751e8b465ee728b) [PhysX] Initialized MultithreadedTaskDispatcher with 16 workers.
[PhysX] Initialized MultithreadedTaskDispatcher with 16 workers.
[PhysX] Initialized MultithreadedTaskDispatcher with 16 workers.
 -> (artifact id: 'b0436714e63d48c6d85d6a5f91dbc977') in 0.022270 seconds
Number of updated asset objects reloaded before import = 0
Number of asset objects unloaded after import = 6
========================================================================
Received Import Request.
  Time since last request: 726.562516 seconds.
  path: Assets/Crion/Scripts/UI_Manager.cs
  artifactKey: Guid(03120b13688d0464f88a57ca122b4806) Importer(815301076,1909f56bfc062723c751e8b465ee728b)
Start importing Assets/Crion/Scripts/UI_Manager.cs using Guid(03120b13688d0464f88a57ca122b4806) Importer(815301076,1909f56bfc062723c751e8b465ee728b) [PhysX] Initialized MultithreadedTaskDispatcher with 16 workers.
 -> (artifact id: 'd7ea6a2b224a66218c0bcf36410b9d74') in 0.000872 seconds
Number of updated asset objects reloaded before import = 0
Number of asset objects unloaded after import = 0
========================================================================
Received Prepare
Caller must complete domain reload
Begin MonoManager ReloadAssembly
- Loaded All Assemblies, in  3.132 seconds
Native extension for WindowsStandalone target not found
Native extension for Android target not found
Native extension for WebGL target not found
Mono: successfully reloaded assembly
- Finished resetting the current domain, in 18.138 seconds
Domain Reload Profiling: 21270ms
	BeginReloadAssembly (201ms)
		ExecutionOrderSort (0ms)
		DisableScriptedObjects (6ms)
		BackupInstance (0ms)
		ReleaseScriptingObjects (0ms)
		CreateAndSetChildDomain (68ms)
	RebuildCommonClasses (32ms)
	RebuildNativeTypeToScriptingClass (8ms)
	initialDomainReloadingComplete (26ms)
	LoadAllAssembliesAndSetupDomain (2865ms)
		LoadAssemblies (2936ms)
		RebuildTransferFunctionScriptingTraits (0ms)
		AnalyzeDomain (21ms)
			TypeCache.Refresh (8ms)
				TypeCache.ScanAssembly (1ms)
			ScanForSourceGeneratedMonoScriptInfo (7ms)
			ResolveRequiredComponents (4ms)
	FinalizeReload (18138ms)
		ReleaseScriptCaches (0ms)
		RebuildScriptCaches (0ms)
		SetupLoadedEditorAssemblies (463ms)
			LogAssemblyErrors (0ms)
			InitializePlatformSupportModulesInManaged (15ms)
			SetLoadedEditorAssemblies (3ms)
			RefreshPlugins (0ms)
			BeforeProcessingInitializeOnLoad (49ms)
			ProcessInitializeOnLoadAttributes (376ms)
			ProcessInitializeOnLoadMethodAttributes (17ms)
			AfterProcessingInitializeOnLoad (2ms)
			EditorAssembliesLoaded (0ms)
		ExecutionOrderSort2 (0ms)
		AwakeInstancesAfterBackupRestoration (5ms)
Refreshing native plugins compatible for Editor in 3.86 ms, found 6 plugins.
Preloading 0 native plugins for Editor in 0.00 ms.
Unloading 3344 Unused Serialized files (Serialized files now loaded: 0)
Unloading 14 unused Assets / (28.5 KB). Loaded Objects now: 3991.
Memory consumption went from 128.9 MB to 128.8 MB.
Total: 3.720600 ms (FindLiveObjects: 0.335800 ms CreateObjectMapping: 0.094500 ms MarkObjects: 3.240800 ms  DeleteObjects: 0.048500 ms)

Prepare: number of updated asset objects reloaded= 0
AssetImportParameters requested are different than current active one (requested -> active):
  custom:scripting/monoscript/fileName/SkewTextExample.cs: f96859e31fd6dde308d9dc2a2488dcff -> c142d02d70a129e0533975f7c2f96956
  custom:container-demuxer-ogg: 62fdf1f143b41e24485cea50d1cbac27 -> 
  custom:scripting/monoscript/fileName/TMP_TextEventHandler.cs: d0f86a17d6fd3e9995db934eaaf34f18 -> f5cd9d5a43bfefc8f4fec80e6de896a4
  custom:scripting/monoscript/fileName/TextMeshProFloatingText.cs: 5a37842f75734e7729f89af9a8145a1a -> 92608fa4a6315cd0786d82205e77b697
  custom:scripting/monoscript/fileName/VertexZoom.cs: 2da4737d79388c0362c64482e9ee50d2 -> 650ab1e81d40126e3edcf737cce646e4
  custom:video-codec-MediaFoundation-h265: 746d11721c4dcdbdad8f713fa42b33f4 -> 
  custom:scripting/monoscript/fileName/VertexShakeA.cs: 16900906a98712c9660b9823af1f2500 -> 63ec564c588058369499638dd899e05b
  custom:scripting/monoscript/fileName/TMP_ExampleScript_01.cs: 59997facf165601d8c6263ace2a973a5 -> a9d4be556104ff54e7d240529b3e01dc
  custom:video-decoder-ogg-theora: a1e56fd34408186e4bbccfd4996cb3dc -> 
  custom:scripting/monoscript/fileName/TMP_TextEventCheck.cs: 7ee93fce990cec7a5b67b504d0259dce -> 13505d917eab5868c435e0c2986dadfa
  custom:scripting/monoscript/fileName/TMP_TextSelector_B.cs: c0db108de9ffc9b6f619f3d00162b1c2 -> ba2be21a7486d37b1011342977a2e49d
  custom:scripting/monoscript/fileName/Benchmark01.cs: 1fef48c763f4be76a973f061699dd041 -> 2d3e2cd961730ab95f139a49a673bace
  custom:framework-win-MediaFoundation: 216162199b28c13a410421893ffa2e32 -> 
  custom:scripting/monoscript/fileName/UI_Manager.cs: 98fe954eecef79af161772dc64f463a1 -> 
  custom:scripting/monoscript/fileName/Benchmark02.cs: 92dcd0c0a469d0c0690d8ca0bfe95e6f -> 5640963252ce70910e726415f869ced6
  custom:scripting/monoscript/fileName/DropdownSample.cs: b4fe7efb027fdd4854f643ad764daa8c -> 0a92251794e5f10400149f96c3c59e5d
  custom:scripting/monoscript/fileName/WarpTextExample.cs: c5431dac938081648a3a3ac553c1029b -> 2663459c266363641981c7d17b698d7f
  custom:CustomObjectIndexerAttribute: 9a22284fe3817be447336de3de66b15e -> 
  custom:container-demuxer-webm: 4f35f7cbe854078d1ac9338744f61a02 -> 
  custom:scripting/monoscript/fileName/MainMenuButton.cs: e28869a6863284e74946ac915bb193f6 -> 
  custom:scripting/monoscript/fileName/ChatController.cs: ff21b89493e3dffcbe018a2cc5a10bae -> 876d5ccae6e345dd5d9450eb0a748f16
  custom:scripting/monoscript/fileName/TextMeshSpawner.cs: c0f20e5855e88374db1098a5acc68df4 -> 76f28e2ddb031571e6ec62b018f65fa8
  custom:scripting/monoscript/fileName/TeleType.cs: c18e16db35615314900dbe198d0144e7 -> 31fa97821c4c70f157ec81d507aa6b62
  custom:scripting/monoscript/fileName/Benchmark04.cs: 86dfb70824307c4cf164687df2489226 -> 32220b148620e52aa81c13a114862bf4
  custom:container-muxer-webm: aa71ff27fc2769a1b78a27578f13a17b -> 
  custom:video-decoder-webm-vp8: 9c59270c3fd7afecdb556c50c9e8de78 -> 
  custom:scripting/monoscript/fileName/TMP_PhoneNumberValidator.cs: b4c1c54136dffeb4e2962027ebaa6b1f -> 7c3049f481e464c6a9a15dee56c3126f
  custom:SearchIndexIgnoredProperties: e643bd26f0fe6173181afceb89e7c659 -> 
  custom:AudioImporter_EditorPlatform: d09bf68614088b80899f8185d706f6e7 -> 
  custom:scripting/monoscript/fileName/EnvMapAnimator.cs: 08e040d459cd881082c0dd5daba5f85c -> 1b4f61c17e4b7283c3ac351aacff9d26
  custom:scripting/monoscript/fileName/ShaderPropAnimator.cs: 88b70bc5bbc15375387323f48f0661cf -> 55ce425812446482e623ff2695c94cb2
  custom:scripting/monoscript/fileName/SimpleScript.cs: dcd92cf7399b0d08e25e4a66ab57e91e -> 454caab0c6c050f29b39d82e1d66d0fa
  custom:scripting/monoscript/fileName/ObjectSpin.cs: b34dd4d17018731600f920d50ca840f7 -> 2b96bb2079dd7fa5108d981627a28e1e
  custom:scripting/monoscript/fileName/CameraController.cs: 8d43c2def3a67efed518259a2232b470 -> 34b6be4e23ce86dc89786916c5983296
  custom:scripting/monoscript/fileName/TMP_TextInfoDebugTool.cs: 7aad42023b6f5112c90650ae13bd6dd8 -> 3f1709cfb2cc628169113a35b5e9be3f
  custom:scripting/monoscript/fileName/TMP_TextSelector_A.cs: 088357b4acdc1e6288d897936d29c8d3 -> 347309a09d56e367b188a6978f75b424
  custom:video-encoder-webm-vp8: eb34c28f22e8b96e1ab97ce403110664 -> 
  custom:audio-decoder-ogg-vorbis: bf7c407c2cedff20999df2af8eb42d56 -> 
  custom:scripting/monoscript/fileName/VertexJitter.cs: 6330f950b41eff6e5970f129864ecd6c -> d27eb5498e48714a66aece98da065133
  custom:scripting/monoscript/fileName/TextConsoleSimulator.cs: f2c8898b26c0cf2b0a1c7d12d99e6769 -> 33fc311abb20b5b0ed8f00e4d86b574e
  custom:scripting/monoscript/fileName/VertexColorCycler.cs: 135fb0ebdaf256193ccc08218c426c64 -> 5f984ca91cf3609293aecc6bc5641572
  custom:scripting/monoscript/fileName/TMP_FrameRateCounter.cs: 8afeb6f0251e063dcfff2bd827f92c62 -> 46f655df8cb483ac5958307137b1585a
  custom:scripting/monoscript/fileName/VertexShakeB.cs: 587e5b2aecc39120c2c9ff69742ce897 -> a6f78c4fcda1a29a1a1c1baefedba9e7
  custom:scripting/monoscript/fileName/TMP_UiFrameRateCounter.cs: 8fa3bcf761bb5076fd90d0361518d59c -> b01021aea19247f14a98ab338907956a
  custom:scripting/monoscript/fileName/TMPro_InstructionOverlay.cs: 194f3617683541355a9c6c8193e87b1c -> b626d2270e6ebd5c4311585c18b58d8d
  custom:scripting/monoscript/fileName/TMP_DigitValidator.cs: 4e5cde653ae28b90ab257e866c94dfce -> ac02af96215ae3951a3cce9e1a8c6085
  custom:audio-encoder-webm-vorbis: bf7c407c2cedff20999df2af8eb42d56 -> 
  custom:scripting/monoscript/fileName/Cube_Controller.cs: acd00592fa72aff7217b78bae7072f77 -> 
  custom:scripting/monoscript/fileName/Benchmark01_UGUI.cs: 52a24b07fcdd062ef495404efdb65870 -> 6148cfe2627b7708298f301788144139
  custom:scripting/precompiled-assembly-types:Assembly-CSharp: 252627b8445d6767445947e474900fe4 -> f39d0e8e1a2bdc72903fb33acfa56b16
  custom:scripting/monoscript/fileName/Benchmark03.cs: 520976d641c2b7cf395e30b045f5a45d -> 17cc87e0529ac71d909a946afb47a274
========================================================================
Received Prepare
Caller must complete domain reload
Begin MonoManager ReloadAssembly
- Loaded All Assemblies, in  0.408 seconds
Native extension for WindowsStandalone target not found
Native extension for Android target not found
Native extension for WebGL target not found
Mono: successfully reloaded assembly
- Finished resetting the current domain, in  1.043 seconds
Domain Reload Profiling: 1451ms
	BeginReloadAssembly (150ms)
		ExecutionOrderSort (0ms)
		DisableScriptedObjects (5ms)
		BackupInstance (0ms)
		ReleaseScriptingObjects (0ms)
		CreateAndSetChildDomain (35ms)
	RebuildCommonClasses (36ms)
	RebuildNativeTypeToScriptingClass (12ms)
	initialDomainReloadingComplete (26ms)
	LoadAllAssembliesAndSetupDomain (183ms)
		LoadAssemblies (251ms)
		RebuildTransferFunctionScriptingTraits (0ms)
		AnalyzeDomain (13ms)
			TypeCache.Refresh (6ms)
				TypeCache.ScanAssembly (0ms)
			ScanForSourceGeneratedMonoScriptInfo (0ms)
			ResolveRequiredComponents (5ms)
	FinalizeReload (1043ms)
		ReleaseScriptCaches (0ms)
		RebuildScriptCaches (0ms)
		SetupLoadedEditorAssemblies (569ms)
			LogAssemblyErrors (0ms)
			InitializePlatformSupportModulesInManaged (18ms)
			SetLoadedEditorAssemblies (5ms)
			RefreshPlugins (0ms)
			BeforeProcessingInitializeOnLoad (57ms)
			ProcessInitializeOnLoadAttributes (462ms)
			ProcessInitializeOnLoadMethodAttributes (24ms)
			AfterProcessingInitializeOnLoad (3ms)
			EditorAssembliesLoaded (0ms)
		ExecutionOrderSort2 (0ms)
		AwakeInstancesAfterBackupRestoration (8ms)
Refreshing native plugins compatible for Editor in 5.60 ms, found 6 plugins.
Preloading 0 native plugins for Editor in 0.00 ms.
Unloading 3345 Unused Serialized files (Serialized files now loaded: 0)
Unloading 14 unused Assets / (28.5 KB). Loaded Objects now: 3994.
Memory consumption went from 129.1 MB to 129.1 MB.
Total: 6.639300 ms (FindLiveObjects: 0.585000 ms CreateObjectMapping: 0.363600 ms MarkObjects: 5.610000 ms  DeleteObjects: 0.078200 ms)

Prepare: number of updated asset objects reloaded= 0
AssetImportParameters requested are different than current active one (requested -> active):
  custom:scripting/monoscript/fileName/SkewTextExample.cs: f96859e31fd6dde308d9dc2a2488dcff -> c142d02d70a129e0533975f7c2f96956
  custom:container-demuxer-ogg: 62fdf1f143b41e24485cea50d1cbac27 -> 
  custom:scripting/monoscript/fileName/TMP_TextEventHandler.cs: d0f86a17d6fd3e9995db934eaaf34f18 -> f5cd9d5a43bfefc8f4fec80e6de896a4
  custom:scripting/monoscript/fileName/TextMeshProFloatingText.cs: 5a37842f75734e7729f89af9a8145a1a -> 92608fa4a6315cd0786d82205e77b697
  custom:scripting/monoscript/fileName/VertexZoom.cs: 2da4737d79388c0362c64482e9ee50d2 -> 650ab1e81d40126e3edcf737cce646e4
  custom:video-codec-MediaFoundation-h265: 746d11721c4dcdbdad8f713fa42b33f4 -> 
  custom:scripting/monoscript/fileName/VertexShakeA.cs: 16900906a98712c9660b9823af1f2500 -> 63ec564c588058369499638dd899e05b
  custom:scripting/monoscript/fileName/TMP_ExampleScript_01.cs: 59997facf165601d8c6263ace2a973a5 -> a9d4be556104ff54e7d240529b3e01dc
  custom:video-decoder-ogg-theora: a1e56fd34408186e4bbccfd4996cb3dc -> 
  custom:scripting/monoscript/fileName/TMP_TextEventCheck.cs: 7ee93fce990cec7a5b67b504d0259dce -> 13505d917eab5868c435e0c2986dadfa
  custom:scripting/monoscript/fileName/TMP_TextSelector_B.cs: c0db108de9ffc9b6f619f3d00162b1c2 -> ba2be21a7486d37b1011342977a2e49d
  custom:scripting/monoscript/fileName/Benchmark01.cs: 1fef48c763f4be76a973f061699dd041 -> 2d3e2cd961730ab95f139a49a673bace
  custom:framework-win-MediaFoundation: 216162199b28c13a410421893ffa2e32 -> 
  custom:scripting/monoscript/fileName/UI_Manager.cs: 98fe954eecef79af161772dc64f463a1 -> 
  custom:scripting/monoscript/fileName/Benchmark02.cs: 92dcd0c0a469d0c0690d8ca0bfe95e6f -> 5640963252ce70910e726415f869ced6
  custom:scripting/monoscript/fileName/DropdownSample.cs: b4fe7efb027fdd4854f643ad764daa8c -> 0a92251794e5f10400149f96c3c59e5d
  custom:scripting/monoscript/fileName/WarpTextExample.cs: c5431dac938081648a3a3ac553c1029b -> 2663459c266363641981c7d17b698d7f
  custom:CustomObjectIndexerAttribute: 9a22284fe3817be447336de3de66b15e -> 
  custom:container-demuxer-webm: 4f35f7cbe854078d1ac9338744f61a02 -> 
  custom:scripting/monoscript/fileName/MainMenuButton.cs: e28869a6863284e74946ac915bb193f6 -> 
  custom:scripting/monoscript/fileName/ChatController.cs: ff21b89493e3dffcbe018a2cc5a10bae -> 876d5ccae6e345dd5d9450eb0a748f16
  custom:scripting/monoscript/fileName/TextMeshSpawner.cs: c0f20e5855e88374db1098a5acc68df4 -> 76f28e2ddb031571e6ec62b018f65fa8
  custom:scripting/monoscript/fileName/TeleType.cs: c18e16db35615314900dbe198d0144e7 -> 31fa97821c4c70f157ec81d507aa6b62
  custom:scripting/monoscript/fileName/Benchmark04.cs: 86dfb70824307c4cf164687df2489226 -> 32220b148620e52aa81c13a114862bf4
  custom:container-muxer-webm: aa71ff27fc2769a1b78a27578f13a17b -> 
  custom:video-decoder-webm-vp8: 9c59270c3fd7afecdb556c50c9e8de78 -> 
  custom:scripting/monoscript/fileName/TMP_PhoneNumberValidator.cs: b4c1c54136dffeb4e2962027ebaa6b1f -> 7c3049f481e464c6a9a15dee56c3126f
  custom:SearchIndexIgnoredProperties: e643bd26f0fe6173181afceb89e7c659 -> 
  custom:AudioImporter_EditorPlatform: d09bf68614088b80899f8185d706f6e7 -> 
  custom:scripting/monoscript/fileName/EnvMapAnimator.cs: 08e040d459cd881082c0dd5daba5f85c -> 1b4f61c17e4b7283c3ac351aacff9d26
  custom:scripting/monoscript/fileName/ShaderPropAnimator.cs: 88b70bc5bbc15375387323f48f0661cf -> 55ce425812446482e623ff2695c94cb2
  custom:scripting/monoscript/fileName/SimpleScript.cs: dcd92cf7399b0d08e25e4a66ab57e91e -> 454caab0c6c050f29b39d82e1d66d0fa
  custom:scripting/monoscript/fileName/ObjectSpin.cs: b34dd4d17018731600f920d50ca840f7 -> 2b96bb2079dd7fa5108d981627a28e1e
  custom:scripting/monoscript/fileName/CameraController.cs: 8d43c2def3a67efed518259a2232b470 -> 34b6be4e23ce86dc89786916c5983296
  custom:scripting/monoscript/fileName/TMP_TextInfoDebugTool.cs: 7aad42023b6f5112c90650ae13bd6dd8 -> 3f1709cfb2cc628169113a35b5e9be3f
  custom:scripting/monoscript/fileName/TMP_TextSelector_A.cs: 088357b4acdc1e6288d897936d29c8d3 -> 347309a09d56e367b188a6978f75b424
  custom:video-encoder-webm-vp8: eb34c28f22e8b96e1ab97ce403110664 -> 
  custom:audio-decoder-ogg-vorbis: bf7c407c2cedff20999df2af8eb42d56 -> 
  custom:scripting/monoscript/fileName/VertexJitter.cs: 6330f950b41eff6e5970f129864ecd6c -> d27eb5498e48714a66aece98da065133
  custom:scripting/monoscript/fileName/TextConsoleSimulator.cs: f2c8898b26c0cf2b0a1c7d12d99e6769 -> 33fc311abb20b5b0ed8f00e4d86b574e
  custom:scripting/monoscript/fileName/VertexColorCycler.cs: 135fb0ebdaf256193ccc08218c426c64 -> 5f984ca91cf3609293aecc6bc5641572
  custom:scripting/monoscript/fileName/TMP_FrameRateCounter.cs: 8afeb6f0251e063dcfff2bd827f92c62 -> 46f655df8cb483ac5958307137b1585a
  custom:scripting/monoscript/fileName/VertexShakeB.cs: 587e5b2aecc39120c2c9ff69742ce897 -> a6f78c4fcda1a29a1a1c1baefedba9e7
  custom:scripting/monoscript/fileName/TMP_UiFrameRateCounter.cs: 8fa3bcf761bb5076fd90d0361518d59c -> b01021aea19247f14a98ab338907956a
  custom:scripting/monoscript/fileName/TMPro_InstructionOverlay.cs: 194f3617683541355a9c6c8193e87b1c -> b626d2270e6ebd5c4311585c18b58d8d
  custom:scripting/monoscript/fileName/TMP_DigitValidator.cs: 4e5cde653ae28b90ab257e866c94dfce -> ac02af96215ae3951a3cce9e1a8c6085
  custom:audio-encoder-webm-vorbis: bf7c407c2cedff20999df2af8eb42d56 -> 
  custom:scripting/monoscript/fileName/Cube_Controller.cs: acd00592fa72aff7217b78bae7072f77 -> 
  custom:scripting/monoscript/fileName/Benchmark01_UGUI.cs: 52a24b07fcdd062ef495404efdb65870 -> 6148cfe2627b7708298f301788144139
  custom:scripting/precompiled-assembly-types:Assembly-CSharp: 252627b8445d6767445947e474900fe4 -> f39d0e8e1a2bdc72903fb33acfa56b16
  custom:scripting/monoscript/fileName/Benchmark03.cs: 520976d641c2b7cf395e30b045f5a45d -> 17cc87e0529ac71d909a946afb47a274
========================================================================
Received Import Request.
  Time since last request: 915.020239 seconds.
  path: Assets/Crion/Scripts/UI_Manager.cs
  artifactKey: Guid(03120b13688d0464f88a57ca122b4806) Importer(815301076,1909f56bfc062723c751e8b465ee728b)
Start importing Assets/Crion/Scripts/UI_Manager.cs using Guid(03120b13688d0464f88a57ca122b4806) Importer(815301076,1909f56bfc062723c751e8b465ee728b) [PhysX] Initialized MultithreadedTaskDispatcher with 16 workers.
 -> (artifact id: 'cc4815b58aeaa0e438754aa297c4a3a1') in 0.004342 seconds
Number of updated asset objects reloaded before import = 0
Number of asset objects unloaded after import = 0
========================================================================
Received Import Request.
  Time since last request: 275.374749 seconds.
  path: Assets/Crion/Scripts/UI_Manager.cs
  artifactKey: Guid(03120b13688d0464f88a57ca122b4806) Importer(815301076,1909f56bfc062723c751e8b465ee728b)
Start importing Assets/Crion/Scripts/UI_Manager.cs using Guid(03120b13688d0464f88a57ca122b4806) Importer(815301076,1909f56bfc062723c751e8b465ee728b) [PhysX] Initialized MultithreadedTaskDispatcher with 16 workers.
 -> (artifact id: '00000000000000000000000000000000') in 0.000945 seconds
Import Error Code:(4)
Message: Build asset version error: assets/crion/scripts/ui_manager.cs in SourceAssetDB has modification time of '2025-07-08T07:55:46.0925827Z' while content on disk has modification time of '2025-07-08T07:55:46.3636874Z'
  ERROR: Build asset version error: assets/crion/scripts/ui_manager.cs in SourceAssetDB has modification time of '2025-07-08T07:55:46.0925827Z' while content on disk has modification time of '2025-07-08T07:55:46.3636874Z'
Number of updated asset objects reloaded before import = 0
Number of asset objects unloaded after import = 0
========================================================================
Received Import Request.
  Time since last request: 0.004526 seconds.
  path: Assets/Crion/Scripts/UI_Manager.cs
  artifactKey: Guid(03120b13688d0464f88a57ca122b4806) Importer(815301076,1909f56bfc062723c751e8b465ee728b)
Start importing Assets/Crion/Scripts/UI_Manager.cs using Guid(03120b13688d0464f88a57ca122b4806) Importer(815301076,1909f56bfc062723c751e8b465ee728b) [PhysX] Initialized MultithreadedTaskDispatcher with 16 workers.
 -> (artifact id: '00000000000000000000000000000000') in 0.000536 seconds
Import Error Code:(4)
Message: Build asset version error: assets/crion/scripts/ui_manager.cs in SourceAssetDB has modification time of '2025-07-08T07:55:46.0925827Z' while content on disk has modification time of '2025-07-08T07:55:46.3636874Z'
  ERROR: Build asset version error: assets/crion/scripts/ui_manager.cs in SourceAssetDB has modification time of '2025-07-08T07:55:46.0925827Z' while content on disk has modification time of '2025-07-08T07:55:46.3636874Z'
Number of updated asset objects reloaded before import = 0
Number of asset objects unloaded after import = 0
========================================================================
Received Import Request.
  Time since last request: 0.460441 seconds.
  path: Assets/Crion/Scripts/UI_Manager.cs
  artifactKey: Guid(03120b13688d0464f88a57ca122b4806) Importer(815301076,1909f56bfc062723c751e8b465ee728b)
Start importing Assets/Crion/Scripts/UI_Manager.cs using Guid(03120b13688d0464f88a57ca122b4806) Importer(815301076,1909f56bfc062723c751e8b465ee728b) [PhysX] Initialized MultithreadedTaskDispatcher with 16 workers.
 -> (artifact id: '00000000000000000000000000000000') in 0.000671 seconds
Import Error Code:(4)
Message: Build asset version error: assets/crion/scripts/ui_manager.cs in SourceAssetDB has modification time of '2025-07-08T07:55:46.0925827Z' while content on disk has modification time of '2025-07-08T07:55:46.3636874Z'
  ERROR: Build asset version error: assets/crion/scripts/ui_manager.cs in SourceAssetDB has modification time of '2025-07-08T07:55:46.0925827Z' while content on disk has modification time of '2025-07-08T07:55:46.3636874Z'
Number of updated asset objects reloaded before import = 0
Number of asset objects unloaded after import = 0
========================================================================
Received Import Request.
  Time since last request: 0.044606 seconds.
  path: Assets/Crion/Scripts/UI_Manager.cs
  artifactKey: Guid(03120b13688d0464f88a57ca122b4806) Importer(815301076,1909f56bfc062723c751e8b465ee728b)
Start importing Assets/Crion/Scripts/UI_Manager.cs using Guid(03120b13688d0464f88a57ca122b4806) Importer(815301076,1909f56bfc062723c751e8b465ee728b) [PhysX] Initialized MultithreadedTaskDispatcher with 16 workers.
 -> (artifact id: 'a2be52154904ef6a1535e2310637ba76') in 0.000560 seconds
Number of updated asset objects reloaded before import = 0
Number of asset objects unloaded after import = 0
========================================================================
Received Prepare
Caller must complete domain reload
Begin MonoManager ReloadAssembly
- Loaded All Assemblies, in  0.387 seconds
Native extension for WindowsStandalone target not found
Native extension for Android target not found
Native extension for WebGL target not found
Mono: successfully reloaded assembly
- Finished resetting the current domain, in  1.242 seconds
Domain Reload Profiling: 1629ms
	BeginReloadAssembly (138ms)
		ExecutionOrderSort (0ms)
		DisableScriptedObjects (4ms)
		BackupInstance (0ms)
		ReleaseScriptingObjects (0ms)
		CreateAndSetChildDomain (37ms)
	RebuildCommonClasses (27ms)
	RebuildNativeTypeToScriptingClass (8ms)
	initialDomainReloadingComplete (22ms)
	LoadAllAssembliesAndSetupDomain (191ms)
		LoadAssemblies (238ms)
		RebuildTransferFunctionScriptingTraits (0ms)
		AnalyzeDomain (20ms)
			TypeCache.Refresh (8ms)
				TypeCache.ScanAssembly (1ms)
			ScanForSourceGeneratedMonoScriptInfo (5ms)
			ResolveRequiredComponents (5ms)
	FinalizeReload (1242ms)
		ReleaseScriptCaches (0ms)
		RebuildScriptCaches (0ms)
		SetupLoadedEditorAssemblies (485ms)
			LogAssemblyErrors (0ms)
			InitializePlatformSupportModulesInManaged (13ms)
			SetLoadedEditorAssemblies (4ms)
			RefreshPlugins (0ms)
			BeforeProcessingInitializeOnLoad (49ms)
			ProcessInitializeOnLoadAttributes (398ms)
			ProcessInitializeOnLoadMethodAttributes (19ms)
			AfterProcessingInitializeOnLoad (2ms)
			EditorAssembliesLoaded (0ms)
		ExecutionOrderSort2 (0ms)
		AwakeInstancesAfterBackupRestoration (7ms)
Refreshing native plugins compatible for Editor in 14.18 ms, found 6 plugins.
Preloading 0 native plugins for Editor in 0.00 ms.
Unloading 3344 Unused Serialized files (Serialized files now loaded: 0)
Unloading 14 unused Assets / (28.5 KB). Loaded Objects now: 3997.
Memory consumption went from 128.9 MB to 128.9 MB.
Total: 6.893100 ms (FindLiveObjects: 0.572100 ms CreateObjectMapping: 0.175900 ms MarkObjects: 6.063700 ms  DeleteObjects: 0.080100 ms)

Prepare: number of updated asset objects reloaded= 0
AssetImportParameters requested are different than current active one (requested -> active):
  custom:scripting/monoscript/fileName/SkewTextExample.cs: f96859e31fd6dde308d9dc2a2488dcff -> c142d02d70a129e0533975f7c2f96956
  custom:container-demuxer-ogg: 62fdf1f143b41e24485cea50d1cbac27 -> 
  custom:scripting/monoscript/fileName/TMP_TextEventHandler.cs: d0f86a17d6fd3e9995db934eaaf34f18 -> f5cd9d5a43bfefc8f4fec80e6de896a4
  custom:scripting/monoscript/fileName/TextMeshProFloatingText.cs: 5a37842f75734e7729f89af9a8145a1a -> 92608fa4a6315cd0786d82205e77b697
  custom:scripting/monoscript/fileName/VertexZoom.cs: 2da4737d79388c0362c64482e9ee50d2 -> 650ab1e81d40126e3edcf737cce646e4
  custom:video-codec-MediaFoundation-h265: 746d11721c4dcdbdad8f713fa42b33f4 -> 
  custom:scripting/monoscript/fileName/VertexShakeA.cs: 16900906a98712c9660b9823af1f2500 -> 63ec564c588058369499638dd899e05b
  custom:scripting/monoscript/fileName/TMP_ExampleScript_01.cs: 59997facf165601d8c6263ace2a973a5 -> a9d4be556104ff54e7d240529b3e01dc
  custom:video-decoder-ogg-theora: a1e56fd34408186e4bbccfd4996cb3dc -> 
  custom:scripting/monoscript/fileName/TMP_TextEventCheck.cs: 7ee93fce990cec7a5b67b504d0259dce -> 13505d917eab5868c435e0c2986dadfa
  custom:scripting/monoscript/fileName/TMP_TextSelector_B.cs: c0db108de9ffc9b6f619f3d00162b1c2 -> ba2be21a7486d37b1011342977a2e49d
  custom:scripting/monoscript/fileName/Benchmark01.cs: 1fef48c763f4be76a973f061699dd041 -> 2d3e2cd961730ab95f139a49a673bace
  custom:framework-win-MediaFoundation: 216162199b28c13a410421893ffa2e32 -> 
  custom:scripting/monoscript/fileName/UI_Manager.cs: 98fe954eecef79af161772dc64f463a1 -> 
  custom:scripting/monoscript/fileName/Benchmark02.cs: 92dcd0c0a469d0c0690d8ca0bfe95e6f -> 5640963252ce70910e726415f869ced6
  custom:scripting/monoscript/fileName/DropdownSample.cs: b4fe7efb027fdd4854f643ad764daa8c -> 0a92251794e5f10400149f96c3c59e5d
  custom:scripting/monoscript/fileName/WarpTextExample.cs: c5431dac938081648a3a3ac553c1029b -> 2663459c266363641981c7d17b698d7f
  custom:CustomObjectIndexerAttribute: 9a22284fe3817be447336de3de66b15e -> 
  custom:container-demuxer-webm: 4f35f7cbe854078d1ac9338744f61a02 -> 
  custom:scripting/monoscript/fileName/MainMenuButton.cs: e28869a6863284e74946ac915bb193f6 -> 
  custom:scripting/monoscript/fileName/ChatController.cs: ff21b89493e3dffcbe018a2cc5a10bae -> 876d5ccae6e345dd5d9450eb0a748f16
  custom:scripting/monoscript/fileName/TextMeshSpawner.cs: c0f20e5855e88374db1098a5acc68df4 -> 76f28e2ddb031571e6ec62b018f65fa8
  custom:scripting/monoscript/fileName/TeleType.cs: c18e16db35615314900dbe198d0144e7 -> 31fa97821c4c70f157ec81d507aa6b62
  custom:scripting/monoscript/fileName/Benchmark04.cs: 86dfb70824307c4cf164687df2489226 -> 32220b148620e52aa81c13a114862bf4
  custom:container-muxer-webm: aa71ff27fc2769a1b78a27578f13a17b -> 
  custom:video-decoder-webm-vp8: 9c59270c3fd7afecdb556c50c9e8de78 -> 
  custom:scripting/monoscript/fileName/TMP_PhoneNumberValidator.cs: b4c1c54136dffeb4e2962027ebaa6b1f -> 7c3049f481e464c6a9a15dee56c3126f
  custom:SearchIndexIgnoredProperties: e643bd26f0fe6173181afceb89e7c659 -> 
  custom:AudioImporter_EditorPlatform: d09bf68614088b80899f8185d706f6e7 -> 
  custom:scripting/monoscript/fileName/EnvMapAnimator.cs: 08e040d459cd881082c0dd5daba5f85c -> 1b4f61c17e4b7283c3ac351aacff9d26
  custom:scripting/monoscript/fileName/ShaderPropAnimator.cs: 88b70bc5bbc15375387323f48f0661cf -> 55ce425812446482e623ff2695c94cb2
  custom:scripting/monoscript/fileName/SimpleScript.cs: dcd92cf7399b0d08e25e4a66ab57e91e -> 454caab0c6c050f29b39d82e1d66d0fa
  custom:scripting/monoscript/fileName/ObjectSpin.cs: b34dd4d17018731600f920d50ca840f7 -> 2b96bb2079dd7fa5108d981627a28e1e
  custom:scripting/monoscript/fileName/CameraController.cs: 8d43c2def3a67efed518259a2232b470 -> 34b6be4e23ce86dc89786916c5983296
  custom:scripting/monoscript/fileName/TMP_TextInfoDebugTool.cs: 7aad42023b6f5112c90650ae13bd6dd8 -> 3f1709cfb2cc628169113a35b5e9be3f
  custom:scripting/monoscript/fileName/TMP_TextSelector_A.cs: 088357b4acdc1e6288d897936d29c8d3 -> 347309a09d56e367b188a6978f75b424
  custom:video-encoder-webm-vp8: eb34c28f22e8b96e1ab97ce403110664 -> 
  custom:audio-decoder-ogg-vorbis: bf7c407c2cedff20999df2af8eb42d56 -> 
  custom:scripting/monoscript/fileName/VertexJitter.cs: 6330f950b41eff6e5970f129864ecd6c -> d27eb5498e48714a66aece98da065133
  custom:scripting/monoscript/fileName/TextConsoleSimulator.cs: f2c8898b26c0cf2b0a1c7d12d99e6769 -> 33fc311abb20b5b0ed8f00e4d86b574e
  custom:scripting/monoscript/fileName/VertexColorCycler.cs: 135fb0ebdaf256193ccc08218c426c64 -> 5f984ca91cf3609293aecc6bc5641572
  custom:scripting/monoscript/fileName/TMP_FrameRateCounter.cs: 8afeb6f0251e063dcfff2bd827f92c62 -> 46f655df8cb483ac5958307137b1585a
  custom:scripting/monoscript/fileName/VertexShakeB.cs: 587e5b2aecc39120c2c9ff69742ce897 -> a6f78c4fcda1a29a1a1c1baefedba9e7
  custom:scripting/monoscript/fileName/TMP_UiFrameRateCounter.cs: 8fa3bcf761bb5076fd90d0361518d59c -> b01021aea19247f14a98ab338907956a
  custom:scripting/monoscript/fileName/TMPro_InstructionOverlay.cs: 194f3617683541355a9c6c8193e87b1c -> b626d2270e6ebd5c4311585c18b58d8d
  custom:scripting/monoscript/fileName/TMP_DigitValidator.cs: 4e5cde653ae28b90ab257e866c94dfce -> ac02af96215ae3951a3cce9e1a8c6085
  custom:audio-encoder-webm-vorbis: bf7c407c2cedff20999df2af8eb42d56 -> 
  custom:scripting/monoscript/fileName/Cube_Controller.cs: acd00592fa72aff7217b78bae7072f77 -> 
  custom:scripting/monoscript/fileName/Benchmark01_UGUI.cs: 52a24b07fcdd062ef495404efdb65870 -> 6148cfe2627b7708298f301788144139
  custom:scripting/precompiled-assembly-types:Assembly-CSharp: 252627b8445d6767445947e474900fe4 -> f39d0e8e1a2bdc72903fb33acfa56b16
  custom:scripting/monoscript/fileName/Benchmark03.cs: 520976d641c2b7cf395e30b045f5a45d -> 17cc87e0529ac71d909a946afb47a274
========================================================================
Received Import Request.
  Time since last request: 174.375527 seconds.
  path: Assets/Crion/Scripts/UI_Manager.cs
  artifactKey: Guid(03120b13688d0464f88a57ca122b4806) Importer(815301076,1909f56bfc062723c751e8b465ee728b)
Start importing Assets/Crion/Scripts/UI_Manager.cs using Guid(03120b13688d0464f88a57ca122b4806) Importer(815301076,1909f56bfc062723c751e8b465ee728b) [PhysX] Initialized MultithreadedTaskDispatcher with 16 workers.
 -> (artifact id: '6db5aac58873bc6a7fff1c76b92b4788') in 0.004656 seconds
Number of updated asset objects reloaded before import = 0
Number of asset objects unloaded after import = 0
========================================================================
Received Prepare
Caller must complete domain reload
Begin MonoManager ReloadAssembly
- Loaded All Assemblies, in  0.731 seconds
Native extension for WindowsStandalone target not found
Native extension for Android target not found
Native extension for WebGL target not found
Mono: successfully reloaded assembly
- Finished resetting the current domain, in  1.798 seconds
Domain Reload Profiling: 2529ms
	BeginReloadAssembly (256ms)
		ExecutionOrderSort (0ms)
		DisableScriptedObjects (10ms)
		BackupInstance (0ms)
		ReleaseScriptingObjects (0ms)
		CreateAndSetChildDomain (60ms)
	RebuildCommonClasses (70ms)
	RebuildNativeTypeToScriptingClass (22ms)
	initialDomainReloadingComplete (50ms)
	LoadAllAssembliesAndSetupDomain (332ms)
		LoadAssemblies (429ms)
		RebuildTransferFunctionScriptingTraits (0ms)
		AnalyzeDomain (44ms)
			TypeCache.Refresh (12ms)
				TypeCache.ScanAssembly (1ms)
			ScanForSourceGeneratedMonoScriptInfo (16ms)
			ResolveRequiredComponents (13ms)
	FinalizeReload (1799ms)
		ReleaseScriptCaches (0ms)
		RebuildScriptCaches (0ms)
		SetupLoadedEditorAssemblies (997ms)
			LogAssemblyErrors (0ms)
			InitializePlatformSupportModulesInManaged (34ms)
			SetLoadedEditorAssemblies (8ms)
			RefreshPlugins (0ms)
			BeforeProcessingInitializeOnLoad (108ms)
			ProcessInitializeOnLoadAttributes (807ms)
			ProcessInitializeOnLoadMethodAttributes (36ms)
			AfterProcessingInitializeOnLoad (5ms)
			EditorAssembliesLoaded (0ms)
		ExecutionOrderSort2 (0ms)
		AwakeInstancesAfterBackupRestoration (11ms)
Refreshing native plugins compatible for Editor in 6.39 ms, found 6 plugins.
Preloading 0 native plugins for Editor in 0.00 ms.
Unloading 3344 Unused Serialized files (Serialized files now loaded: 0)
Unloading 14 unused Assets / (28.5 KB). Loaded Objects now: 4000.
Memory consumption went from 128.9 MB to 128.9 MB.
Total: 4.583000 ms (FindLiveObjects: 0.335200 ms CreateObjectMapping: 0.153800 ms MarkObjects: 4.028000 ms  DeleteObjects: 0.064500 ms)

Prepare: number of updated asset objects reloaded= 0
AssetImportParameters requested are different than current active one (requested -> active):
  custom:scripting/monoscript/fileName/SkewTextExample.cs: f96859e31fd6dde308d9dc2a2488dcff -> c142d02d70a129e0533975f7c2f96956
  custom:container-demuxer-ogg: 62fdf1f143b41e24485cea50d1cbac27 -> 
  custom:scripting/monoscript/fileName/TMP_TextEventHandler.cs: d0f86a17d6fd3e9995db934eaaf34f18 -> f5cd9d5a43bfefc8f4fec80e6de896a4
  custom:scripting/monoscript/fileName/TextMeshProFloatingText.cs: 5a37842f75734e7729f89af9a8145a1a -> 92608fa4a6315cd0786d82205e77b697
  custom:scripting/monoscript/fileName/VertexZoom.cs: 2da4737d79388c0362c64482e9ee50d2 -> 650ab1e81d40126e3edcf737cce646e4
  custom:video-codec-MediaFoundation-h265: 746d11721c4dcdbdad8f713fa42b33f4 -> 
  custom:scripting/monoscript/fileName/VertexShakeA.cs: 16900906a98712c9660b9823af1f2500 -> 63ec564c588058369499638dd899e05b
  custom:scripting/monoscript/fileName/TMP_ExampleScript_01.cs: 59997facf165601d8c6263ace2a973a5 -> a9d4be556104ff54e7d240529b3e01dc
  custom:video-decoder-ogg-theora: a1e56fd34408186e4bbccfd4996cb3dc -> 
  custom:scripting/monoscript/fileName/TMP_TextEventCheck.cs: 7ee93fce990cec7a5b67b504d0259dce -> 13505d917eab5868c435e0c2986dadfa
  custom:scripting/monoscript/fileName/TMP_TextSelector_B.cs: c0db108de9ffc9b6f619f3d00162b1c2 -> ba2be21a7486d37b1011342977a2e49d
  custom:scripting/monoscript/fileName/Benchmark01.cs: 1fef48c763f4be76a973f061699dd041 -> 2d3e2cd961730ab95f139a49a673bace
  custom:framework-win-MediaFoundation: 216162199b28c13a410421893ffa2e32 -> 
  custom:scripting/monoscript/fileName/UI_Manager.cs: 98fe954eecef79af161772dc64f463a1 -> 
  custom:scripting/monoscript/fileName/Benchmark02.cs: 92dcd0c0a469d0c0690d8ca0bfe95e6f -> 5640963252ce70910e726415f869ced6
  custom:scripting/monoscript/fileName/DropdownSample.cs: b4fe7efb027fdd4854f643ad764daa8c -> 0a92251794e5f10400149f96c3c59e5d
  custom:scripting/monoscript/fileName/WarpTextExample.cs: c5431dac938081648a3a3ac553c1029b -> 2663459c266363641981c7d17b698d7f
  custom:CustomObjectIndexerAttribute: 9a22284fe3817be447336de3de66b15e -> 
  custom:container-demuxer-webm: 4f35f7cbe854078d1ac9338744f61a02 -> 
  custom:scripting/monoscript/fileName/MainMenuButton.cs: e28869a6863284e74946ac915bb193f6 -> 
  custom:scripting/monoscript/fileName/ChatController.cs: ff21b89493e3dffcbe018a2cc5a10bae -> 876d5ccae6e345dd5d9450eb0a748f16
  custom:scripting/monoscript/fileName/TextMeshSpawner.cs: c0f20e5855e88374db1098a5acc68df4 -> 76f28e2ddb031571e6ec62b018f65fa8
  custom:scripting/monoscript/fileName/TeleType.cs: c18e16db35615314900dbe198d0144e7 -> 31fa97821c4c70f157ec81d507aa6b62
  custom:scripting/monoscript/fileName/Benchmark04.cs: 86dfb70824307c4cf164687df2489226 -> 32220b148620e52aa81c13a114862bf4
  custom:container-muxer-webm: aa71ff27fc2769a1b78a27578f13a17b -> 
  custom:video-decoder-webm-vp8: 9c59270c3fd7afecdb556c50c9e8de78 -> 
  custom:scripting/monoscript/fileName/TMP_PhoneNumberValidator.cs: b4c1c54136dffeb4e2962027ebaa6b1f -> 7c3049f481e464c6a9a15dee56c3126f
  custom:SearchIndexIgnoredProperties: e643bd26f0fe6173181afceb89e7c659 -> 
  custom:AudioImporter_EditorPlatform: d09bf68614088b80899f8185d706f6e7 -> 
  custom:scripting/monoscript/fileName/EnvMapAnimator.cs: 08e040d459cd881082c0dd5daba5f85c -> 1b4f61c17e4b7283c3ac351aacff9d26
  custom:scripting/monoscript/fileName/ShaderPropAnimator.cs: 88b70bc5bbc15375387323f48f0661cf -> 55ce425812446482e623ff2695c94cb2
  custom:scripting/monoscript/fileName/SimpleScript.cs: dcd92cf7399b0d08e25e4a66ab57e91e -> 454caab0c6c050f29b39d82e1d66d0fa
  custom:scripting/monoscript/fileName/ObjectSpin.cs: b34dd4d17018731600f920d50ca840f7 -> 2b96bb2079dd7fa5108d981627a28e1e
  custom:scripting/monoscript/fileName/CameraController.cs: 8d43c2def3a67efed518259a2232b470 -> 34b6be4e23ce86dc89786916c5983296
  custom:scripting/monoscript/fileName/TMP_TextInfoDebugTool.cs: 7aad42023b6f5112c90650ae13bd6dd8 -> 3f1709cfb2cc628169113a35b5e9be3f
  custom:scripting/monoscript/fileName/TMP_TextSelector_A.cs: 088357b4acdc1e6288d897936d29c8d3 -> 347309a09d56e367b188a6978f75b424
  custom:video-encoder-webm-vp8: eb34c28f22e8b96e1ab97ce403110664 -> 
  custom:audio-decoder-ogg-vorbis: bf7c407c2cedff20999df2af8eb42d56 -> 
  custom:scripting/monoscript/fileName/VertexJitter.cs: 6330f950b41eff6e5970f129864ecd6c -> d27eb5498e48714a66aece98da065133
  custom:scripting/monoscript/fileName/TextConsoleSimulator.cs: f2c8898b26c0cf2b0a1c7d12d99e6769 -> 33fc311abb20b5b0ed8f00e4d86b574e
  custom:scripting/monoscript/fileName/VertexColorCycler.cs: 135fb0ebdaf256193ccc08218c426c64 -> 5f984ca91cf3609293aecc6bc5641572
  custom:scripting/monoscript/fileName/TMP_FrameRateCounter.cs: 8afeb6f0251e063dcfff2bd827f92c62 -> 46f655df8cb483ac5958307137b1585a
  custom:scripting/monoscript/fileName/VertexShakeB.cs: 587e5b2aecc39120c2c9ff69742ce897 -> a6f78c4fcda1a29a1a1c1baefedba9e7
  custom:scripting/monoscript/fileName/TMP_UiFrameRateCounter.cs: 8fa3bcf761bb5076fd90d0361518d59c -> b01021aea19247f14a98ab338907956a
  custom:scripting/monoscript/fileName/TMPro_InstructionOverlay.cs: 194f3617683541355a9c6c8193e87b1c -> b626d2270e6ebd5c4311585c18b58d8d
  custom:scripting/monoscript/fileName/TMP_DigitValidator.cs: 4e5cde653ae28b90ab257e866c94dfce -> ac02af96215ae3951a3cce9e1a8c6085
  custom:audio-encoder-webm-vorbis: bf7c407c2cedff20999df2af8eb42d56 -> 
  custom:scripting/monoscript/fileName/Cube_Controller.cs: acd00592fa72aff7217b78bae7072f77 -> 
  custom:scripting/monoscript/fileName/Benchmark01_UGUI.cs: 52a24b07fcdd062ef495404efdb65870 -> 6148cfe2627b7708298f301788144139
  custom:scripting/precompiled-assembly-types:Assembly-CSharp: 252627b8445d6767445947e474900fe4 -> f39d0e8e1a2bdc72903fb33acfa56b16
  custom:scripting/monoscript/fileName/Benchmark03.cs: 520976d641c2b7cf395e30b045f5a45d -> 17cc87e0529ac71d909a946afb47a274
========================================================================
Received Import Request.
  Time since last request: 113.160097 seconds.
  path: Assets/Crion/Scripts/UI_Manager.cs
  artifactKey: Guid(03120b13688d0464f88a57ca122b4806) Importer(815301076,1909f56bfc062723c751e8b465ee728b)
Start importing Assets/Crion/Scripts/UI_Manager.cs using Guid(03120b13688d0464f88a57ca122b4806) Importer(815301076,1909f56bfc062723c751e8b465ee728b) [PhysX] Initialized MultithreadedTaskDispatcher with 16 workers.
 -> (artifact id: 'df9c956b00d1a39466b3a513c1fe0bbc') in 0.004048 seconds
Number of updated asset objects reloaded before import = 0
Number of asset objects unloaded after import = 0
========================================================================
Received Prepare
Caller must complete domain reload
Begin MonoManager ReloadAssembly
- Loaded All Assemblies, in  0.667 seconds
Native extension for WindowsStandalone target not found
Native extension for Android target not found
Native extension for WebGL target not found
Mono: successfully reloaded assembly
- Finished resetting the current domain, in  1.739 seconds
Domain Reload Profiling: 2406ms
	BeginReloadAssembly (221ms)
		ExecutionOrderSort (0ms)
		DisableScriptedObjects (10ms)
		BackupInstance (0ms)
		ReleaseScriptingObjects (0ms)
		CreateAndSetChildDomain (47ms)
	RebuildCommonClasses (63ms)
	RebuildNativeTypeToScriptingClass (22ms)
	initialDomainReloadingComplete (43ms)
	LoadAllAssembliesAndSetupDomain (317ms)
		LoadAssemblies (402ms)
		RebuildTransferFunctionScriptingTraits (0ms)
		AnalyzeDomain (37ms)
			TypeCache.Refresh (12ms)
				TypeCache.ScanAssembly (1ms)
			ScanForSourceGeneratedMonoScriptInfo (11ms)
			ResolveRequiredComponents (11ms)
	FinalizeReload (1740ms)
		ReleaseScriptCaches (0ms)
		RebuildScriptCaches (0ms)
		SetupLoadedEditorAssemblies (960ms)
			LogAssemblyErrors (0ms)
			InitializePlatformSupportModulesInManaged (25ms)
			SetLoadedEditorAssemblies (6ms)
			RefreshPlugins (0ms)
			BeforeProcessingInitializeOnLoad (89ms)
			ProcessInitializeOnLoadAttributes (796ms)
			ProcessInitializeOnLoadMethodAttributes (39ms)
			AfterProcessingInitializeOnLoad (5ms)
			EditorAssembliesLoaded (0ms)
		ExecutionOrderSort2 (0ms)
		AwakeInstancesAfterBackupRestoration (12ms)
Refreshing native plugins compatible for Editor in 6.32 ms, found 6 plugins.
Preloading 0 native plugins for Editor in 0.00 ms.
Unloading 3344 Unused Serialized files (Serialized files now loaded: 0)
Unloading 14 unused Assets / (28.5 KB). Loaded Objects now: 4003.
Memory consumption went from 128.9 MB to 128.9 MB.
Total: 7.026300 ms (FindLiveObjects: 0.566200 ms CreateObjectMapping: 0.227700 ms MarkObjects: 6.166600 ms  DeleteObjects: 0.064700 ms)

Prepare: number of updated asset objects reloaded= 0
AssetImportParameters requested are different than current active one (requested -> active):
  custom:scripting/monoscript/fileName/SkewTextExample.cs: f96859e31fd6dde308d9dc2a2488dcff -> c142d02d70a129e0533975f7c2f96956
  custom:container-demuxer-ogg: 62fdf1f143b41e24485cea50d1cbac27 -> 
  custom:scripting/monoscript/fileName/TMP_TextEventHandler.cs: d0f86a17d6fd3e9995db934eaaf34f18 -> f5cd9d5a43bfefc8f4fec80e6de896a4
  custom:scripting/monoscript/fileName/TextMeshProFloatingText.cs: 5a37842f75734e7729f89af9a8145a1a -> 92608fa4a6315cd0786d82205e77b697
  custom:scripting/monoscript/fileName/VertexZoom.cs: 2da4737d79388c0362c64482e9ee50d2 -> 650ab1e81d40126e3edcf737cce646e4
  custom:video-codec-MediaFoundation-h265: 746d11721c4dcdbdad8f713fa42b33f4 -> 
  custom:scripting/monoscript/fileName/VertexShakeA.cs: 16900906a98712c9660b9823af1f2500 -> 63ec564c588058369499638dd899e05b
  custom:scripting/monoscript/fileName/TMP_ExampleScript_01.cs: 59997facf165601d8c6263ace2a973a5 -> a9d4be556104ff54e7d240529b3e01dc
  custom:video-decoder-ogg-theora: a1e56fd34408186e4bbccfd4996cb3dc -> 
  custom:scripting/monoscript/fileName/TMP_TextEventCheck.cs: 7ee93fce990cec7a5b67b504d0259dce -> 13505d917eab5868c435e0c2986dadfa
  custom:scripting/monoscript/fileName/TMP_TextSelector_B.cs: c0db108de9ffc9b6f619f3d00162b1c2 -> ba2be21a7486d37b1011342977a2e49d
  custom:scripting/monoscript/fileName/Benchmark01.cs: 1fef48c763f4be76a973f061699dd041 -> 2d3e2cd961730ab95f139a49a673bace
  custom:framework-win-MediaFoundation: 216162199b28c13a410421893ffa2e32 -> 
  custom:scripting/monoscript/fileName/UI_Manager.cs: 98fe954eecef79af161772dc64f463a1 -> 
  custom:scripting/monoscript/fileName/Benchmark02.cs: 92dcd0c0a469d0c0690d8ca0bfe95e6f -> 5640963252ce70910e726415f869ced6
  custom:scripting/monoscript/fileName/DropdownSample.cs: b4fe7efb027fdd4854f643ad764daa8c -> 0a92251794e5f10400149f96c3c59e5d
  custom:scripting/monoscript/fileName/WarpTextExample.cs: c5431dac938081648a3a3ac553c1029b -> 2663459c266363641981c7d17b698d7f
  custom:CustomObjectIndexerAttribute: 9a22284fe3817be447336de3de66b15e -> 
  custom:container-demuxer-webm: 4f35f7cbe854078d1ac9338744f61a02 -> 
  custom:scripting/monoscript/fileName/MainMenuButton.cs: e28869a6863284e74946ac915bb193f6 -> 
  custom:scripting/monoscript/fileName/ChatController.cs: ff21b89493e3dffcbe018a2cc5a10bae -> 876d5ccae6e345dd5d9450eb0a748f16
  custom:scripting/monoscript/fileName/TextMeshSpawner.cs: c0f20e5855e88374db1098a5acc68df4 -> 76f28e2ddb031571e6ec62b018f65fa8
  custom:scripting/monoscript/fileName/TeleType.cs: c18e16db35615314900dbe198d0144e7 -> 31fa97821c4c70f157ec81d507aa6b62
  custom:scripting/monoscript/fileName/Benchmark04.cs: 86dfb70824307c4cf164687df2489226 -> 32220b148620e52aa81c13a114862bf4
  custom:container-muxer-webm: aa71ff27fc2769a1b78a27578f13a17b -> 
  custom:video-decoder-webm-vp8: 9c59270c3fd7afecdb556c50c9e8de78 -> 
  custom:scripting/monoscript/fileName/TMP_PhoneNumberValidator.cs: b4c1c54136dffeb4e2962027ebaa6b1f -> 7c3049f481e464c6a9a15dee56c3126f
  custom:SearchIndexIgnoredProperties: e643bd26f0fe6173181afceb89e7c659 -> 
  custom:AudioImporter_EditorPlatform: d09bf68614088b80899f8185d706f6e7 -> 
  custom:scripting/monoscript/fileName/EnvMapAnimator.cs: 08e040d459cd881082c0dd5daba5f85c -> 1b4f61c17e4b7283c3ac351aacff9d26
  custom:scripting/monoscript/fileName/ShaderPropAnimator.cs: 88b70bc5bbc15375387323f48f0661cf -> 55ce425812446482e623ff2695c94cb2
  custom:scripting/monoscript/fileName/SimpleScript.cs: dcd92cf7399b0d08e25e4a66ab57e91e -> 454caab0c6c050f29b39d82e1d66d0fa
  custom:scripting/monoscript/fileName/ObjectSpin.cs: b34dd4d17018731600f920d50ca840f7 -> 2b96bb2079dd7fa5108d981627a28e1e
  custom:scripting/monoscript/fileName/CameraController.cs: 8d43c2def3a67efed518259a2232b470 -> 34b6be4e23ce86dc89786916c5983296
  custom:scripting/monoscript/fileName/TMP_TextInfoDebugTool.cs: 7aad42023b6f5112c90650ae13bd6dd8 -> 3f1709cfb2cc628169113a35b5e9be3f
  custom:scripting/monoscript/fileName/TMP_TextSelector_A.cs: 088357b4acdc1e6288d897936d29c8d3 -> 347309a09d56e367b188a6978f75b424
  custom:video-encoder-webm-vp8: eb34c28f22e8b96e1ab97ce403110664 -> 
  custom:audio-decoder-ogg-vorbis: bf7c407c2cedff20999df2af8eb42d56 -> 
  custom:scripting/monoscript/fileName/VertexJitter.cs: 6330f950b41eff6e5970f129864ecd6c -> d27eb5498e48714a66aece98da065133
  custom:scripting/monoscript/fileName/TextConsoleSimulator.cs: f2c8898b26c0cf2b0a1c7d12d99e6769 -> 33fc311abb20b5b0ed8f00e4d86b574e
  custom:scripting/monoscript/fileName/VertexColorCycler.cs: 135fb0ebdaf256193ccc08218c426c64 -> 5f984ca91cf3609293aecc6bc5641572
  custom:scripting/monoscript/fileName/TMP_FrameRateCounter.cs: 8afeb6f0251e063dcfff2bd827f92c62 -> 46f655df8cb483ac5958307137b1585a
  custom:scripting/monoscript/fileName/VertexShakeB.cs: 587e5b2aecc39120c2c9ff69742ce897 -> a6f78c4fcda1a29a1a1c1baefedba9e7
  custom:scripting/monoscript/fileName/TMP_UiFrameRateCounter.cs: 8fa3bcf761bb5076fd90d0361518d59c -> b01021aea19247f14a98ab338907956a
  custom:scripting/monoscript/fileName/TMPro_InstructionOverlay.cs: 194f3617683541355a9c6c8193e87b1c -> b626d2270e6ebd5c4311585c18b58d8d
  custom:scripting/monoscript/fileName/TMP_DigitValidator.cs: 4e5cde653ae28b90ab257e866c94dfce -> ac02af96215ae3951a3cce9e1a8c6085
  custom:audio-encoder-webm-vorbis: bf7c407c2cedff20999df2af8eb42d56 -> 
  custom:scripting/monoscript/fileName/Cube_Controller.cs: acd00592fa72aff7217b78bae7072f77 -> 
  custom:scripting/monoscript/fileName/Benchmark01_UGUI.cs: 52a24b07fcdd062ef495404efdb65870 -> 6148cfe2627b7708298f301788144139
  custom:scripting/precompiled-assembly-types:Assembly-CSharp: 252627b8445d6767445947e474900fe4 -> f39d0e8e1a2bdc72903fb33acfa56b16
  custom:scripting/monoscript/fileName/Benchmark03.cs: 520976d641c2b7cf395e30b045f5a45d -> 17cc87e0529ac71d909a946afb47a274
========================================================================
Received Import Request.
  Time since last request: 201.997590 seconds.
  path: Assets/Crion/Scripts/retro-game-arcade-236133.mp3
  artifactKey: Guid(e8ad92bf674c3504880f1dd3b0b53ef2) Importer(815301076,1909f56bfc062723c751e8b465ee728b)
Start importing Assets/Crion/Scripts/retro-game-arcade-236133.mp3 using Guid(e8ad92bf674c3504880f1dd3b0b53ef2) Importer(815301076,1909f56bfc062723c751e8b465ee728b) [PhysX] Initialized MultithreadedTaskDispatcher with 16 workers.
[PhysX] Initialized MultithreadedTaskDispatcher with 16 workers.
 -> (artifact id: 'ac30a6ec97f5eabbd0d6c184dc23b0af') in 0.160608 seconds
Number of updated asset objects reloaded before import = 0
Number of asset objects unloaded after import = 2
========================================================================
Received Import Request.
  Time since last request: 7.140934 seconds.
  path: Assets/Crion/New Folder
  artifactKey: Guid(29daddd096ba1684b8b103bf142782d7) Importer(815301076,1909f56bfc062723c751e8b465ee728b)
Start importing Assets/Crion/New Folder using Guid(29daddd096ba1684b8b103bf142782d7) Importer(815301076,1909f56bfc062723c751e8b465ee728b) [PhysX] Initialized MultithreadedTaskDispatcher with 16 workers.
 -> (artifact id: '8ed97b61bf185d4e91c784c2820179f0') in 0.000787 seconds
Number of updated asset objects reloaded before import = 0
Number of asset objects unloaded after import = 0
========================================================================
Received Import Request.
  Time since last request: 8.419448 seconds.
  path: Assets/Crion/Media
  artifactKey: Guid(29daddd096ba1684b8b103bf142782d7) Importer(815301076,1909f56bfc062723c751e8b465ee728b)
Start importing Assets/Crion/Media using Guid(29daddd096ba1684b8b103bf142782d7) Importer(815301076,1909f56bfc062723c751e8b465ee728b) [PhysX] Initialized MultithreadedTaskDispatcher with 16 workers.
 -> (artifact id: '88d44b28a77cd638a25882136ac94af9') in 0.000546 seconds
Number of updated asset objects reloaded before import = 0
Number of asset objects unloaded after import = 0
========================================================================
Received Import Request.
  Time since last request: 22.901496 seconds.
  path: Assets/Crion/Media/Audio
  artifactKey: Guid(7d156f373ee54cb41b46361cb8cdf138) Importer(815301076,1909f56bfc062723c751e8b465ee728b)
Start importing Assets/Crion/Media/Audio using Guid(7d156f373ee54cb41b46361cb8cdf138) Importer(815301076,1909f56bfc062723c751e8b465ee728b) [PhysX] Initialized MultithreadedTaskDispatcher with 16 workers.
 -> (artifact id: '2e99d344bcec18cce8d967679c6535fa') in 0.000612 seconds
Number of updated asset objects reloaded before import = 0
Number of asset objects unloaded after import = 0
========================================================================
Received Prepare
Caller must complete domain reload
Begin MonoManager ReloadAssembly
- Loaded All Assemblies, in  0.380 seconds
Native extension for WindowsStandalone target not found
Native extension for Android target not found
Native extension for WebGL target not found
Mono: successfully reloaded assembly
- Finished resetting the current domain, in  1.407 seconds
Domain Reload Profiling: 1787ms
	BeginReloadAssembly (132ms)
		ExecutionOrderSort (0ms)
		DisableScriptedObjects (5ms)
		BackupInstance (0ms)
		ReleaseScriptingObjects (0ms)
		CreateAndSetChildDomain (32ms)
	RebuildCommonClasses (27ms)
	RebuildNativeTypeToScriptingClass (9ms)
	initialDomainReloadingComplete (22ms)
	LoadAllAssembliesAndSetupDomain (190ms)
		LoadAssemblies (246ms)
		RebuildTransferFunctionScriptingTraits (0ms)
		AnalyzeDomain (12ms)
			TypeCache.Refresh (5ms)
				TypeCache.ScanAssembly (0ms)
			ScanForSourceGeneratedMonoScriptInfo (0ms)
			ResolveRequiredComponents (5ms)
	FinalizeReload (1407ms)
		ReleaseScriptCaches (0ms)
		RebuildScriptCaches (0ms)
		SetupLoadedEditorAssemblies (581ms)
			LogAssemblyErrors (0ms)
			InitializePlatformSupportModulesInManaged (17ms)
			SetLoadedEditorAssemblies (5ms)
			RefreshPlugins (0ms)
			BeforeProcessingInitializeOnLoad (71ms)
			ProcessInitializeOnLoadAttributes (467ms)
			ProcessInitializeOnLoadMethodAttributes (19ms)
			AfterProcessingInitializeOnLoad (2ms)
			EditorAssembliesLoaded (0ms)
		ExecutionOrderSort2 (0ms)
		AwakeInstancesAfterBackupRestoration (7ms)
Refreshing native plugins compatible for Editor in 5.31 ms, found 6 plugins.
Preloading 0 native plugins for Editor in 0.00 ms.
Unloading 3344 Unused Serialized files (Serialized files now loaded: 0)
Unloading 14 unused Assets / (28.5 KB). Loaded Objects now: 4008.
Memory consumption went from 128.9 MB to 128.9 MB.
Total: 6.525600 ms (FindLiveObjects: 0.608100 ms CreateObjectMapping: 0.273600 ms MarkObjects: 5.579800 ms  DeleteObjects: 0.063100 ms)

Prepare: number of updated asset objects reloaded= 0
AssetImportParameters requested are different than current active one (requested -> active):
  custom:scripting/monoscript/fileName/SkewTextExample.cs: f96859e31fd6dde308d9dc2a2488dcff -> c142d02d70a129e0533975f7c2f96956
  custom:container-demuxer-ogg: 62fdf1f143b41e24485cea50d1cbac27 -> 
  custom:scripting/monoscript/fileName/TMP_TextEventHandler.cs: d0f86a17d6fd3e9995db934eaaf34f18 -> f5cd9d5a43bfefc8f4fec80e6de896a4
  custom:scripting/monoscript/fileName/TextMeshProFloatingText.cs: 5a37842f75734e7729f89af9a8145a1a -> 92608fa4a6315cd0786d82205e77b697
  custom:scripting/monoscript/fileName/VertexZoom.cs: 2da4737d79388c0362c64482e9ee50d2 -> 650ab1e81d40126e3edcf737cce646e4
  custom:video-codec-MediaFoundation-h265: 746d11721c4dcdbdad8f713fa42b33f4 -> 
  custom:scripting/monoscript/fileName/VertexShakeA.cs: 16900906a98712c9660b9823af1f2500 -> 63ec564c588058369499638dd899e05b
  custom:scripting/monoscript/fileName/TMP_ExampleScript_01.cs: 59997facf165601d8c6263ace2a973a5 -> a9d4be556104ff54e7d240529b3e01dc
  custom:video-decoder-ogg-theora: a1e56fd34408186e4bbccfd4996cb3dc -> 
  custom:scripting/monoscript/fileName/TMP_TextEventCheck.cs: 7ee93fce990cec7a5b67b504d0259dce -> 13505d917eab5868c435e0c2986dadfa
  custom:scripting/monoscript/fileName/TMP_TextSelector_B.cs: c0db108de9ffc9b6f619f3d00162b1c2 -> ba2be21a7486d37b1011342977a2e49d
  custom:scripting/monoscript/fileName/Benchmark01.cs: 1fef48c763f4be76a973f061699dd041 -> 2d3e2cd961730ab95f139a49a673bace
  custom:framework-win-MediaFoundation: 216162199b28c13a410421893ffa2e32 -> 
  custom:scripting/monoscript/fileName/UI_Manager.cs: 98fe954eecef79af161772dc64f463a1 -> 
  custom:scripting/monoscript/fileName/Benchmark02.cs: 92dcd0c0a469d0c0690d8ca0bfe95e6f -> 5640963252ce70910e726415f869ced6
  custom:scripting/monoscript/fileName/DropdownSample.cs: b4fe7efb027fdd4854f643ad764daa8c -> 0a92251794e5f10400149f96c3c59e5d
  custom:scripting/monoscript/fileName/WarpTextExample.cs: c5431dac938081648a3a3ac553c1029b -> 2663459c266363641981c7d17b698d7f
  custom:CustomObjectIndexerAttribute: 9a22284fe3817be447336de3de66b15e -> 
  custom:container-demuxer-webm: 4f35f7cbe854078d1ac9338744f61a02 -> 
  custom:scripting/monoscript/fileName/MainMenuButton.cs: e28869a6863284e74946ac915bb193f6 -> 
  custom:scripting/monoscript/fileName/ChatController.cs: ff21b89493e3dffcbe018a2cc5a10bae -> 876d5ccae6e345dd5d9450eb0a748f16
  custom:scripting/monoscript/fileName/TextMeshSpawner.cs: c0f20e5855e88374db1098a5acc68df4 -> 76f28e2ddb031571e6ec62b018f65fa8
  custom:scripting/monoscript/fileName/TeleType.cs: c18e16db35615314900dbe198d0144e7 -> 31fa97821c4c70f157ec81d507aa6b62
  custom:scripting/monoscript/fileName/Benchmark04.cs: 86dfb70824307c4cf164687df2489226 -> 32220b148620e52aa81c13a114862bf4
  custom:container-muxer-webm: aa71ff27fc2769a1b78a27578f13a17b -> 
  custom:video-decoder-webm-vp8: 9c59270c3fd7afecdb556c50c9e8de78 -> 
  custom:scripting/monoscript/fileName/TMP_PhoneNumberValidator.cs: b4c1c54136dffeb4e2962027ebaa6b1f -> 7c3049f481e464c6a9a15dee56c3126f
  custom:SearchIndexIgnoredProperties: e643bd26f0fe6173181afceb89e7c659 -> 
  custom:AudioImporter_EditorPlatform: d09bf68614088b80899f8185d706f6e7 -> 
  custom:scripting/monoscript/fileName/EnvMapAnimator.cs: 08e040d459cd881082c0dd5daba5f85c -> 1b4f61c17e4b7283c3ac351aacff9d26
  custom:scripting/monoscript/fileName/ShaderPropAnimator.cs: 88b70bc5bbc15375387323f48f0661cf -> 55ce425812446482e623ff2695c94cb2
  custom:scripting/monoscript/fileName/SimpleScript.cs: dcd92cf7399b0d08e25e4a66ab57e91e -> 454caab0c6c050f29b39d82e1d66d0fa
  custom:scripting/monoscript/fileName/ObjectSpin.cs: b34dd4d17018731600f920d50ca840f7 -> 2b96bb2079dd7fa5108d981627a28e1e
  custom:scripting/monoscript/fileName/CameraController.cs: 8d43c2def3a67efed518259a2232b470 -> 34b6be4e23ce86dc89786916c5983296
  custom:scripting/monoscript/fileName/TMP_TextInfoDebugTool.cs: 7aad42023b6f5112c90650ae13bd6dd8 -> 3f1709cfb2cc628169113a35b5e9be3f
  custom:scripting/monoscript/fileName/TMP_TextSelector_A.cs: 088357b4acdc1e6288d897936d29c8d3 -> 347309a09d56e367b188a6978f75b424
  custom:video-encoder-webm-vp8: eb34c28f22e8b96e1ab97ce403110664 -> 
  custom:audio-decoder-ogg-vorbis: bf7c407c2cedff20999df2af8eb42d56 -> 
  custom:scripting/monoscript/fileName/VertexJitter.cs: 6330f950b41eff6e5970f129864ecd6c -> d27eb5498e48714a66aece98da065133
  custom:scripting/monoscript/fileName/TextConsoleSimulator.cs: f2c8898b26c0cf2b0a1c7d12d99e6769 -> 33fc311abb20b5b0ed8f00e4d86b574e
  custom:scripting/monoscript/fileName/VertexColorCycler.cs: 135fb0ebdaf256193ccc08218c426c64 -> 5f984ca91cf3609293aecc6bc5641572
  custom:scripting/monoscript/fileName/TMP_FrameRateCounter.cs: 8afeb6f0251e063dcfff2bd827f92c62 -> 46f655df8cb483ac5958307137b1585a
  custom:scripting/monoscript/fileName/VertexShakeB.cs: 587e5b2aecc39120c2c9ff69742ce897 -> a6f78c4fcda1a29a1a1c1baefedba9e7
  custom:scripting/monoscript/fileName/TMP_UiFrameRateCounter.cs: 8fa3bcf761bb5076fd90d0361518d59c -> b01021aea19247f14a98ab338907956a
  custom:scripting/monoscript/fileName/TMPro_InstructionOverlay.cs: 194f3617683541355a9c6c8193e87b1c -> b626d2270e6ebd5c4311585c18b58d8d
  custom:scripting/monoscript/fileName/TMP_DigitValidator.cs: 4e5cde653ae28b90ab257e866c94dfce -> ac02af96215ae3951a3cce9e1a8c6085
  custom:audio-encoder-webm-vorbis: bf7c407c2cedff20999df2af8eb42d56 -> 
  custom:scripting/monoscript/fileName/Cube_Controller.cs: acd00592fa72aff7217b78bae7072f77 -> 
  custom:scripting/monoscript/fileName/Benchmark01_UGUI.cs: 52a24b07fcdd062ef495404efdb65870 -> 6148cfe2627b7708298f301788144139
  custom:scripting/precompiled-assembly-types:Assembly-CSharp: 252627b8445d6767445947e474900fe4 -> f39d0e8e1a2bdc72903fb33acfa56b16
  custom:scripting/monoscript/fileName/Benchmark03.cs: 520976d641c2b7cf395e30b045f5a45d -> 17cc87e0529ac71d909a946afb47a274
========================================================================
Received Prepare
Caller must complete domain reload
Begin MonoManager ReloadAssembly
- Loaded All Assemblies, in  0.338 seconds
Native extension for WindowsStandalone target not found
Native extension for Android target not found
Native extension for WebGL target not found
Mono: successfully reloaded assembly
- Finished resetting the current domain, in  0.950 seconds
Domain Reload Profiling: 1289ms
	BeginReloadAssembly (128ms)
		ExecutionOrderSort (0ms)
		DisableScriptedObjects (5ms)
		BackupInstance (0ms)
		ReleaseScriptingObjects (0ms)
		CreateAndSetChildDomain (31ms)
	RebuildCommonClasses (27ms)
	RebuildNativeTypeToScriptingClass (9ms)
	initialDomainReloadingComplete (20ms)
	LoadAllAssembliesAndSetupDomain (154ms)
		LoadAssemblies (210ms)
		RebuildTransferFunctionScriptingTraits (0ms)
		AnalyzeDomain (11ms)
			TypeCache.Refresh (5ms)
				TypeCache.ScanAssembly (0ms)
			ScanForSourceGeneratedMonoScriptInfo (0ms)
			ResolveRequiredComponents (5ms)
	FinalizeReload (951ms)
		ReleaseScriptCaches (0ms)
		RebuildScriptCaches (0ms)
		SetupLoadedEditorAssemblies (531ms)
			LogAssemblyErrors (0ms)
			InitializePlatformSupportModulesInManaged (15ms)
			SetLoadedEditorAssemblies (3ms)
			RefreshPlugins (0ms)
			BeforeProcessingInitializeOnLoad (50ms)
			ProcessInitializeOnLoadAttributes (437ms)
			ProcessInitializeOnLoadMethodAttributes (23ms)
			AfterProcessingInitializeOnLoad (2ms)
			EditorAssembliesLoaded (0ms)
		ExecutionOrderSort2 (0ms)
		AwakeInstancesAfterBackupRestoration (6ms)
Refreshing native plugins compatible for Editor in 5.68 ms, found 6 plugins.
Preloading 0 native plugins for Editor in 0.00 ms.
Unloading 3345 Unused Serialized files (Serialized files now loaded: 0)
Unloading 14 unused Assets / (28.5 KB). Loaded Objects now: 4011.
Memory consumption went from 129.2 MB to 129.2 MB.
Total: 8.095900 ms (FindLiveObjects: 0.892600 ms CreateObjectMapping: 0.344300 ms MarkObjects: 6.770600 ms  DeleteObjects: 0.084900 ms)

Prepare: number of updated asset objects reloaded= 0
AssetImportParameters requested are different than current active one (requested -> active):
  custom:scripting/monoscript/fileName/SkewTextExample.cs: f96859e31fd6dde308d9dc2a2488dcff -> c142d02d70a129e0533975f7c2f96956
  custom:container-demuxer-ogg: 62fdf1f143b41e24485cea50d1cbac27 -> 
  custom:scripting/monoscript/fileName/TMP_TextEventHandler.cs: d0f86a17d6fd3e9995db934eaaf34f18 -> f5cd9d5a43bfefc8f4fec80e6de896a4
  custom:scripting/monoscript/fileName/TextMeshProFloatingText.cs: 5a37842f75734e7729f89af9a8145a1a -> 92608fa4a6315cd0786d82205e77b697
  custom:scripting/monoscript/fileName/VertexZoom.cs: 2da4737d79388c0362c64482e9ee50d2 -> 650ab1e81d40126e3edcf737cce646e4
  custom:video-codec-MediaFoundation-h265: 746d11721c4dcdbdad8f713fa42b33f4 -> 
  custom:scripting/monoscript/fileName/VertexShakeA.cs: 16900906a98712c9660b9823af1f2500 -> 63ec564c588058369499638dd899e05b
  custom:scripting/monoscript/fileName/TMP_ExampleScript_01.cs: 59997facf165601d8c6263ace2a973a5 -> a9d4be556104ff54e7d240529b3e01dc
  custom:video-decoder-ogg-theora: a1e56fd34408186e4bbccfd4996cb3dc -> 
  custom:scripting/monoscript/fileName/TMP_TextEventCheck.cs: 7ee93fce990cec7a5b67b504d0259dce -> 13505d917eab5868c435e0c2986dadfa
  custom:scripting/monoscript/fileName/TMP_TextSelector_B.cs: c0db108de9ffc9b6f619f3d00162b1c2 -> ba2be21a7486d37b1011342977a2e49d
  custom:scripting/monoscript/fileName/Benchmark01.cs: 1fef48c763f4be76a973f061699dd041 -> 2d3e2cd961730ab95f139a49a673bace
  custom:framework-win-MediaFoundation: 216162199b28c13a410421893ffa2e32 -> 
  custom:scripting/monoscript/fileName/UI_Manager.cs: 98fe954eecef79af161772dc64f463a1 -> 
  custom:scripting/monoscript/fileName/Benchmark02.cs: 92dcd0c0a469d0c0690d8ca0bfe95e6f -> 5640963252ce70910e726415f869ced6
  custom:scripting/monoscript/fileName/DropdownSample.cs: b4fe7efb027fdd4854f643ad764daa8c -> 0a92251794e5f10400149f96c3c59e5d
  custom:scripting/monoscript/fileName/WarpTextExample.cs: c5431dac938081648a3a3ac553c1029b -> 2663459c266363641981c7d17b698d7f
  custom:CustomObjectIndexerAttribute: 9a22284fe3817be447336de3de66b15e -> 
  custom:container-demuxer-webm: 4f35f7cbe854078d1ac9338744f61a02 -> 
  custom:scripting/monoscript/fileName/MainMenuButton.cs: e28869a6863284e74946ac915bb193f6 -> 
  custom:scripting/monoscript/fileName/ChatController.cs: ff21b89493e3dffcbe018a2cc5a10bae -> 876d5ccae6e345dd5d9450eb0a748f16
  custom:scripting/monoscript/fileName/TextMeshSpawner.cs: c0f20e5855e88374db1098a5acc68df4 -> 76f28e2ddb031571e6ec62b018f65fa8
  custom:scripting/monoscript/fileName/TeleType.cs: c18e16db35615314900dbe198d0144e7 -> 31fa97821c4c70f157ec81d507aa6b62
  custom:scripting/monoscript/fileName/Benchmark04.cs: 86dfb70824307c4cf164687df2489226 -> 32220b148620e52aa81c13a114862bf4
  custom:container-muxer-webm: aa71ff27fc2769a1b78a27578f13a17b -> 
  custom:video-decoder-webm-vp8: 9c59270c3fd7afecdb556c50c9e8de78 -> 
  custom:scripting/monoscript/fileName/TMP_PhoneNumberValidator.cs: b4c1c54136dffeb4e2962027ebaa6b1f -> 7c3049f481e464c6a9a15dee56c3126f
  custom:SearchIndexIgnoredProperties: e643bd26f0fe6173181afceb89e7c659 -> 
  custom:AudioImporter_EditorPlatform: d09bf68614088b80899f8185d706f6e7 -> 
  custom:scripting/monoscript/fileName/EnvMapAnimator.cs: 08e040d459cd881082c0dd5daba5f85c -> 1b4f61c17e4b7283c3ac351aacff9d26
  custom:scripting/monoscript/fileName/ShaderPropAnimator.cs: 88b70bc5bbc15375387323f48f0661cf -> 55ce425812446482e623ff2695c94cb2
  custom:scripting/monoscript/fileName/SimpleScript.cs: dcd92cf7399b0d08e25e4a66ab57e91e -> 454caab0c6c050f29b39d82e1d66d0fa
  custom:scripting/monoscript/fileName/ObjectSpin.cs: b34dd4d17018731600f920d50ca840f7 -> 2b96bb2079dd7fa5108d981627a28e1e
  custom:scripting/monoscript/fileName/CameraController.cs: 8d43c2def3a67efed518259a2232b470 -> 34b6be4e23ce86dc89786916c5983296
  custom:scripting/monoscript/fileName/TMP_TextInfoDebugTool.cs: 7aad42023b6f5112c90650ae13bd6dd8 -> 3f1709cfb2cc628169113a35b5e9be3f
  custom:scripting/monoscript/fileName/TMP_TextSelector_A.cs: 088357b4acdc1e6288d897936d29c8d3 -> 347309a09d56e367b188a6978f75b424
  custom:video-encoder-webm-vp8: eb34c28f22e8b96e1ab97ce403110664 -> 
  custom:audio-decoder-ogg-vorbis: bf7c407c2cedff20999df2af8eb42d56 -> 
  custom:scripting/monoscript/fileName/VertexJitter.cs: 6330f950b41eff6e5970f129864ecd6c -> d27eb5498e48714a66aece98da065133
  custom:scripting/monoscript/fileName/TextConsoleSimulator.cs: f2c8898b26c0cf2b0a1c7d12d99e6769 -> 33fc311abb20b5b0ed8f00e4d86b574e
  custom:scripting/monoscript/fileName/VertexColorCycler.cs: 135fb0ebdaf256193ccc08218c426c64 -> 5f984ca91cf3609293aecc6bc5641572
  custom:scripting/monoscript/fileName/TMP_FrameRateCounter.cs: 8afeb6f0251e063dcfff2bd827f92c62 -> 46f655df8cb483ac5958307137b1585a
  custom:scripting/monoscript/fileName/VertexShakeB.cs: 587e5b2aecc39120c2c9ff69742ce897 -> a6f78c4fcda1a29a1a1c1baefedba9e7
  custom:scripting/monoscript/fileName/TMP_UiFrameRateCounter.cs: 8fa3bcf761bb5076fd90d0361518d59c -> b01021aea19247f14a98ab338907956a
  custom:scripting/monoscript/fileName/TMPro_InstructionOverlay.cs: 194f3617683541355a9c6c8193e87b1c -> b626d2270e6ebd5c4311585c18b58d8d
  custom:scripting/monoscript/fileName/TMP_DigitValidator.cs: 4e5cde653ae28b90ab257e866c94dfce -> ac02af96215ae3951a3cce9e1a8c6085
  custom:audio-encoder-webm-vorbis: bf7c407c2cedff20999df2af8eb42d56 -> 
  custom:scripting/monoscript/fileName/Cube_Controller.cs: acd00592fa72aff7217b78bae7072f77 -> 
  custom:scripting/monoscript/fileName/Benchmark01_UGUI.cs: 52a24b07fcdd062ef495404efdb65870 -> 6148cfe2627b7708298f301788144139
  custom:scripting/precompiled-assembly-types:Assembly-CSharp: 252627b8445d6767445947e474900fe4 -> f39d0e8e1a2bdc72903fb33acfa56b16
  custom:scripting/monoscript/fileName/Benchmark03.cs: 520976d641c2b7cf395e30b045f5a45d -> 17cc87e0529ac71d909a946afb47a274
========================================================================
Received Prepare
Caller must complete domain reload
Begin MonoManager ReloadAssembly
- Loaded All Assemblies, in  0.359 seconds
Native extension for WindowsStandalone target not found
Native extension for Android target not found
Native extension for WebGL target not found
Mono: successfully reloaded assembly
- Finished resetting the current domain, in  0.953 seconds
Domain Reload Profiling: 1312ms
	BeginReloadAssembly (134ms)
		ExecutionOrderSort (0ms)
		DisableScriptedObjects (6ms)
		BackupInstance (0ms)
		ReleaseScriptingObjects (0ms)
		CreateAndSetChildDomain (35ms)
	RebuildCommonClasses (32ms)
	RebuildNativeTypeToScriptingClass (14ms)
	initialDomainReloadingComplete (22ms)
	LoadAllAssembliesAndSetupDomain (157ms)
		LoadAssemblies (214ms)
		RebuildTransferFunctionScriptingTraits (0ms)
		AnalyzeDomain (11ms)
			TypeCache.Refresh (5ms)
				TypeCache.ScanAssembly (0ms)
			ScanForSourceGeneratedMonoScriptInfo (0ms)
			ResolveRequiredComponents (5ms)
	FinalizeReload (953ms)
		ReleaseScriptCaches (0ms)
		RebuildScriptCaches (0ms)
		SetupLoadedEditorAssemblies (552ms)
			LogAssemblyErrors (0ms)
			InitializePlatformSupportModulesInManaged (18ms)
			SetLoadedEditorAssemblies (4ms)
			RefreshPlugins (0ms)
			BeforeProcessingInitializeOnLoad (58ms)
			ProcessInitializeOnLoadAttributes (448ms)
			ProcessInitializeOnLoadMethodAttributes (22ms)
			AfterProcessingInitializeOnLoad (2ms)
			EditorAssembliesLoaded (0ms)
		ExecutionOrderSort2 (0ms)
		AwakeInstancesAfterBackupRestoration (7ms)
Refreshing native plugins compatible for Editor in 4.76 ms, found 6 plugins.
Preloading 0 native plugins for Editor in 0.00 ms.
Unloading 3345 Unused Serialized files (Serialized files now loaded: 0)
Unloading 14 unused Assets / (28.5 KB). Loaded Objects now: 4014.
Memory consumption went from 129.2 MB to 129.2 MB.
Total: 6.686500 ms (FindLiveObjects: 0.548100 ms CreateObjectMapping: 0.420900 ms MarkObjects: 5.635000 ms  DeleteObjects: 0.080700 ms)

Prepare: number of updated asset objects reloaded= 0
AssetImportParameters requested are different than current active one (requested -> active):
  custom:scripting/monoscript/fileName/SkewTextExample.cs: f96859e31fd6dde308d9dc2a2488dcff -> c142d02d70a129e0533975f7c2f96956
  custom:container-demuxer-ogg: 62fdf1f143b41e24485cea50d1cbac27 -> 
  custom:scripting/monoscript/fileName/TMP_TextEventHandler.cs: d0f86a17d6fd3e9995db934eaaf34f18 -> f5cd9d5a43bfefc8f4fec80e6de896a4
  custom:scripting/monoscript/fileName/TextMeshProFloatingText.cs: 5a37842f75734e7729f89af9a8145a1a -> 92608fa4a6315cd0786d82205e77b697
  custom:scripting/monoscript/fileName/VertexZoom.cs: 2da4737d79388c0362c64482e9ee50d2 -> 650ab1e81d40126e3edcf737cce646e4
  custom:video-codec-MediaFoundation-h265: 746d11721c4dcdbdad8f713fa42b33f4 -> 
  custom:scripting/monoscript/fileName/VertexShakeA.cs: 16900906a98712c9660b9823af1f2500 -> 63ec564c588058369499638dd899e05b
  custom:scripting/monoscript/fileName/TMP_ExampleScript_01.cs: 59997facf165601d8c6263ace2a973a5 -> a9d4be556104ff54e7d240529b3e01dc
  custom:video-decoder-ogg-theora: a1e56fd34408186e4bbccfd4996cb3dc -> 
  custom:scripting/monoscript/fileName/TMP_TextEventCheck.cs: 7ee93fce990cec7a5b67b504d0259dce -> 13505d917eab5868c435e0c2986dadfa
  custom:scripting/monoscript/fileName/TMP_TextSelector_B.cs: c0db108de9ffc9b6f619f3d00162b1c2 -> ba2be21a7486d37b1011342977a2e49d
  custom:scripting/monoscript/fileName/Benchmark01.cs: 1fef48c763f4be76a973f061699dd041 -> 2d3e2cd961730ab95f139a49a673bace
  custom:framework-win-MediaFoundation: 216162199b28c13a410421893ffa2e32 -> 
  custom:scripting/monoscript/fileName/UI_Manager.cs: 98fe954eecef79af161772dc64f463a1 -> 
  custom:scripting/monoscript/fileName/Benchmark02.cs: 92dcd0c0a469d0c0690d8ca0bfe95e6f -> 5640963252ce70910e726415f869ced6
  custom:scripting/monoscript/fileName/DropdownSample.cs: b4fe7efb027fdd4854f643ad764daa8c -> 0a92251794e5f10400149f96c3c59e5d
  custom:scripting/monoscript/fileName/WarpTextExample.cs: c5431dac938081648a3a3ac553c1029b -> 2663459c266363641981c7d17b698d7f
  custom:CustomObjectIndexerAttribute: 9a22284fe3817be447336de3de66b15e -> 
  custom:container-demuxer-webm: 4f35f7cbe854078d1ac9338744f61a02 -> 
  custom:scripting/monoscript/fileName/MainMenuButton.cs: e28869a6863284e74946ac915bb193f6 -> 
  custom:scripting/monoscript/fileName/ChatController.cs: ff21b89493e3dffcbe018a2cc5a10bae -> 876d5ccae6e345dd5d9450eb0a748f16
  custom:scripting/monoscript/fileName/TextMeshSpawner.cs: c0f20e5855e88374db1098a5acc68df4 -> 76f28e2ddb031571e6ec62b018f65fa8
  custom:scripting/monoscript/fileName/TeleType.cs: c18e16db35615314900dbe198d0144e7 -> 31fa97821c4c70f157ec81d507aa6b62
  custom:scripting/monoscript/fileName/Benchmark04.cs: 86dfb70824307c4cf164687df2489226 -> 32220b148620e52aa81c13a114862bf4
  custom:container-muxer-webm: aa71ff27fc2769a1b78a27578f13a17b -> 
  custom:video-decoder-webm-vp8: 9c59270c3fd7afecdb556c50c9e8de78 -> 
  custom:scripting/monoscript/fileName/TMP_PhoneNumberValidator.cs: b4c1c54136dffeb4e2962027ebaa6b1f -> 7c3049f481e464c6a9a15dee56c3126f
  custom:SearchIndexIgnoredProperties: e643bd26f0fe6173181afceb89e7c659 -> 
  custom:AudioImporter_EditorPlatform: d09bf68614088b80899f8185d706f6e7 -> 
  custom:scripting/monoscript/fileName/EnvMapAnimator.cs: 08e040d459cd881082c0dd5daba5f85c -> 1b4f61c17e4b7283c3ac351aacff9d26
  custom:scripting/monoscript/fileName/ShaderPropAnimator.cs: 88b70bc5bbc15375387323f48f0661cf -> 55ce425812446482e623ff2695c94cb2
  custom:scripting/monoscript/fileName/SimpleScript.cs: dcd92cf7399b0d08e25e4a66ab57e91e -> 454caab0c6c050f29b39d82e1d66d0fa
  custom:scripting/monoscript/fileName/ObjectSpin.cs: b34dd4d17018731600f920d50ca840f7 -> 2b96bb2079dd7fa5108d981627a28e1e
  custom:scripting/monoscript/fileName/CameraController.cs: 8d43c2def3a67efed518259a2232b470 -> 34b6be4e23ce86dc89786916c5983296
  custom:scripting/monoscript/fileName/TMP_TextInfoDebugTool.cs: 7aad42023b6f5112c90650ae13bd6dd8 -> 3f1709cfb2cc628169113a35b5e9be3f
  custom:scripting/monoscript/fileName/TMP_TextSelector_A.cs: 088357b4acdc1e6288d897936d29c8d3 -> 347309a09d56e367b188a6978f75b424
  custom:video-encoder-webm-vp8: eb34c28f22e8b96e1ab97ce403110664 -> 
  custom:audio-decoder-ogg-vorbis: bf7c407c2cedff20999df2af8eb42d56 -> 
  custom:scripting/monoscript/fileName/VertexJitter.cs: 6330f950b41eff6e5970f129864ecd6c -> d27eb5498e48714a66aece98da065133
  custom:scripting/monoscript/fileName/TextConsoleSimulator.cs: f2c8898b26c0cf2b0a1c7d12d99e6769 -> 33fc311abb20b5b0ed8f00e4d86b574e
  custom:scripting/monoscript/fileName/VertexColorCycler.cs: 135fb0ebdaf256193ccc08218c426c64 -> 5f984ca91cf3609293aecc6bc5641572
  custom:scripting/monoscript/fileName/TMP_FrameRateCounter.cs: 8afeb6f0251e063dcfff2bd827f92c62 -> 46f655df8cb483ac5958307137b1585a
  custom:scripting/monoscript/fileName/VertexShakeB.cs: 587e5b2aecc39120c2c9ff69742ce897 -> a6f78c4fcda1a29a1a1c1baefedba9e7
  custom:scripting/monoscript/fileName/TMP_UiFrameRateCounter.cs: 8fa3bcf761bb5076fd90d0361518d59c -> b01021aea19247f14a98ab338907956a
  custom:scripting/monoscript/fileName/TMPro_InstructionOverlay.cs: 194f3617683541355a9c6c8193e87b1c -> b626d2270e6ebd5c4311585c18b58d8d
  custom:scripting/monoscript/fileName/TMP_DigitValidator.cs: 4e5cde653ae28b90ab257e866c94dfce -> ac02af96215ae3951a3cce9e1a8c6085
  custom:audio-encoder-webm-vorbis: bf7c407c2cedff20999df2af8eb42d56 -> 
  custom:scripting/monoscript/fileName/Cube_Controller.cs: acd00592fa72aff7217b78bae7072f77 -> 
  custom:scripting/monoscript/fileName/Benchmark01_UGUI.cs: 52a24b07fcdd062ef495404efdb65870 -> 6148cfe2627b7708298f301788144139
  custom:scripting/precompiled-assembly-types:Assembly-CSharp: 252627b8445d6767445947e474900fe4 -> f39d0e8e1a2bdc72903fb33acfa56b16
  custom:scripting/monoscript/fileName/Benchmark03.cs: 520976d641c2b7cf395e30b045f5a45d -> 17cc87e0529ac71d909a946afb47a274
========================================================================
Received Prepare
Caller must complete domain reload
Begin MonoManager ReloadAssembly
- Loaded All Assemblies, in  0.669 seconds
Native extension for WindowsStandalone target not found
Native extension for Android target not found
Native extension for WebGL target not found
Mono: successfully reloaded assembly
- Finished resetting the current domain, in  1.757 seconds
Domain Reload Profiling: 2426ms
	BeginReloadAssembly (232ms)
		ExecutionOrderSort (0ms)
		DisableScriptedObjects (10ms)
		BackupInstance (0ms)
		ReleaseScriptingObjects (0ms)
		CreateAndSetChildDomain (50ms)
	RebuildCommonClasses (64ms)
	RebuildNativeTypeToScriptingClass (21ms)
	initialDomainReloadingComplete (42ms)
	LoadAllAssembliesAndSetupDomain (308ms)
		LoadAssemblies (393ms)
		RebuildTransferFunctionScriptingTraits (0ms)
		AnalyzeDomain (43ms)
			TypeCache.Refresh (11ms)
				TypeCache.ScanAssembly (1ms)
			ScanForSourceGeneratedMonoScriptInfo (15ms)
			ResolveRequiredComponents (13ms)
	FinalizeReload (1758ms)
		ReleaseScriptCaches (0ms)
		RebuildScriptCaches (0ms)
		SetupLoadedEditorAssemblies (947ms)
			LogAssemblyErrors (0ms)
			InitializePlatformSupportModulesInManaged (23ms)
			SetLoadedEditorAssemblies (8ms)
			RefreshPlugins (0ms)
			BeforeProcessingInitializeOnLoad (100ms)
			ProcessInitializeOnLoadAttributes (775ms)
			ProcessInitializeOnLoadMethodAttributes (36ms)
			AfterProcessingInitializeOnLoad (5ms)
			EditorAssembliesLoaded (0ms)
		ExecutionOrderSort2 (0ms)
		AwakeInstancesAfterBackupRestoration (14ms)
Refreshing native plugins compatible for Editor in 5.05 ms, found 6 plugins.
Preloading 0 native plugins for Editor in 0.00 ms.
Unloading 3345 Unused Serialized files (Serialized files now loaded: 0)
Unloading 14 unused Assets / (28.5 KB). Loaded Objects now: 4017.
Memory consumption went from 129.2 MB to 129.2 MB.
Total: 8.605100 ms (FindLiveObjects: 0.666000 ms CreateObjectMapping: 0.288000 ms MarkObjects: 7.577100 ms  DeleteObjects: 0.072600 ms)

Prepare: number of updated asset objects reloaded= 0
AssetImportParameters requested are different than current active one (requested -> active):
  custom:scripting/monoscript/fileName/SkewTextExample.cs: f96859e31fd6dde308d9dc2a2488dcff -> c142d02d70a129e0533975f7c2f96956
  custom:container-demuxer-ogg: 62fdf1f143b41e24485cea50d1cbac27 -> 
  custom:scripting/monoscript/fileName/TMP_TextEventHandler.cs: d0f86a17d6fd3e9995db934eaaf34f18 -> f5cd9d5a43bfefc8f4fec80e6de896a4
  custom:scripting/monoscript/fileName/TextMeshProFloatingText.cs: 5a37842f75734e7729f89af9a8145a1a -> 92608fa4a6315cd0786d82205e77b697
  custom:scripting/monoscript/fileName/VertexZoom.cs: 2da4737d79388c0362c64482e9ee50d2 -> 650ab1e81d40126e3edcf737cce646e4
  custom:video-codec-MediaFoundation-h265: 746d11721c4dcdbdad8f713fa42b33f4 -> 
  custom:scripting/monoscript/fileName/VertexShakeA.cs: 16900906a98712c9660b9823af1f2500 -> 63ec564c588058369499638dd899e05b
  custom:scripting/monoscript/fileName/TMP_ExampleScript_01.cs: 59997facf165601d8c6263ace2a973a5 -> a9d4be556104ff54e7d240529b3e01dc
  custom:video-decoder-ogg-theora: a1e56fd34408186e4bbccfd4996cb3dc -> 
  custom:scripting/monoscript/fileName/TMP_TextEventCheck.cs: 7ee93fce990cec7a5b67b504d0259dce -> 13505d917eab5868c435e0c2986dadfa
  custom:scripting/monoscript/fileName/TMP_TextSelector_B.cs: c0db108de9ffc9b6f619f3d00162b1c2 -> ba2be21a7486d37b1011342977a2e49d
  custom:scripting/monoscript/fileName/Benchmark01.cs: 1fef48c763f4be76a973f061699dd041 -> 2d3e2cd961730ab95f139a49a673bace
  custom:framework-win-MediaFoundation: 216162199b28c13a410421893ffa2e32 -> 
  custom:scripting/monoscript/fileName/UI_Manager.cs: 98fe954eecef79af161772dc64f463a1 -> 
  custom:scripting/monoscript/fileName/Benchmark02.cs: 92dcd0c0a469d0c0690d8ca0bfe95e6f -> 5640963252ce70910e726415f869ced6
  custom:scripting/monoscript/fileName/DropdownSample.cs: b4fe7efb027fdd4854f643ad764daa8c -> 0a92251794e5f10400149f96c3c59e5d
  custom:scripting/monoscript/fileName/WarpTextExample.cs: c5431dac938081648a3a3ac553c1029b -> 2663459c266363641981c7d17b698d7f
  custom:CustomObjectIndexerAttribute: 9a22284fe3817be447336de3de66b15e -> 
  custom:container-demuxer-webm: 4f35f7cbe854078d1ac9338744f61a02 -> 
  custom:scripting/monoscript/fileName/MainMenuButton.cs: e28869a6863284e74946ac915bb193f6 -> 
  custom:scripting/monoscript/fileName/ChatController.cs: ff21b89493e3dffcbe018a2cc5a10bae -> 876d5ccae6e345dd5d9450eb0a748f16
  custom:scripting/monoscript/fileName/TextMeshSpawner.cs: c0f20e5855e88374db1098a5acc68df4 -> 76f28e2ddb031571e6ec62b018f65fa8
  custom:scripting/monoscript/fileName/TeleType.cs: c18e16db35615314900dbe198d0144e7 -> 31fa97821c4c70f157ec81d507aa6b62
  custom:scripting/monoscript/fileName/Benchmark04.cs: 86dfb70824307c4cf164687df2489226 -> 32220b148620e52aa81c13a114862bf4
  custom:container-muxer-webm: aa71ff27fc2769a1b78a27578f13a17b -> 
  custom:video-decoder-webm-vp8: 9c59270c3fd7afecdb556c50c9e8de78 -> 
  custom:scripting/monoscript/fileName/TMP_PhoneNumberValidator.cs: b4c1c54136dffeb4e2962027ebaa6b1f -> 7c3049f481e464c6a9a15dee56c3126f
  custom:SearchIndexIgnoredProperties: e643bd26f0fe6173181afceb89e7c659 -> 
  custom:AudioImporter_EditorPlatform: d09bf68614088b80899f8185d706f6e7 -> 
  custom:scripting/monoscript/fileName/EnvMapAnimator.cs: 08e040d459cd881082c0dd5daba5f85c -> 1b4f61c17e4b7283c3ac351aacff9d26
  custom:scripting/monoscript/fileName/ShaderPropAnimator.cs: 88b70bc5bbc15375387323f48f0661cf -> 55ce425812446482e623ff2695c94cb2
  custom:scripting/monoscript/fileName/SimpleScript.cs: dcd92cf7399b0d08e25e4a66ab57e91e -> 454caab0c6c050f29b39d82e1d66d0fa
  custom:scripting/monoscript/fileName/ObjectSpin.cs: b34dd4d17018731600f920d50ca840f7 -> 2b96bb2079dd7fa5108d981627a28e1e
  custom:scripting/monoscript/fileName/CameraController.cs: 8d43c2def3a67efed518259a2232b470 -> 34b6be4e23ce86dc89786916c5983296
  custom:scripting/monoscript/fileName/TMP_TextInfoDebugTool.cs: 7aad42023b6f5112c90650ae13bd6dd8 -> 3f1709cfb2cc628169113a35b5e9be3f
  custom:scripting/monoscript/fileName/TMP_TextSelector_A.cs: 088357b4acdc1e6288d897936d29c8d3 -> 347309a09d56e367b188a6978f75b424
  custom:video-encoder-webm-vp8: eb34c28f22e8b96e1ab97ce403110664 -> 
  custom:audio-decoder-ogg-vorbis: bf7c407c2cedff20999df2af8eb42d56 -> 
  custom:scripting/monoscript/fileName/VertexJitter.cs: 6330f950b41eff6e5970f129864ecd6c -> d27eb5498e48714a66aece98da065133
  custom:scripting/monoscript/fileName/TextConsoleSimulator.cs: f2c8898b26c0cf2b0a1c7d12d99e6769 -> 33fc311abb20b5b0ed8f00e4d86b574e
  custom:scripting/monoscript/fileName/VertexColorCycler.cs: 135fb0ebdaf256193ccc08218c426c64 -> 5f984ca91cf3609293aecc6bc5641572
  custom:scripting/monoscript/fileName/TMP_FrameRateCounter.cs: 8afeb6f0251e063dcfff2bd827f92c62 -> 46f655df8cb483ac5958307137b1585a
  custom:scripting/monoscript/fileName/VertexShakeB.cs: 587e5b2aecc39120c2c9ff69742ce897 -> a6f78c4fcda1a29a1a1c1baefedba9e7
  custom:scripting/monoscript/fileName/TMP_UiFrameRateCounter.cs: 8fa3bcf761bb5076fd90d0361518d59c -> b01021aea19247f14a98ab338907956a
  custom:scripting/monoscript/fileName/TMPro_InstructionOverlay.cs: 194f3617683541355a9c6c8193e87b1c -> b626d2270e6ebd5c4311585c18b58d8d
  custom:scripting/monoscript/fileName/TMP_DigitValidator.cs: 4e5cde653ae28b90ab257e866c94dfce -> ac02af96215ae3951a3cce9e1a8c6085
  custom:audio-encoder-webm-vorbis: bf7c407c2cedff20999df2af8eb42d56 -> 
  custom:scripting/monoscript/fileName/Cube_Controller.cs: acd00592fa72aff7217b78bae7072f77 -> 
  custom:scripting/monoscript/fileName/Benchmark01_UGUI.cs: 52a24b07fcdd062ef495404efdb65870 -> 6148cfe2627b7708298f301788144139
  custom:scripting/precompiled-assembly-types:Assembly-CSharp: 252627b8445d6767445947e474900fe4 -> f39d0e8e1a2bdc72903fb33acfa56b16
  custom:scripting/monoscript/fileName/Benchmark03.cs: 520976d641c2b7cf395e30b045f5a45d -> 17cc87e0529ac71d909a946afb47a274
========================================================================
Received Prepare
Caller must complete domain reload
Begin MonoManager ReloadAssembly
- Loaded All Assemblies, in  0.655 seconds
Native extension for WindowsStandalone target not found
Native extension for Android target not found
Native extension for WebGL target not found
Mono: successfully reloaded assembly
- Finished resetting the current domain, in  1.669 seconds
Domain Reload Profiling: 2323ms
	BeginReloadAssembly (240ms)
		ExecutionOrderSort (0ms)
		DisableScriptedObjects (7ms)
		BackupInstance (0ms)
		ReleaseScriptingObjects (0ms)
		CreateAndSetChildDomain (48ms)
	RebuildCommonClasses (62ms)
	RebuildNativeTypeToScriptingClass (21ms)
	initialDomainReloadingComplete (50ms)
	LoadAllAssembliesAndSetupDomain (279ms)
		LoadAssemblies (388ms)
		RebuildTransferFunctionScriptingTraits (0ms)
		AnalyzeDomain (33ms)
			TypeCache.Refresh (14ms)
				TypeCache.ScanAssembly (1ms)
			ScanForSourceGeneratedMonoScriptInfo (7ms)
			ResolveRequiredComponents (9ms)
	FinalizeReload (1669ms)
		ReleaseScriptCaches (0ms)
		RebuildScriptCaches (0ms)
		SetupLoadedEditorAssemblies (921ms)
			LogAssemblyErrors (0ms)
			InitializePlatformSupportModulesInManaged (29ms)
			SetLoadedEditorAssemblies (6ms)
			RefreshPlugins (0ms)
			BeforeProcessingInitializeOnLoad (96ms)
			ProcessInitializeOnLoadAttributes (770ms)
			ProcessInitializeOnLoadMethodAttributes (18ms)
			AfterProcessingInitializeOnLoad (2ms)
			EditorAssembliesLoaded (0ms)
		ExecutionOrderSort2 (0ms)
		AwakeInstancesAfterBackupRestoration (5ms)
Refreshing native plugins compatible for Editor in 4.53 ms, found 6 plugins.
Preloading 0 native plugins for Editor in 0.00 ms.
Unloading 3345 Unused Serialized files (Serialized files now loaded: 0)
Unloading 14 unused Assets / (28.5 KB). Loaded Objects now: 4020.
Memory consumption went from 129.2 MB to 129.2 MB.
Total: 3.204800 ms (FindLiveObjects: 0.366600 ms CreateObjectMapping: 0.150000 ms MarkObjects: 2.647900 ms  DeleteObjects: 0.039500 ms)

Prepare: number of updated asset objects reloaded= 0
AssetImportParameters requested are different than current active one (requested -> active):
  custom:scripting/monoscript/fileName/SkewTextExample.cs: f96859e31fd6dde308d9dc2a2488dcff -> c142d02d70a129e0533975f7c2f96956
  custom:container-demuxer-ogg: 62fdf1f143b41e24485cea50d1cbac27 -> 
  custom:scripting/monoscript/fileName/TMP_TextEventHandler.cs: d0f86a17d6fd3e9995db934eaaf34f18 -> f5cd9d5a43bfefc8f4fec80e6de896a4
  custom:scripting/monoscript/fileName/TextMeshProFloatingText.cs: 5a37842f75734e7729f89af9a8145a1a -> 92608fa4a6315cd0786d82205e77b697
  custom:scripting/monoscript/fileName/VertexZoom.cs: 2da4737d79388c0362c64482e9ee50d2 -> 650ab1e81d40126e3edcf737cce646e4
  custom:video-codec-MediaFoundation-h265: 746d11721c4dcdbdad8f713fa42b33f4 -> 
  custom:scripting/monoscript/fileName/VertexShakeA.cs: 16900906a98712c9660b9823af1f2500 -> 63ec564c588058369499638dd899e05b
  custom:scripting/monoscript/fileName/TMP_ExampleScript_01.cs: 59997facf165601d8c6263ace2a973a5 -> a9d4be556104ff54e7d240529b3e01dc
  custom:video-decoder-ogg-theora: a1e56fd34408186e4bbccfd4996cb3dc -> 
  custom:scripting/monoscript/fileName/TMP_TextEventCheck.cs: 7ee93fce990cec7a5b67b504d0259dce -> 13505d917eab5868c435e0c2986dadfa
  custom:scripting/monoscript/fileName/TMP_TextSelector_B.cs: c0db108de9ffc9b6f619f3d00162b1c2 -> ba2be21a7486d37b1011342977a2e49d
  custom:scripting/monoscript/fileName/Benchmark01.cs: 1fef48c763f4be76a973f061699dd041 -> 2d3e2cd961730ab95f139a49a673bace
  custom:framework-win-MediaFoundation: 216162199b28c13a410421893ffa2e32 -> 
  custom:scripting/monoscript/fileName/UI_Manager.cs: 98fe954eecef79af161772dc64f463a1 -> 
  custom:scripting/monoscript/fileName/Benchmark02.cs: 92dcd0c0a469d0c0690d8ca0bfe95e6f -> 5640963252ce70910e726415f869ced6
  custom:scripting/monoscript/fileName/DropdownSample.cs: b4fe7efb027fdd4854f643ad764daa8c -> 0a92251794e5f10400149f96c3c59e5d
  custom:scripting/monoscript/fileName/WarpTextExample.cs: c5431dac938081648a3a3ac553c1029b -> 2663459c266363641981c7d17b698d7f
  custom:CustomObjectIndexerAttribute: 9a22284fe3817be447336de3de66b15e -> 
  custom:container-demuxer-webm: 4f35f7cbe854078d1ac9338744f61a02 -> 
  custom:scripting/monoscript/fileName/MainMenuButton.cs: e28869a6863284e74946ac915bb193f6 -> 
  custom:scripting/monoscript/fileName/ChatController.cs: ff21b89493e3dffcbe018a2cc5a10bae -> 876d5ccae6e345dd5d9450eb0a748f16
  custom:scripting/monoscript/fileName/TextMeshSpawner.cs: c0f20e5855e88374db1098a5acc68df4 -> 76f28e2ddb031571e6ec62b018f65fa8
  custom:scripting/monoscript/fileName/TeleType.cs: c18e16db35615314900dbe198d0144e7 -> 31fa97821c4c70f157ec81d507aa6b62
  custom:scripting/monoscript/fileName/Benchmark04.cs: 86dfb70824307c4cf164687df2489226 -> 32220b148620e52aa81c13a114862bf4
  custom:container-muxer-webm: aa71ff27fc2769a1b78a27578f13a17b -> 
  custom:video-decoder-webm-vp8: 9c59270c3fd7afecdb556c50c9e8de78 -> 
  custom:scripting/monoscript/fileName/TMP_PhoneNumberValidator.cs: b4c1c54136dffeb4e2962027ebaa6b1f -> 7c3049f481e464c6a9a15dee56c3126f
  custom:SearchIndexIgnoredProperties: e643bd26f0fe6173181afceb89e7c659 -> 
  custom:AudioImporter_EditorPlatform: d09bf68614088b80899f8185d706f6e7 -> 
  custom:scripting/monoscript/fileName/EnvMapAnimator.cs: 08e040d459cd881082c0dd5daba5f85c -> 1b4f61c17e4b7283c3ac351aacff9d26
  custom:scripting/monoscript/fileName/ShaderPropAnimator.cs: 88b70bc5bbc15375387323f48f0661cf -> 55ce425812446482e623ff2695c94cb2
  custom:scripting/monoscript/fileName/SimpleScript.cs: dcd92cf7399b0d08e25e4a66ab57e91e -> 454caab0c6c050f29b39d82e1d66d0fa
  custom:scripting/monoscript/fileName/ObjectSpin.cs: b34dd4d17018731600f920d50ca840f7 -> 2b96bb2079dd7fa5108d981627a28e1e
  custom:scripting/monoscript/fileName/CameraController.cs: 8d43c2def3a67efed518259a2232b470 -> 34b6be4e23ce86dc89786916c5983296
  custom:scripting/monoscript/fileName/TMP_TextInfoDebugTool.cs: 7aad42023b6f5112c90650ae13bd6dd8 -> 3f1709cfb2cc628169113a35b5e9be3f
  custom:scripting/monoscript/fileName/TMP_TextSelector_A.cs: 088357b4acdc1e6288d897936d29c8d3 -> 347309a09d56e367b188a6978f75b424
  custom:video-encoder-webm-vp8: eb34c28f22e8b96e1ab97ce403110664 -> 
  custom:audio-decoder-ogg-vorbis: bf7c407c2cedff20999df2af8eb42d56 -> 
  custom:scripting/monoscript/fileName/VertexJitter.cs: 6330f950b41eff6e5970f129864ecd6c -> d27eb5498e48714a66aece98da065133
  custom:scripting/monoscript/fileName/TextConsoleSimulator.cs: f2c8898b26c0cf2b0a1c7d12d99e6769 -> 33fc311abb20b5b0ed8f00e4d86b574e
  custom:scripting/monoscript/fileName/VertexColorCycler.cs: 135fb0ebdaf256193ccc08218c426c64 -> 5f984ca91cf3609293aecc6bc5641572
  custom:scripting/monoscript/fileName/TMP_FrameRateCounter.cs: 8afeb6f0251e063dcfff2bd827f92c62 -> 46f655df8cb483ac5958307137b1585a
  custom:scripting/monoscript/fileName/VertexShakeB.cs: 587e5b2aecc39120c2c9ff69742ce897 -> a6f78c4fcda1a29a1a1c1baefedba9e7
  custom:scripting/monoscript/fileName/TMP_UiFrameRateCounter.cs: 8fa3bcf761bb5076fd90d0361518d59c -> b01021aea19247f14a98ab338907956a
  custom:scripting/monoscript/fileName/TMPro_InstructionOverlay.cs: 194f3617683541355a9c6c8193e87b1c -> b626d2270e6ebd5c4311585c18b58d8d
  custom:scripting/monoscript/fileName/TMP_DigitValidator.cs: 4e5cde653ae28b90ab257e866c94dfce -> ac02af96215ae3951a3cce9e1a8c6085
  custom:audio-encoder-webm-vorbis: bf7c407c2cedff20999df2af8eb42d56 -> 
  custom:scripting/monoscript/fileName/Cube_Controller.cs: acd00592fa72aff7217b78bae7072f77 -> 
  custom:scripting/monoscript/fileName/Benchmark01_UGUI.cs: 52a24b07fcdd062ef495404efdb65870 -> 6148cfe2627b7708298f301788144139
  custom:scripting/precompiled-assembly-types:Assembly-CSharp: 252627b8445d6767445947e474900fe4 -> f39d0e8e1a2bdc72903fb33acfa56b16
  custom:scripting/monoscript/fileName/Benchmark03.cs: 520976d641c2b7cf395e30b045f5a45d -> 17cc87e0529ac71d909a946afb47a274
========================================================================
Received Prepare
Caller must complete domain reload
Begin MonoManager ReloadAssembly
- Loaded All Assemblies, in  0.349 seconds
Native extension for WindowsStandalone target not found
Native extension for Android target not found
Native extension for WebGL target not found
Mono: successfully reloaded assembly
- Finished resetting the current domain, in  0.997 seconds
Domain Reload Profiling: 1346ms
	BeginReloadAssembly (132ms)
		ExecutionOrderSort (0ms)
		DisableScriptedObjects (5ms)
		BackupInstance (0ms)
		ReleaseScriptingObjects (0ms)
		CreateAndSetChildDomain (31ms)
	RebuildCommonClasses (31ms)
	RebuildNativeTypeToScriptingClass (9ms)
	initialDomainReloadingComplete (21ms)
	LoadAllAssembliesAndSetupDomain (156ms)
		LoadAssemblies (214ms)
		RebuildTransferFunctionScriptingTraits (0ms)
		AnalyzeDomain (13ms)
			TypeCache.Refresh (5ms)
				TypeCache.ScanAssembly (0ms)
			ScanForSourceGeneratedMonoScriptInfo (0ms)
			ResolveRequiredComponents (5ms)
	FinalizeReload (997ms)
		ReleaseScriptCaches (0ms)
		RebuildScriptCaches (0ms)
		SetupLoadedEditorAssemblies (576ms)
			LogAssemblyErrors (0ms)
			InitializePlatformSupportModulesInManaged (18ms)
			SetLoadedEditorAssemblies (5ms)
			RefreshPlugins (0ms)
			BeforeProcessingInitializeOnLoad (64ms)
			ProcessInitializeOnLoadAttributes (465ms)
			ProcessInitializeOnLoadMethodAttributes (22ms)
			AfterProcessingInitializeOnLoad (2ms)
			EditorAssembliesLoaded (0ms)
		ExecutionOrderSort2 (0ms)
		AwakeInstancesAfterBackupRestoration (8ms)
Refreshing native plugins compatible for Editor in 5.50 ms, found 6 plugins.
Preloading 0 native plugins for Editor in 0.00 ms.
Unloading 3345 Unused Serialized files (Serialized files now loaded: 0)
Unloading 14 unused Assets / (28.5 KB). Loaded Objects now: 4023.
Memory consumption went from 129.2 MB to 129.2 MB.
Total: 7.159300 ms (FindLiveObjects: 0.943800 ms CreateObjectMapping: 0.334600 ms MarkObjects: 5.795400 ms  DeleteObjects: 0.082100 ms)

Prepare: number of updated asset objects reloaded= 0
AssetImportParameters requested are different than current active one (requested -> active):
  custom:scripting/monoscript/fileName/SkewTextExample.cs: f96859e31fd6dde308d9dc2a2488dcff -> c142d02d70a129e0533975f7c2f96956
  custom:container-demuxer-ogg: 62fdf1f143b41e24485cea50d1cbac27 -> 
  custom:scripting/monoscript/fileName/TMP_TextEventHandler.cs: d0f86a17d6fd3e9995db934eaaf34f18 -> f5cd9d5a43bfefc8f4fec80e6de896a4
  custom:scripting/monoscript/fileName/TextMeshProFloatingText.cs: 5a37842f75734e7729f89af9a8145a1a -> 92608fa4a6315cd0786d82205e77b697
  custom:scripting/monoscript/fileName/VertexZoom.cs: 2da4737d79388c0362c64482e9ee50d2 -> 650ab1e81d40126e3edcf737cce646e4
  custom:video-codec-MediaFoundation-h265: 746d11721c4dcdbdad8f713fa42b33f4 -> 
  custom:scripting/monoscript/fileName/VertexShakeA.cs: 16900906a98712c9660b9823af1f2500 -> 63ec564c588058369499638dd899e05b
  custom:scripting/monoscript/fileName/TMP_ExampleScript_01.cs: 59997facf165601d8c6263ace2a973a5 -> a9d4be556104ff54e7d240529b3e01dc
  custom:video-decoder-ogg-theora: a1e56fd34408186e4bbccfd4996cb3dc -> 
  custom:scripting/monoscript/fileName/TMP_TextEventCheck.cs: 7ee93fce990cec7a5b67b504d0259dce -> 13505d917eab5868c435e0c2986dadfa
  custom:scripting/monoscript/fileName/TMP_TextSelector_B.cs: c0db108de9ffc9b6f619f3d00162b1c2 -> ba2be21a7486d37b1011342977a2e49d
  custom:scripting/monoscript/fileName/Benchmark01.cs: 1fef48c763f4be76a973f061699dd041 -> 2d3e2cd961730ab95f139a49a673bace
  custom:framework-win-MediaFoundation: 216162199b28c13a410421893ffa2e32 -> 
  custom:scripting/monoscript/fileName/UI_Manager.cs: 98fe954eecef79af161772dc64f463a1 -> 
  custom:scripting/monoscript/fileName/Benchmark02.cs: 92dcd0c0a469d0c0690d8ca0bfe95e6f -> 5640963252ce70910e726415f869ced6
  custom:scripting/monoscript/fileName/DropdownSample.cs: b4fe7efb027fdd4854f643ad764daa8c -> 0a92251794e5f10400149f96c3c59e5d
  custom:scripting/monoscript/fileName/WarpTextExample.cs: c5431dac938081648a3a3ac553c1029b -> 2663459c266363641981c7d17b698d7f
  custom:CustomObjectIndexerAttribute: 9a22284fe3817be447336de3de66b15e -> 
  custom:container-demuxer-webm: 4f35f7cbe854078d1ac9338744f61a02 -> 
  custom:scripting/monoscript/fileName/MainMenuButton.cs: e28869a6863284e74946ac915bb193f6 -> 
  custom:scripting/monoscript/fileName/ChatController.cs: ff21b89493e3dffcbe018a2cc5a10bae -> 876d5ccae6e345dd5d9450eb0a748f16
  custom:scripting/monoscript/fileName/TextMeshSpawner.cs: c0f20e5855e88374db1098a5acc68df4 -> 76f28e2ddb031571e6ec62b018f65fa8
  custom:scripting/monoscript/fileName/TeleType.cs: c18e16db35615314900dbe198d0144e7 -> 31fa97821c4c70f157ec81d507aa6b62
  custom:scripting/monoscript/fileName/Benchmark04.cs: 86dfb70824307c4cf164687df2489226 -> 32220b148620e52aa81c13a114862bf4
  custom:container-muxer-webm: aa71ff27fc2769a1b78a27578f13a17b -> 
  custom:video-decoder-webm-vp8: 9c59270c3fd7afecdb556c50c9e8de78 -> 
  custom:scripting/monoscript/fileName/TMP_PhoneNumberValidator.cs: b4c1c54136dffeb4e2962027ebaa6b1f -> 7c3049f481e464c6a9a15dee56c3126f
  custom:SearchIndexIgnoredProperties: e643bd26f0fe6173181afceb89e7c659 -> 
  custom:AudioImporter_EditorPlatform: d09bf68614088b80899f8185d706f6e7 -> 
  custom:scripting/monoscript/fileName/EnvMapAnimator.cs: 08e040d459cd881082c0dd5daba5f85c -> 1b4f61c17e4b7283c3ac351aacff9d26
  custom:scripting/monoscript/fileName/ShaderPropAnimator.cs: 88b70bc5bbc15375387323f48f0661cf -> 55ce425812446482e623ff2695c94cb2
  custom:scripting/monoscript/fileName/SimpleScript.cs: dcd92cf7399b0d08e25e4a66ab57e91e -> 454caab0c6c050f29b39d82e1d66d0fa
  custom:scripting/monoscript/fileName/ObjectSpin.cs: b34dd4d17018731600f920d50ca840f7 -> 2b96bb2079dd7fa5108d981627a28e1e
  custom:scripting/monoscript/fileName/CameraController.cs: 8d43c2def3a67efed518259a2232b470 -> 34b6be4e23ce86dc89786916c5983296
  custom:scripting/monoscript/fileName/TMP_TextInfoDebugTool.cs: 7aad42023b6f5112c90650ae13bd6dd8 -> 3f1709cfb2cc628169113a35b5e9be3f
  custom:scripting/monoscript/fileName/TMP_TextSelector_A.cs: 088357b4acdc1e6288d897936d29c8d3 -> 347309a09d56e367b188a6978f75b424
  custom:video-encoder-webm-vp8: eb34c28f22e8b96e1ab97ce403110664 -> 
  custom:audio-decoder-ogg-vorbis: bf7c407c2cedff20999df2af8eb42d56 -> 
  custom:scripting/monoscript/fileName/VertexJitter.cs: 6330f950b41eff6e5970f129864ecd6c -> d27eb5498e48714a66aece98da065133
  custom:scripting/monoscript/fileName/TextConsoleSimulator.cs: f2c8898b26c0cf2b0a1c7d12d99e6769 -> 33fc311abb20b5b0ed8f00e4d86b574e
  custom:scripting/monoscript/fileName/VertexColorCycler.cs: 135fb0ebdaf256193ccc08218c426c64 -> 5f984ca91cf3609293aecc6bc5641572
  custom:scripting/monoscript/fileName/TMP_FrameRateCounter.cs: 8afeb6f0251e063dcfff2bd827f92c62 -> 46f655df8cb483ac5958307137b1585a
  custom:scripting/monoscript/fileName/VertexShakeB.cs: 587e5b2aecc39120c2c9ff69742ce897 -> a6f78c4fcda1a29a1a1c1baefedba9e7
  custom:scripting/monoscript/fileName/TMP_UiFrameRateCounter.cs: 8fa3bcf761bb5076fd90d0361518d59c -> b01021aea19247f14a98ab338907956a
  custom:scripting/monoscript/fileName/TMPro_InstructionOverlay.cs: 194f3617683541355a9c6c8193e87b1c -> b626d2270e6ebd5c4311585c18b58d8d
  custom:scripting/monoscript/fileName/TMP_DigitValidator.cs: 4e5cde653ae28b90ab257e866c94dfce -> ac02af96215ae3951a3cce9e1a8c6085
  custom:audio-encoder-webm-vorbis: bf7c407c2cedff20999df2af8eb42d56 -> 
  custom:scripting/monoscript/fileName/Cube_Controller.cs: acd00592fa72aff7217b78bae7072f77 -> 
  custom:scripting/monoscript/fileName/Benchmark01_UGUI.cs: 52a24b07fcdd062ef495404efdb65870 -> 6148cfe2627b7708298f301788144139
  custom:scripting/precompiled-assembly-types:Assembly-CSharp: 252627b8445d6767445947e474900fe4 -> f39d0e8e1a2bdc72903fb33acfa56b16
  custom:scripting/monoscript/fileName/Benchmark03.cs: 520976d641c2b7cf395e30b045f5a45d -> 17cc87e0529ac71d909a946afb47a274
========================================================================
Received Prepare
Caller must complete domain reload
Begin MonoManager ReloadAssembly
- Loaded All Assemblies, in  0.344 seconds
Native extension for WindowsStandalone target not found
Native extension for Android target not found
Native extension for WebGL target not found
Mono: successfully reloaded assembly
- Finished resetting the current domain, in  0.959 seconds
Domain Reload Profiling: 1303ms
	BeginReloadAssembly (130ms)
		ExecutionOrderSort (0ms)
		DisableScriptedObjects (5ms)
		BackupInstance (0ms)
		ReleaseScriptingObjects (0ms)
		CreateAndSetChildDomain (30ms)
	RebuildCommonClasses (26ms)
	RebuildNativeTypeToScriptingClass (8ms)
	initialDomainReloadingComplete (21ms)
	LoadAllAssembliesAndSetupDomain (159ms)
		LoadAssemblies (214ms)
		RebuildTransferFunctionScriptingTraits (0ms)
		AnalyzeDomain (12ms)
			TypeCache.Refresh (5ms)
				TypeCache.ScanAssembly (0ms)
			ScanForSourceGeneratedMonoScriptInfo (0ms)
			ResolveRequiredComponents (5ms)
	FinalizeReload (959ms)
		ReleaseScriptCaches (0ms)
		RebuildScriptCaches (0ms)
		SetupLoadedEditorAssemblies (545ms)
			LogAssemblyErrors (0ms)
			InitializePlatformSupportModulesInManaged (20ms)
			SetLoadedEditorAssemblies (4ms)
			RefreshPlugins (0ms)
			BeforeProcessingInitializeOnLoad (51ms)
			ProcessInitializeOnLoadAttributes (447ms)
			ProcessInitializeOnLoadMethodAttributes (21ms)
			AfterProcessingInitializeOnLoad (2ms)
			EditorAssembliesLoaded (0ms)
		ExecutionOrderSort2 (0ms)
		AwakeInstancesAfterBackupRestoration (7ms)
Refreshing native plugins compatible for Editor in 7.71 ms, found 6 plugins.
Preloading 0 native plugins for Editor in 0.00 ms.
Unloading 3345 Unused Serialized files (Serialized files now loaded: 0)
Unloading 14 unused Assets / (28.6 KB). Loaded Objects now: 4026.
Memory consumption went from 129.2 MB to 129.2 MB.
Total: 6.668000 ms (FindLiveObjects: 0.568900 ms CreateObjectMapping: 0.261700 ms MarkObjects: 5.695000 ms  DeleteObjects: 0.140600 ms)

Prepare: number of updated asset objects reloaded= 0
AssetImportParameters requested are different than current active one (requested -> active):
  custom:scripting/monoscript/fileName/SkewTextExample.cs: f96859e31fd6dde308d9dc2a2488dcff -> c142d02d70a129e0533975f7c2f96956
  custom:container-demuxer-ogg: 62fdf1f143b41e24485cea50d1cbac27 -> 
  custom:scripting/monoscript/fileName/TMP_TextEventHandler.cs: d0f86a17d6fd3e9995db934eaaf34f18 -> f5cd9d5a43bfefc8f4fec80e6de896a4
  custom:scripting/monoscript/fileName/TextMeshProFloatingText.cs: 5a37842f75734e7729f89af9a8145a1a -> 92608fa4a6315cd0786d82205e77b697
  custom:scripting/monoscript/fileName/VertexZoom.cs: 2da4737d79388c0362c64482e9ee50d2 -> 650ab1e81d40126e3edcf737cce646e4
  custom:video-codec-MediaFoundation-h265: 746d11721c4dcdbdad8f713fa42b33f4 -> 
  custom:scripting/monoscript/fileName/VertexShakeA.cs: 16900906a98712c9660b9823af1f2500 -> 63ec564c588058369499638dd899e05b
  custom:scripting/monoscript/fileName/TMP_ExampleScript_01.cs: 59997facf165601d8c6263ace2a973a5 -> a9d4be556104ff54e7d240529b3e01dc
  custom:video-decoder-ogg-theora: a1e56fd34408186e4bbccfd4996cb3dc -> 
  custom:scripting/monoscript/fileName/TMP_TextEventCheck.cs: 7ee93fce990cec7a5b67b504d0259dce -> 13505d917eab5868c435e0c2986dadfa
  custom:scripting/monoscript/fileName/TMP_TextSelector_B.cs: c0db108de9ffc9b6f619f3d00162b1c2 -> ba2be21a7486d37b1011342977a2e49d
  custom:scripting/monoscript/fileName/Benchmark01.cs: 1fef48c763f4be76a973f061699dd041 -> 2d3e2cd961730ab95f139a49a673bace
  custom:framework-win-MediaFoundation: 216162199b28c13a410421893ffa2e32 -> 
  custom:scripting/monoscript/fileName/UI_Manager.cs: 98fe954eecef79af161772dc64f463a1 -> 
  custom:scripting/monoscript/fileName/Benchmark02.cs: 92dcd0c0a469d0c0690d8ca0bfe95e6f -> 5640963252ce70910e726415f869ced6
  custom:scripting/monoscript/fileName/DropdownSample.cs: b4fe7efb027fdd4854f643ad764daa8c -> 0a92251794e5f10400149f96c3c59e5d
  custom:scripting/monoscript/fileName/WarpTextExample.cs: c5431dac938081648a3a3ac553c1029b -> 2663459c266363641981c7d17b698d7f
  custom:CustomObjectIndexerAttribute: 9a22284fe3817be447336de3de66b15e -> 
  custom:container-demuxer-webm: 4f35f7cbe854078d1ac9338744f61a02 -> 
  custom:scripting/monoscript/fileName/MainMenuButton.cs: e28869a6863284e74946ac915bb193f6 -> 
  custom:scripting/monoscript/fileName/ChatController.cs: ff21b89493e3dffcbe018a2cc5a10bae -> 876d5ccae6e345dd5d9450eb0a748f16
  custom:scripting/monoscript/fileName/TextMeshSpawner.cs: c0f20e5855e88374db1098a5acc68df4 -> 76f28e2ddb031571e6ec62b018f65fa8
  custom:scripting/monoscript/fileName/TeleType.cs: c18e16db35615314900dbe198d0144e7 -> 31fa97821c4c70f157ec81d507aa6b62
  custom:scripting/monoscript/fileName/Benchmark04.cs: 86dfb70824307c4cf164687df2489226 -> 32220b148620e52aa81c13a114862bf4
  custom:container-muxer-webm: aa71ff27fc2769a1b78a27578f13a17b -> 
  custom:video-decoder-webm-vp8: 9c59270c3fd7afecdb556c50c9e8de78 -> 
  custom:scripting/monoscript/fileName/TMP_PhoneNumberValidator.cs: b4c1c54136dffeb4e2962027ebaa6b1f -> 7c3049f481e464c6a9a15dee56c3126f
  custom:SearchIndexIgnoredProperties: e643bd26f0fe6173181afceb89e7c659 -> 
  custom:AudioImporter_EditorPlatform: d09bf68614088b80899f8185d706f6e7 -> 
  custom:scripting/monoscript/fileName/EnvMapAnimator.cs: 08e040d459cd881082c0dd5daba5f85c -> 1b4f61c17e4b7283c3ac351aacff9d26
  custom:scripting/monoscript/fileName/ShaderPropAnimator.cs: 88b70bc5bbc15375387323f48f0661cf -> 55ce425812446482e623ff2695c94cb2
  custom:scripting/monoscript/fileName/SimpleScript.cs: dcd92cf7399b0d08e25e4a66ab57e91e -> 454caab0c6c050f29b39d82e1d66d0fa
  custom:scripting/monoscript/fileName/ObjectSpin.cs: b34dd4d17018731600f920d50ca840f7 -> 2b96bb2079dd7fa5108d981627a28e1e
  custom:scripting/monoscript/fileName/CameraController.cs: 8d43c2def3a67efed518259a2232b470 -> 34b6be4e23ce86dc89786916c5983296
  custom:scripting/monoscript/fileName/TMP_TextInfoDebugTool.cs: 7aad42023b6f5112c90650ae13bd6dd8 -> 3f1709cfb2cc628169113a35b5e9be3f
  custom:scripting/monoscript/fileName/TMP_TextSelector_A.cs: 088357b4acdc1e6288d897936d29c8d3 -> 347309a09d56e367b188a6978f75b424
  custom:video-encoder-webm-vp8: eb34c28f22e8b96e1ab97ce403110664 -> 
  custom:audio-decoder-ogg-vorbis: bf7c407c2cedff20999df2af8eb42d56 -> 
  custom:scripting/monoscript/fileName/VertexJitter.cs: 6330f950b41eff6e5970f129864ecd6c -> d27eb5498e48714a66aece98da065133
  custom:scripting/monoscript/fileName/TextConsoleSimulator.cs: f2c8898b26c0cf2b0a1c7d12d99e6769 -> 33fc311abb20b5b0ed8f00e4d86b574e
  custom:scripting/monoscript/fileName/VertexColorCycler.cs: 135fb0ebdaf256193ccc08218c426c64 -> 5f984ca91cf3609293aecc6bc5641572
  custom:scripting/monoscript/fileName/TMP_FrameRateCounter.cs: 8afeb6f0251e063dcfff2bd827f92c62 -> 46f655df8cb483ac5958307137b1585a
  custom:scripting/monoscript/fileName/VertexShakeB.cs: 587e5b2aecc39120c2c9ff69742ce897 -> a6f78c4fcda1a29a1a1c1baefedba9e7
  custom:scripting/monoscript/fileName/TMP_UiFrameRateCounter.cs: 8fa3bcf761bb5076fd90d0361518d59c -> b01021aea19247f14a98ab338907956a
  custom:scripting/monoscript/fileName/TMPro_InstructionOverlay.cs: 194f3617683541355a9c6c8193e87b1c -> b626d2270e6ebd5c4311585c18b58d8d
  custom:scripting/monoscript/fileName/TMP_DigitValidator.cs: 4e5cde653ae28b90ab257e866c94dfce -> ac02af96215ae3951a3cce9e1a8c6085
  custom:audio-encoder-webm-vorbis: bf7c407c2cedff20999df2af8eb42d56 -> 
  custom:scripting/monoscript/fileName/Cube_Controller.cs: acd00592fa72aff7217b78bae7072f77 -> 
  custom:scripting/monoscript/fileName/Benchmark01_UGUI.cs: 52a24b07fcdd062ef495404efdb65870 -> 6148cfe2627b7708298f301788144139
  custom:scripting/precompiled-assembly-types:Assembly-CSharp: 252627b8445d6767445947e474900fe4 -> f39d0e8e1a2bdc72903fb33acfa56b16
  custom:scripting/monoscript/fileName/Benchmark03.cs: 520976d641c2b7cf395e30b045f5a45d -> 17cc87e0529ac71d909a946afb47a274
========================================================================
Received Prepare
Caller must complete domain reload
Begin MonoManager ReloadAssembly
- Loaded All Assemblies, in  0.361 seconds
Native extension for WindowsStandalone target not found
Native extension for Android target not found
Native extension for WebGL target not found
Mono: successfully reloaded assembly
- Finished resetting the current domain, in  0.978 seconds
Domain Reload Profiling: 1339ms
	BeginReloadAssembly (143ms)
		ExecutionOrderSort (0ms)
		DisableScriptedObjects (7ms)
		BackupInstance (0ms)
		ReleaseScriptingObjects (0ms)
		CreateAndSetChildDomain (33ms)
	RebuildCommonClasses (31ms)
	RebuildNativeTypeToScriptingClass (11ms)
	initialDomainReloadingComplete (22ms)
	LoadAllAssembliesAndSetupDomain (154ms)
		LoadAssemblies (214ms)
		RebuildTransferFunctionScriptingTraits (0ms)
		AnalyzeDomain (14ms)
			TypeCache.Refresh (6ms)
				TypeCache.ScanAssembly (0ms)
			ScanForSourceGeneratedMonoScriptInfo (0ms)
			ResolveRequiredComponents (5ms)
	FinalizeReload (978ms)
		ReleaseScriptCaches (0ms)
		RebuildScriptCaches (0ms)
		SetupLoadedEditorAssemblies (566ms)
			LogAssemblyErrors (0ms)
			InitializePlatformSupportModulesInManaged (17ms)
			SetLoadedEditorAssemblies (4ms)
			RefreshPlugins (0ms)
			BeforeProcessingInitializeOnLoad (66ms)
			ProcessInitializeOnLoadAttributes (457ms)
			ProcessInitializeOnLoadMethodAttributes (21ms)
			AfterProcessingInitializeOnLoad (2ms)
			EditorAssembliesLoaded (0ms)
		ExecutionOrderSort2 (0ms)
		AwakeInstancesAfterBackupRestoration (6ms)
Refreshing native plugins compatible for Editor in 4.96 ms, found 6 plugins.
Preloading 0 native plugins for Editor in 0.00 ms.
Unloading 3345 Unused Serialized files (Serialized files now loaded: 0)
Unloading 14 unused Assets / (28.6 KB). Loaded Objects now: 4029.
Memory consumption went from 129.2 MB to 129.2 MB.
Total: 7.019200 ms (FindLiveObjects: 0.517900 ms CreateObjectMapping: 0.254400 ms MarkObjects: 6.165300 ms  DeleteObjects: 0.080000 ms)

Prepare: number of updated asset objects reloaded= 0
AssetImportParameters requested are different than current active one (requested -> active):
  custom:scripting/monoscript/fileName/SkewTextExample.cs: f96859e31fd6dde308d9dc2a2488dcff -> c142d02d70a129e0533975f7c2f96956
  custom:container-demuxer-ogg: 62fdf1f143b41e24485cea50d1cbac27 -> 
  custom:scripting/monoscript/fileName/TMP_TextEventHandler.cs: d0f86a17d6fd3e9995db934eaaf34f18 -> f5cd9d5a43bfefc8f4fec80e6de896a4
  custom:scripting/monoscript/fileName/TextMeshProFloatingText.cs: 5a37842f75734e7729f89af9a8145a1a -> 92608fa4a6315cd0786d82205e77b697
  custom:scripting/monoscript/fileName/VertexZoom.cs: 2da4737d79388c0362c64482e9ee50d2 -> 650ab1e81d40126e3edcf737cce646e4
  custom:video-codec-MediaFoundation-h265: 746d11721c4dcdbdad8f713fa42b33f4 -> 
  custom:scripting/monoscript/fileName/VertexShakeA.cs: 16900906a98712c9660b9823af1f2500 -> 63ec564c588058369499638dd899e05b
  custom:scripting/monoscript/fileName/TMP_ExampleScript_01.cs: 59997facf165601d8c6263ace2a973a5 -> a9d4be556104ff54e7d240529b3e01dc
  custom:video-decoder-ogg-theora: a1e56fd34408186e4bbccfd4996cb3dc -> 
  custom:scripting/monoscript/fileName/TMP_TextEventCheck.cs: 7ee93fce990cec7a5b67b504d0259dce -> 13505d917eab5868c435e0c2986dadfa
  custom:scripting/monoscript/fileName/TMP_TextSelector_B.cs: c0db108de9ffc9b6f619f3d00162b1c2 -> ba2be21a7486d37b1011342977a2e49d
  custom:scripting/monoscript/fileName/Benchmark01.cs: 1fef48c763f4be76a973f061699dd041 -> 2d3e2cd961730ab95f139a49a673bace
  custom:framework-win-MediaFoundation: 216162199b28c13a410421893ffa2e32 -> 
  custom:scripting/monoscript/fileName/UI_Manager.cs: 98fe954eecef79af161772dc64f463a1 -> 
  custom:scripting/monoscript/fileName/Benchmark02.cs: 92dcd0c0a469d0c0690d8ca0bfe95e6f -> 5640963252ce70910e726415f869ced6
  custom:scripting/monoscript/fileName/DropdownSample.cs: b4fe7efb027fdd4854f643ad764daa8c -> 0a92251794e5f10400149f96c3c59e5d
  custom:scripting/monoscript/fileName/WarpTextExample.cs: c5431dac938081648a3a3ac553c1029b -> 2663459c266363641981c7d17b698d7f
  custom:CustomObjectIndexerAttribute: 9a22284fe3817be447336de3de66b15e -> 
  custom:container-demuxer-webm: 4f35f7cbe854078d1ac9338744f61a02 -> 
  custom:scripting/monoscript/fileName/MainMenuButton.cs: e28869a6863284e74946ac915bb193f6 -> 
  custom:scripting/monoscript/fileName/ChatController.cs: ff21b89493e3dffcbe018a2cc5a10bae -> 876d5ccae6e345dd5d9450eb0a748f16
  custom:scripting/monoscript/fileName/TextMeshSpawner.cs: c0f20e5855e88374db1098a5acc68df4 -> 76f28e2ddb031571e6ec62b018f65fa8
  custom:scripting/monoscript/fileName/TeleType.cs: c18e16db35615314900dbe198d0144e7 -> 31fa97821c4c70f157ec81d507aa6b62
  custom:scripting/monoscript/fileName/Benchmark04.cs: 86dfb70824307c4cf164687df2489226 -> 32220b148620e52aa81c13a114862bf4
  custom:container-muxer-webm: aa71ff27fc2769a1b78a27578f13a17b -> 
  custom:video-decoder-webm-vp8: 9c59270c3fd7afecdb556c50c9e8de78 -> 
  custom:scripting/monoscript/fileName/TMP_PhoneNumberValidator.cs: b4c1c54136dffeb4e2962027ebaa6b1f -> 7c3049f481e464c6a9a15dee56c3126f
  custom:SearchIndexIgnoredProperties: e643bd26f0fe6173181afceb89e7c659 -> 
  custom:AudioImporter_EditorPlatform: d09bf68614088b80899f8185d706f6e7 -> 
  custom:scripting/monoscript/fileName/EnvMapAnimator.cs: 08e040d459cd881082c0dd5daba5f85c -> 1b4f61c17e4b7283c3ac351aacff9d26
  custom:scripting/monoscript/fileName/ShaderPropAnimator.cs: 88b70bc5bbc15375387323f48f0661cf -> 55ce425812446482e623ff2695c94cb2
  custom:scripting/monoscript/fileName/SimpleScript.cs: dcd92cf7399b0d08e25e4a66ab57e91e -> 454caab0c6c050f29b39d82e1d66d0fa
  custom:scripting/monoscript/fileName/ObjectSpin.cs: b34dd4d17018731600f920d50ca840f7 -> 2b96bb2079dd7fa5108d981627a28e1e
  custom:scripting/monoscript/fileName/CameraController.cs: 8d43c2def3a67efed518259a2232b470 -> 34b6be4e23ce86dc89786916c5983296
  custom:scripting/monoscript/fileName/TMP_TextInfoDebugTool.cs: 7aad42023b6f5112c90650ae13bd6dd8 -> 3f1709cfb2cc628169113a35b5e9be3f
  custom:scripting/monoscript/fileName/TMP_TextSelector_A.cs: 088357b4acdc1e6288d897936d29c8d3 -> 347309a09d56e367b188a6978f75b424
  custom:video-encoder-webm-vp8: eb34c28f22e8b96e1ab97ce403110664 -> 
  custom:audio-decoder-ogg-vorbis: bf7c407c2cedff20999df2af8eb42d56 -> 
  custom:scripting/monoscript/fileName/VertexJitter.cs: 6330f950b41eff6e5970f129864ecd6c -> d27eb5498e48714a66aece98da065133
  custom:scripting/monoscript/fileName/TextConsoleSimulator.cs: f2c8898b26c0cf2b0a1c7d12d99e6769 -> 33fc311abb20b5b0ed8f00e4d86b574e
  custom:scripting/monoscript/fileName/VertexColorCycler.cs: 135fb0ebdaf256193ccc08218c426c64 -> 5f984ca91cf3609293aecc6bc5641572
  custom:scripting/monoscript/fileName/TMP_FrameRateCounter.cs: 8afeb6f0251e063dcfff2bd827f92c62 -> 46f655df8cb483ac5958307137b1585a
  custom:scripting/monoscript/fileName/VertexShakeB.cs: 587e5b2aecc39120c2c9ff69742ce897 -> a6f78c4fcda1a29a1a1c1baefedba9e7
  custom:scripting/monoscript/fileName/TMP_UiFrameRateCounter.cs: 8fa3bcf761bb5076fd90d0361518d59c -> b01021aea19247f14a98ab338907956a
  custom:scripting/monoscript/fileName/TMPro_InstructionOverlay.cs: 194f3617683541355a9c6c8193e87b1c -> b626d2270e6ebd5c4311585c18b58d8d
  custom:scripting/monoscript/fileName/TMP_DigitValidator.cs: 4e5cde653ae28b90ab257e866c94dfce -> ac02af96215ae3951a3cce9e1a8c6085
  custom:audio-encoder-webm-vorbis: bf7c407c2cedff20999df2af8eb42d56 -> 
  custom:scripting/monoscript/fileName/Cube_Controller.cs: acd00592fa72aff7217b78bae7072f77 -> 
  custom:scripting/monoscript/fileName/Benchmark01_UGUI.cs: 52a24b07fcdd062ef495404efdb65870 -> 6148cfe2627b7708298f301788144139
  custom:scripting/precompiled-assembly-types:Assembly-CSharp: 252627b8445d6767445947e474900fe4 -> f39d0e8e1a2bdc72903fb33acfa56b16
  custom:scripting/monoscript/fileName/Benchmark03.cs: 520976d641c2b7cf395e30b045f5a45d -> 17cc87e0529ac71d909a946afb47a274
========================================================================
Received Prepare
Caller must complete domain reload
Begin MonoManager ReloadAssembly
- Loaded All Assemblies, in  0.667 seconds
Native extension for WindowsStandalone target not found
Native extension for Android target not found
Native extension for WebGL target not found
Mono: successfully reloaded assembly
- Finished resetting the current domain, in  1.747 seconds
Domain Reload Profiling: 2414ms
	BeginReloadAssembly (222ms)
		ExecutionOrderSort (0ms)
		DisableScriptedObjects (8ms)
		BackupInstance (0ms)
		ReleaseScriptingObjects (0ms)
		CreateAndSetChildDomain (49ms)
	RebuildCommonClasses (62ms)
	RebuildNativeTypeToScriptingClass (22ms)
	initialDomainReloadingComplete (43ms)
	LoadAllAssembliesAndSetupDomain (316ms)
		LoadAssemblies (398ms)
		RebuildTransferFunctionScriptingTraits (0ms)
		AnalyzeDomain (44ms)
			TypeCache.Refresh (15ms)
				TypeCache.ScanAssembly (2ms)
			ScanForSourceGeneratedMonoScriptInfo (15ms)
			ResolveRequiredComponents (10ms)
	FinalizeReload (1748ms)
		ReleaseScriptCaches (0ms)
		RebuildScriptCaches (0ms)
		SetupLoadedEditorAssemblies (953ms)
			LogAssemblyErrors (0ms)
			InitializePlatformSupportModulesInManaged (31ms)
			SetLoadedEditorAssemblies (7ms)
			RefreshPlugins (0ms)
			BeforeProcessingInitializeOnLoad (113ms)
			ProcessInitializeOnLoadAttributes (765ms)
			ProcessInitializeOnLoadMethodAttributes (34ms)
			AfterProcessingInitializeOnLoad (3ms)
			EditorAssembliesLoaded (0ms)
		ExecutionOrderSort2 (0ms)
		AwakeInstancesAfterBackupRestoration (9ms)
Refreshing native plugins compatible for Editor in 4.17 ms, found 6 plugins.
Preloading 0 native plugins for Editor in 0.00 ms.
Unloading 3345 Unused Serialized files (Serialized files now loaded: 0)
Unloading 14 unused Assets / (28.6 KB). Loaded Objects now: 4032.
Memory consumption went from 129.2 MB to 129.2 MB.
Total: 7.901400 ms (FindLiveObjects: 0.484700 ms CreateObjectMapping: 0.146800 ms MarkObjects: 7.183500 ms  DeleteObjects: 0.085100 ms)

Prepare: number of updated asset objects reloaded= 0
AssetImportParameters requested are different than current active one (requested -> active):
  custom:scripting/monoscript/fileName/SkewTextExample.cs: f96859e31fd6dde308d9dc2a2488dcff -> c142d02d70a129e0533975f7c2f96956
  custom:container-demuxer-ogg: 62fdf1f143b41e24485cea50d1cbac27 -> 
  custom:scripting/monoscript/fileName/TMP_TextEventHandler.cs: d0f86a17d6fd3e9995db934eaaf34f18 -> f5cd9d5a43bfefc8f4fec80e6de896a4
  custom:scripting/monoscript/fileName/TextMeshProFloatingText.cs: 5a37842f75734e7729f89af9a8145a1a -> 92608fa4a6315cd0786d82205e77b697
  custom:scripting/monoscript/fileName/VertexZoom.cs: 2da4737d79388c0362c64482e9ee50d2 -> 650ab1e81d40126e3edcf737cce646e4
  custom:video-codec-MediaFoundation-h265: 746d11721c4dcdbdad8f713fa42b33f4 -> 
  custom:scripting/monoscript/fileName/VertexShakeA.cs: 16900906a98712c9660b9823af1f2500 -> 63ec564c588058369499638dd899e05b
  custom:scripting/monoscript/fileName/TMP_ExampleScript_01.cs: 59997facf165601d8c6263ace2a973a5 -> a9d4be556104ff54e7d240529b3e01dc
  custom:video-decoder-ogg-theora: a1e56fd34408186e4bbccfd4996cb3dc -> 
  custom:scripting/monoscript/fileName/TMP_TextEventCheck.cs: 7ee93fce990cec7a5b67b504d0259dce -> 13505d917eab5868c435e0c2986dadfa
  custom:scripting/monoscript/fileName/TMP_TextSelector_B.cs: c0db108de9ffc9b6f619f3d00162b1c2 -> ba2be21a7486d37b1011342977a2e49d
  custom:scripting/monoscript/fileName/Benchmark01.cs: 1fef48c763f4be76a973f061699dd041 -> 2d3e2cd961730ab95f139a49a673bace
  custom:framework-win-MediaFoundation: 216162199b28c13a410421893ffa2e32 -> 
  custom:scripting/monoscript/fileName/UI_Manager.cs: 98fe954eecef79af161772dc64f463a1 -> 
  custom:scripting/monoscript/fileName/Benchmark02.cs: 92dcd0c0a469d0c0690d8ca0bfe95e6f -> 5640963252ce70910e726415f869ced6
  custom:scripting/monoscript/fileName/DropdownSample.cs: b4fe7efb027fdd4854f643ad764daa8c -> 0a92251794e5f10400149f96c3c59e5d
  custom:scripting/monoscript/fileName/WarpTextExample.cs: c5431dac938081648a3a3ac553c1029b -> 2663459c266363641981c7d17b698d7f
  custom:CustomObjectIndexerAttribute: 9a22284fe3817be447336de3de66b15e -> 
  custom:container-demuxer-webm: 4f35f7cbe854078d1ac9338744f61a02 -> 
  custom:scripting/monoscript/fileName/MainMenuButton.cs: e28869a6863284e74946ac915bb193f6 -> 
  custom:scripting/monoscript/fileName/ChatController.cs: ff21b89493e3dffcbe018a2cc5a10bae -> 876d5ccae6e345dd5d9450eb0a748f16
  custom:scripting/monoscript/fileName/TextMeshSpawner.cs: c0f20e5855e88374db1098a5acc68df4 -> 76f28e2ddb031571e6ec62b018f65fa8
  custom:scripting/monoscript/fileName/TeleType.cs: c18e16db35615314900dbe198d0144e7 -> 31fa97821c4c70f157ec81d507aa6b62
  custom:scripting/monoscript/fileName/Benchmark04.cs: 86dfb70824307c4cf164687df2489226 -> 32220b148620e52aa81c13a114862bf4
  custom:container-muxer-webm: aa71ff27fc2769a1b78a27578f13a17b -> 
  custom:video-decoder-webm-vp8: 9c59270c3fd7afecdb556c50c9e8de78 -> 
  custom:scripting/monoscript/fileName/TMP_PhoneNumberValidator.cs: b4c1c54136dffeb4e2962027ebaa6b1f -> 7c3049f481e464c6a9a15dee56c3126f
  custom:SearchIndexIgnoredProperties: e643bd26f0fe6173181afceb89e7c659 -> 
  custom:AudioImporter_EditorPlatform: d09bf68614088b80899f8185d706f6e7 -> 
  custom:scripting/monoscript/fileName/EnvMapAnimator.cs: 08e040d459cd881082c0dd5daba5f85c -> 1b4f61c17e4b7283c3ac351aacff9d26
  custom:scripting/monoscript/fileName/ShaderPropAnimator.cs: 88b70bc5bbc15375387323f48f0661cf -> 55ce425812446482e623ff2695c94cb2
  custom:scripting/monoscript/fileName/SimpleScript.cs: dcd92cf7399b0d08e25e4a66ab57e91e -> 454caab0c6c050f29b39d82e1d66d0fa
  custom:scripting/monoscript/fileName/ObjectSpin.cs: b34dd4d17018731600f920d50ca840f7 -> 2b96bb2079dd7fa5108d981627a28e1e
  custom:scripting/monoscript/fileName/CameraController.cs: 8d43c2def3a67efed518259a2232b470 -> 34b6be4e23ce86dc89786916c5983296
  custom:scripting/monoscript/fileName/TMP_TextInfoDebugTool.cs: 7aad42023b6f5112c90650ae13bd6dd8 -> 3f1709cfb2cc628169113a35b5e9be3f
  custom:scripting/monoscript/fileName/TMP_TextSelector_A.cs: 088357b4acdc1e6288d897936d29c8d3 -> 347309a09d56e367b188a6978f75b424
  custom:video-encoder-webm-vp8: eb34c28f22e8b96e1ab97ce403110664 -> 
  custom:audio-decoder-ogg-vorbis: bf7c407c2cedff20999df2af8eb42d56 -> 
  custom:scripting/monoscript/fileName/VertexJitter.cs: 6330f950b41eff6e5970f129864ecd6c -> d27eb5498e48714a66aece98da065133
  custom:scripting/monoscript/fileName/TextConsoleSimulator.cs: f2c8898b26c0cf2b0a1c7d12d99e6769 -> 33fc311abb20b5b0ed8f00e4d86b574e
  custom:scripting/monoscript/fileName/VertexColorCycler.cs: 135fb0ebdaf256193ccc08218c426c64 -> 5f984ca91cf3609293aecc6bc5641572
  custom:scripting/monoscript/fileName/TMP_FrameRateCounter.cs: 8afeb6f0251e063dcfff2bd827f92c62 -> 46f655df8cb483ac5958307137b1585a
  custom:scripting/monoscript/fileName/VertexShakeB.cs: 587e5b2aecc39120c2c9ff69742ce897 -> a6f78c4fcda1a29a1a1c1baefedba9e7
  custom:scripting/monoscript/fileName/TMP_UiFrameRateCounter.cs: 8fa3bcf761bb5076fd90d0361518d59c -> b01021aea19247f14a98ab338907956a
  custom:scripting/monoscript/fileName/TMPro_InstructionOverlay.cs: 194f3617683541355a9c6c8193e87b1c -> b626d2270e6ebd5c4311585c18b58d8d
  custom:scripting/monoscript/fileName/TMP_DigitValidator.cs: 4e5cde653ae28b90ab257e866c94dfce -> ac02af96215ae3951a3cce9e1a8c6085
  custom:audio-encoder-webm-vorbis: bf7c407c2cedff20999df2af8eb42d56 -> 
  custom:scripting/monoscript/fileName/Cube_Controller.cs: acd00592fa72aff7217b78bae7072f77 -> 
  custom:scripting/monoscript/fileName/Benchmark01_UGUI.cs: 52a24b07fcdd062ef495404efdb65870 -> 6148cfe2627b7708298f301788144139
  custom:scripting/precompiled-assembly-types:Assembly-CSharp: 252627b8445d6767445947e474900fe4 -> f39d0e8e1a2bdc72903fb33acfa56b16
  custom:scripting/monoscript/fileName/Benchmark03.cs: 520976d641c2b7cf395e30b045f5a45d -> 17cc87e0529ac71d909a946afb47a274
========================================================================
Received Prepare
Caller must complete domain reload
Begin MonoManager ReloadAssembly
- Loaded All Assemblies, in  0.642 seconds
Native extension for WindowsStandalone target not found
Native extension for Android target not found
Native extension for WebGL target not found
Mono: successfully reloaded assembly
- Finished resetting the current domain, in  1.726 seconds
Domain Reload Profiling: 2367ms
	BeginReloadAssembly (217ms)
		ExecutionOrderSort (0ms)
		DisableScriptedObjects (9ms)
		BackupInstance (0ms)
		ReleaseScriptingObjects (0ms)
		CreateAndSetChildDomain (42ms)
	RebuildCommonClasses (62ms)
	RebuildNativeTypeToScriptingClass (22ms)
	initialDomainReloadingComplete (49ms)
	LoadAllAssembliesAndSetupDomain (290ms)
		LoadAssemblies (382ms)
		RebuildTransferFunctionScriptingTraits (0ms)
		AnalyzeDomain (38ms)
			TypeCache.Refresh (12ms)
				TypeCache.ScanAssembly (1ms)
			ScanForSourceGeneratedMonoScriptInfo (15ms)
			ResolveRequiredComponents (8ms)
	FinalizeReload (1727ms)
		ReleaseScriptCaches (0ms)
		RebuildScriptCaches (0ms)
		SetupLoadedEditorAssemblies (947ms)
			LogAssemblyErrors (0ms)
			InitializePlatformSupportModulesInManaged (33ms)
			SetLoadedEditorAssemblies (9ms)
			RefreshPlugins (0ms)
			BeforeProcessingInitializeOnLoad (103ms)
			ProcessInitializeOnLoadAttributes (763ms)
			ProcessInitializeOnLoadMethodAttributes (34ms)
			AfterProcessingInitializeOnLoad (5ms)
			EditorAssembliesLoaded (0ms)
		ExecutionOrderSort2 (0ms)
		AwakeInstancesAfterBackupRestoration (12ms)
Refreshing native plugins compatible for Editor in 4.78 ms, found 6 plugins.
Preloading 0 native plugins for Editor in 0.00 ms.
Unloading 3345 Unused Serialized files (Serialized files now loaded: 0)
Unloading 14 unused Assets / (28.6 KB). Loaded Objects now: 4035.
Memory consumption went from 129.2 MB to 129.2 MB.
Total: 6.669200 ms (FindLiveObjects: 0.511600 ms CreateObjectMapping: 0.173200 ms MarkObjects: 5.899900 ms  DeleteObjects: 0.082800 ms)

Prepare: number of updated asset objects reloaded= 0
AssetImportParameters requested are different than current active one (requested -> active):
  custom:scripting/monoscript/fileName/SkewTextExample.cs: f96859e31fd6dde308d9dc2a2488dcff -> c142d02d70a129e0533975f7c2f96956
  custom:container-demuxer-ogg: 62fdf1f143b41e24485cea50d1cbac27 -> 
  custom:scripting/monoscript/fileName/TMP_TextEventHandler.cs: d0f86a17d6fd3e9995db934eaaf34f18 -> f5cd9d5a43bfefc8f4fec80e6de896a4
  custom:scripting/monoscript/fileName/TextMeshProFloatingText.cs: 5a37842f75734e7729f89af9a8145a1a -> 92608fa4a6315cd0786d82205e77b697
  custom:scripting/monoscript/fileName/VertexZoom.cs: 2da4737d79388c0362c64482e9ee50d2 -> 650ab1e81d40126e3edcf737cce646e4
  custom:video-codec-MediaFoundation-h265: 746d11721c4dcdbdad8f713fa42b33f4 -> 
  custom:scripting/monoscript/fileName/VertexShakeA.cs: 16900906a98712c9660b9823af1f2500 -> 63ec564c588058369499638dd899e05b
  custom:scripting/monoscript/fileName/TMP_ExampleScript_01.cs: 59997facf165601d8c6263ace2a973a5 -> a9d4be556104ff54e7d240529b3e01dc
  custom:video-decoder-ogg-theora: a1e56fd34408186e4bbccfd4996cb3dc -> 
  custom:scripting/monoscript/fileName/TMP_TextEventCheck.cs: 7ee93fce990cec7a5b67b504d0259dce -> 13505d917eab5868c435e0c2986dadfa
  custom:scripting/monoscript/fileName/TMP_TextSelector_B.cs: c0db108de9ffc9b6f619f3d00162b1c2 -> ba2be21a7486d37b1011342977a2e49d
  custom:scripting/monoscript/fileName/Benchmark01.cs: 1fef48c763f4be76a973f061699dd041 -> 2d3e2cd961730ab95f139a49a673bace
  custom:framework-win-MediaFoundation: 216162199b28c13a410421893ffa2e32 -> 
  custom:scripting/monoscript/fileName/UI_Manager.cs: 98fe954eecef79af161772dc64f463a1 -> 
  custom:scripting/monoscript/fileName/Benchmark02.cs: 92dcd0c0a469d0c0690d8ca0bfe95e6f -> 5640963252ce70910e726415f869ced6
  custom:scripting/monoscript/fileName/DropdownSample.cs: b4fe7efb027fdd4854f643ad764daa8c -> 0a92251794e5f10400149f96c3c59e5d
  custom:scripting/monoscript/fileName/WarpTextExample.cs: c5431dac938081648a3a3ac553c1029b -> 2663459c266363641981c7d17b698d7f
  custom:CustomObjectIndexerAttribute: 9a22284fe3817be447336de3de66b15e -> 
  custom:container-demuxer-webm: 4f35f7cbe854078d1ac9338744f61a02 -> 
  custom:scripting/monoscript/fileName/MainMenuButton.cs: e28869a6863284e74946ac915bb193f6 -> 
  custom:scripting/monoscript/fileName/ChatController.cs: ff21b89493e3dffcbe018a2cc5a10bae -> 876d5ccae6e345dd5d9450eb0a748f16
  custom:scripting/monoscript/fileName/TextMeshSpawner.cs: c0f20e5855e88374db1098a5acc68df4 -> 76f28e2ddb031571e6ec62b018f65fa8
  custom:scripting/monoscript/fileName/TeleType.cs: c18e16db35615314900dbe198d0144e7 -> 31fa97821c4c70f157ec81d507aa6b62
  custom:scripting/monoscript/fileName/Benchmark04.cs: 86dfb70824307c4cf164687df2489226 -> 32220b148620e52aa81c13a114862bf4
  custom:container-muxer-webm: aa71ff27fc2769a1b78a27578f13a17b -> 
  custom:video-decoder-webm-vp8: 9c59270c3fd7afecdb556c50c9e8de78 -> 
  custom:scripting/monoscript/fileName/TMP_PhoneNumberValidator.cs: b4c1c54136dffeb4e2962027ebaa6b1f -> 7c3049f481e464c6a9a15dee56c3126f
  custom:SearchIndexIgnoredProperties: e643bd26f0fe6173181afceb89e7c659 -> 
  custom:AudioImporter_EditorPlatform: d09bf68614088b80899f8185d706f6e7 -> 
  custom:scripting/monoscript/fileName/EnvMapAnimator.cs: 08e040d459cd881082c0dd5daba5f85c -> 1b4f61c17e4b7283c3ac351aacff9d26
  custom:scripting/monoscript/fileName/ShaderPropAnimator.cs: 88b70bc5bbc15375387323f48f0661cf -> 55ce425812446482e623ff2695c94cb2
  custom:scripting/monoscript/fileName/SimpleScript.cs: dcd92cf7399b0d08e25e4a66ab57e91e -> 454caab0c6c050f29b39d82e1d66d0fa
  custom:scripting/monoscript/fileName/ObjectSpin.cs: b34dd4d17018731600f920d50ca840f7 -> 2b96bb2079dd7fa5108d981627a28e1e
  custom:scripting/monoscript/fileName/CameraController.cs: 8d43c2def3a67efed518259a2232b470 -> 34b6be4e23ce86dc89786916c5983296
  custom:scripting/monoscript/fileName/TMP_TextInfoDebugTool.cs: 7aad42023b6f5112c90650ae13bd6dd8 -> 3f1709cfb2cc628169113a35b5e9be3f
  custom:scripting/monoscript/fileName/TMP_TextSelector_A.cs: 088357b4acdc1e6288d897936d29c8d3 -> 347309a09d56e367b188a6978f75b424
  custom:video-encoder-webm-vp8: eb34c28f22e8b96e1ab97ce403110664 -> 
  custom:audio-decoder-ogg-vorbis: bf7c407c2cedff20999df2af8eb42d56 -> 
  custom:scripting/monoscript/fileName/VertexJitter.cs: 6330f950b41eff6e5970f129864ecd6c -> d27eb5498e48714a66aece98da065133
  custom:scripting/monoscript/fileName/TextConsoleSimulator.cs: f2c8898b26c0cf2b0a1c7d12d99e6769 -> 33fc311abb20b5b0ed8f00e4d86b574e
  custom:scripting/monoscript/fileName/VertexColorCycler.cs: 135fb0ebdaf256193ccc08218c426c64 -> 5f984ca91cf3609293aecc6bc5641572
  custom:scripting/monoscript/fileName/TMP_FrameRateCounter.cs: 8afeb6f0251e063dcfff2bd827f92c62 -> 46f655df8cb483ac5958307137b1585a
  custom:scripting/monoscript/fileName/VertexShakeB.cs: 587e5b2aecc39120c2c9ff69742ce897 -> a6f78c4fcda1a29a1a1c1baefedba9e7
  custom:scripting/monoscript/fileName/TMP_UiFrameRateCounter.cs: 8fa3bcf761bb5076fd90d0361518d59c -> b01021aea19247f14a98ab338907956a
  custom:scripting/monoscript/fileName/TMPro_InstructionOverlay.cs: 194f3617683541355a9c6c8193e87b1c -> b626d2270e6ebd5c4311585c18b58d8d
  custom:scripting/monoscript/fileName/TMP_DigitValidator.cs: 4e5cde653ae28b90ab257e866c94dfce -> ac02af96215ae3951a3cce9e1a8c6085
  custom:audio-encoder-webm-vorbis: bf7c407c2cedff20999df2af8eb42d56 -> 
  custom:scripting/monoscript/fileName/Cube_Controller.cs: acd00592fa72aff7217b78bae7072f77 -> 
  custom:scripting/monoscript/fileName/Benchmark01_UGUI.cs: 52a24b07fcdd062ef495404efdb65870 -> 6148cfe2627b7708298f301788144139
  custom:scripting/precompiled-assembly-types:Assembly-CSharp: 252627b8445d6767445947e474900fe4 -> f39d0e8e1a2bdc72903fb33acfa56b16
  custom:scripting/monoscript/fileName/Benchmark03.cs: 520976d641c2b7cf395e30b045f5a45d -> 17cc87e0529ac71d909a946afb47a274
========================================================================
Received Prepare
Caller must complete domain reload
Begin MonoManager ReloadAssembly
- Loaded All Assemblies, in  0.349 seconds
Native extension for WindowsStandalone target not found
Native extension for Android target not found
Native extension for WebGL target not found
Mono: successfully reloaded assembly
- Finished resetting the current domain, in  0.903 seconds
Domain Reload Profiling: 1252ms
	BeginReloadAssembly (136ms)
		ExecutionOrderSort (0ms)
		DisableScriptedObjects (5ms)
		BackupInstance (0ms)
		ReleaseScriptingObjects (0ms)
		CreateAndSetChildDomain (30ms)
	RebuildCommonClasses (30ms)
	RebuildNativeTypeToScriptingClass (8ms)
	initialDomainReloadingComplete (23ms)
	LoadAllAssembliesAndSetupDomain (152ms)
		LoadAssemblies (209ms)
		RebuildTransferFunctionScriptingTraits (0ms)
		AnalyzeDomain (15ms)
			TypeCache.Refresh (6ms)
				TypeCache.ScanAssembly (0ms)
			ScanForSourceGeneratedMonoScriptInfo (0ms)
			ResolveRequiredComponents (7ms)
	FinalizeReload (903ms)
		ReleaseScriptCaches (0ms)
		RebuildScriptCaches (0ms)
		SetupLoadedEditorAssemblies (505ms)
			LogAssemblyErrors (0ms)
			InitializePlatformSupportModulesInManaged (14ms)
			SetLoadedEditorAssemblies (4ms)
			RefreshPlugins (0ms)
			BeforeProcessingInitializeOnLoad (51ms)
			ProcessInitializeOnLoadAttributes (416ms)
			ProcessInitializeOnLoadMethodAttributes (17ms)
			AfterProcessingInitializeOnLoad (2ms)
			EditorAssembliesLoaded (0ms)
		ExecutionOrderSort2 (0ms)
		AwakeInstancesAfterBackupRestoration (6ms)
Refreshing native plugins compatible for Editor in 5.94 ms, found 6 plugins.
Preloading 0 native plugins for Editor in 0.00 ms.
Unloading 3345 Unused Serialized files (Serialized files now loaded: 0)
Unloading 14 unused Assets / (28.5 KB). Loaded Objects now: 4038.
Memory consumption went from 129.2 MB to 129.2 MB.
Total: 6.429000 ms (FindLiveObjects: 0.572700 ms CreateObjectMapping: 0.197100 ms MarkObjects: 5.589500 ms  DeleteObjects: 0.068400 ms)

Prepare: number of updated asset objects reloaded= 0
AssetImportParameters requested are different than current active one (requested -> active):
  custom:scripting/monoscript/fileName/SkewTextExample.cs: f96859e31fd6dde308d9dc2a2488dcff -> c142d02d70a129e0533975f7c2f96956
  custom:container-demuxer-ogg: 62fdf1f143b41e24485cea50d1cbac27 -> 
  custom:scripting/monoscript/fileName/TMP_TextEventHandler.cs: d0f86a17d6fd3e9995db934eaaf34f18 -> f5cd9d5a43bfefc8f4fec80e6de896a4
  custom:scripting/monoscript/fileName/TextMeshProFloatingText.cs: 5a37842f75734e7729f89af9a8145a1a -> 92608fa4a6315cd0786d82205e77b697
  custom:scripting/monoscript/fileName/VertexZoom.cs: 2da4737d79388c0362c64482e9ee50d2 -> 650ab1e81d40126e3edcf737cce646e4
  custom:video-codec-MediaFoundation-h265: 746d11721c4dcdbdad8f713fa42b33f4 -> 
  custom:scripting/monoscript/fileName/VertexShakeA.cs: 16900906a98712c9660b9823af1f2500 -> 63ec564c588058369499638dd899e05b
  custom:scripting/monoscript/fileName/TMP_ExampleScript_01.cs: 59997facf165601d8c6263ace2a973a5 -> a9d4be556104ff54e7d240529b3e01dc
  custom:video-decoder-ogg-theora: a1e56fd34408186e4bbccfd4996cb3dc -> 
  custom:scripting/monoscript/fileName/TMP_TextEventCheck.cs: 7ee93fce990cec7a5b67b504d0259dce -> 13505d917eab5868c435e0c2986dadfa
  custom:scripting/monoscript/fileName/TMP_TextSelector_B.cs: c0db108de9ffc9b6f619f3d00162b1c2 -> ba2be21a7486d37b1011342977a2e49d
  custom:scripting/monoscript/fileName/Benchmark01.cs: 1fef48c763f4be76a973f061699dd041 -> 2d3e2cd961730ab95f139a49a673bace
  custom:framework-win-MediaFoundation: 216162199b28c13a410421893ffa2e32 -> 
  custom:scripting/monoscript/fileName/UI_Manager.cs: 98fe954eecef79af161772dc64f463a1 -> 
  custom:scripting/monoscript/fileName/Benchmark02.cs: 92dcd0c0a469d0c0690d8ca0bfe95e6f -> 5640963252ce70910e726415f869ced6
  custom:scripting/monoscript/fileName/DropdownSample.cs: b4fe7efb027fdd4854f643ad764daa8c -> 0a92251794e5f10400149f96c3c59e5d
  custom:scripting/monoscript/fileName/WarpTextExample.cs: c5431dac938081648a3a3ac553c1029b -> 2663459c266363641981c7d17b698d7f
  custom:CustomObjectIndexerAttribute: 9a22284fe3817be447336de3de66b15e -> 
  custom:container-demuxer-webm: 4f35f7cbe854078d1ac9338744f61a02 -> 
  custom:scripting/monoscript/fileName/MainMenuButton.cs: e28869a6863284e74946ac915bb193f6 -> 
  custom:scripting/monoscript/fileName/ChatController.cs: ff21b89493e3dffcbe018a2cc5a10bae -> 876d5ccae6e345dd5d9450eb0a748f16
  custom:scripting/monoscript/fileName/TextMeshSpawner.cs: c0f20e5855e88374db1098a5acc68df4 -> 76f28e2ddb031571e6ec62b018f65fa8
  custom:scripting/monoscript/fileName/TeleType.cs: c18e16db35615314900dbe198d0144e7 -> 31fa97821c4c70f157ec81d507aa6b62
  custom:scripting/monoscript/fileName/Benchmark04.cs: 86dfb70824307c4cf164687df2489226 -> 32220b148620e52aa81c13a114862bf4
  custom:container-muxer-webm: aa71ff27fc2769a1b78a27578f13a17b -> 
  custom:video-decoder-webm-vp8: 9c59270c3fd7afecdb556c50c9e8de78 -> 
  custom:scripting/monoscript/fileName/TMP_PhoneNumberValidator.cs: b4c1c54136dffeb4e2962027ebaa6b1f -> 7c3049f481e464c6a9a15dee56c3126f
  custom:SearchIndexIgnoredProperties: e643bd26f0fe6173181afceb89e7c659 -> 
  custom:AudioImporter_EditorPlatform: d09bf68614088b80899f8185d706f6e7 -> 
  custom:scripting/monoscript/fileName/EnvMapAnimator.cs: 08e040d459cd881082c0dd5daba5f85c -> 1b4f61c17e4b7283c3ac351aacff9d26
  custom:scripting/monoscript/fileName/ShaderPropAnimator.cs: 88b70bc5bbc15375387323f48f0661cf -> 55ce425812446482e623ff2695c94cb2
  custom:scripting/monoscript/fileName/SimpleScript.cs: dcd92cf7399b0d08e25e4a66ab57e91e -> 454caab0c6c050f29b39d82e1d66d0fa
  custom:scripting/monoscript/fileName/ObjectSpin.cs: b34dd4d17018731600f920d50ca840f7 -> 2b96bb2079dd7fa5108d981627a28e1e
  custom:scripting/monoscript/fileName/CameraController.cs: 8d43c2def3a67efed518259a2232b470 -> 34b6be4e23ce86dc89786916c5983296
  custom:scripting/monoscript/fileName/TMP_TextInfoDebugTool.cs: 7aad42023b6f5112c90650ae13bd6dd8 -> 3f1709cfb2cc628169113a35b5e9be3f
  custom:scripting/monoscript/fileName/TMP_TextSelector_A.cs: 088357b4acdc1e6288d897936d29c8d3 -> 347309a09d56e367b188a6978f75b424
  custom:video-encoder-webm-vp8: eb34c28f22e8b96e1ab97ce403110664 -> 
  custom:audio-decoder-ogg-vorbis: bf7c407c2cedff20999df2af8eb42d56 -> 
  custom:scripting/monoscript/fileName/VertexJitter.cs: 6330f950b41eff6e5970f129864ecd6c -> d27eb5498e48714a66aece98da065133
  custom:scripting/monoscript/fileName/TextConsoleSimulator.cs: f2c8898b26c0cf2b0a1c7d12d99e6769 -> 33fc311abb20b5b0ed8f00e4d86b574e
  custom:scripting/monoscript/fileName/VertexColorCycler.cs: 135fb0ebdaf256193ccc08218c426c64 -> 5f984ca91cf3609293aecc6bc5641572
  custom:scripting/monoscript/fileName/TMP_FrameRateCounter.cs: 8afeb6f0251e063dcfff2bd827f92c62 -> 46f655df8cb483ac5958307137b1585a
  custom:scripting/monoscript/fileName/VertexShakeB.cs: 587e5b2aecc39120c2c9ff69742ce897 -> a6f78c4fcda1a29a1a1c1baefedba9e7
  custom:scripting/monoscript/fileName/TMP_UiFrameRateCounter.cs: 8fa3bcf761bb5076fd90d0361518d59c -> b01021aea19247f14a98ab338907956a
  custom:scripting/monoscript/fileName/TMPro_InstructionOverlay.cs: 194f3617683541355a9c6c8193e87b1c -> b626d2270e6ebd5c4311585c18b58d8d
  custom:scripting/monoscript/fileName/TMP_DigitValidator.cs: 4e5cde653ae28b90ab257e866c94dfce -> ac02af96215ae3951a3cce9e1a8c6085
  custom:audio-encoder-webm-vorbis: bf7c407c2cedff20999df2af8eb42d56 -> 
  custom:scripting/monoscript/fileName/Cube_Controller.cs: acd00592fa72aff7217b78bae7072f77 -> 
  custom:scripting/monoscript/fileName/Benchmark01_UGUI.cs: 52a24b07fcdd062ef495404efdb65870 -> 6148cfe2627b7708298f301788144139
  custom:scripting/precompiled-assembly-types:Assembly-CSharp: 252627b8445d6767445947e474900fe4 -> f39d0e8e1a2bdc72903fb33acfa56b16
  custom:scripting/monoscript/fileName/Benchmark03.cs: 520976d641c2b7cf395e30b045f5a45d -> 17cc87e0529ac71d909a946afb47a274
========================================================================
Received Prepare
Caller must complete domain reload
Begin MonoManager ReloadAssembly
- Loaded All Assemblies, in  0.347 seconds
Native extension for WindowsStandalone target not found
Native extension for Android target not found
Native extension for WebGL target not found
Mono: successfully reloaded assembly
- Finished resetting the current domain, in  0.889 seconds
Domain Reload Profiling: 1236ms
	BeginReloadAssembly (131ms)
		ExecutionOrderSort (0ms)
		DisableScriptedObjects (5ms)
		BackupInstance (0ms)
		ReleaseScriptingObjects (0ms)
		CreateAndSetChildDomain (29ms)
	RebuildCommonClasses (31ms)
	RebuildNativeTypeToScriptingClass (8ms)
	initialDomainReloadingComplete (21ms)
	LoadAllAssembliesAndSetupDomain (155ms)
		LoadAssemblies (212ms)
		RebuildTransferFunctionScriptingTraits (0ms)
		AnalyzeDomain (12ms)
			TypeCache.Refresh (5ms)
				TypeCache.ScanAssembly (0ms)
			ScanForSourceGeneratedMonoScriptInfo (0ms)
			ResolveRequiredComponents (5ms)
	FinalizeReload (889ms)
		ReleaseScriptCaches (0ms)
		RebuildScriptCaches (0ms)
		SetupLoadedEditorAssemblies (487ms)
			LogAssemblyErrors (0ms)
			InitializePlatformSupportModulesInManaged (15ms)
			SetLoadedEditorAssemblies (4ms)
			RefreshPlugins (0ms)
			BeforeProcessingInitializeOnLoad (60ms)
			ProcessInitializeOnLoadAttributes (387ms)
			ProcessInitializeOnLoadMethodAttributes (19ms)
			AfterProcessingInitializeOnLoad (2ms)
			EditorAssembliesLoaded (0ms)
		ExecutionOrderSort2 (0ms)
		AwakeInstancesAfterBackupRestoration (6ms)
Refreshing native plugins compatible for Editor in 5.72 ms, found 6 plugins.
Preloading 0 native plugins for Editor in 0.00 ms.
Unloading 3345 Unused Serialized files (Serialized files now loaded: 0)
Unloading 14 unused Assets / (28.6 KB). Loaded Objects now: 4041.
Memory consumption went from 129.2 MB to 129.2 MB.
Total: 7.564700 ms (FindLiveObjects: 0.691600 ms CreateObjectMapping: 0.770700 ms MarkObjects: 6.037700 ms  DeleteObjects: 0.063300 ms)

Prepare: number of updated asset objects reloaded= 0
AssetImportParameters requested are different than current active one (requested -> active):
  custom:scripting/monoscript/fileName/SkewTextExample.cs: f96859e31fd6dde308d9dc2a2488dcff -> c142d02d70a129e0533975f7c2f96956
  custom:container-demuxer-ogg: 62fdf1f143b41e24485cea50d1cbac27 -> 
  custom:scripting/monoscript/fileName/TMP_TextEventHandler.cs: d0f86a17d6fd3e9995db934eaaf34f18 -> f5cd9d5a43bfefc8f4fec80e6de896a4
  custom:scripting/monoscript/fileName/TextMeshProFloatingText.cs: 5a37842f75734e7729f89af9a8145a1a -> 92608fa4a6315cd0786d82205e77b697
  custom:scripting/monoscript/fileName/VertexZoom.cs: 2da4737d79388c0362c64482e9ee50d2 -> 650ab1e81d40126e3edcf737cce646e4
  custom:video-codec-MediaFoundation-h265: 746d11721c4dcdbdad8f713fa42b33f4 -> 
  custom:scripting/monoscript/fileName/VertexShakeA.cs: 16900906a98712c9660b9823af1f2500 -> 63ec564c588058369499638dd899e05b
  custom:scripting/monoscript/fileName/TMP_ExampleScript_01.cs: 59997facf165601d8c6263ace2a973a5 -> a9d4be556104ff54e7d240529b3e01dc
  custom:video-decoder-ogg-theora: a1e56fd34408186e4bbccfd4996cb3dc -> 
  custom:scripting/monoscript/fileName/TMP_TextEventCheck.cs: 7ee93fce990cec7a5b67b504d0259dce -> 13505d917eab5868c435e0c2986dadfa
  custom:scripting/monoscript/fileName/TMP_TextSelector_B.cs: c0db108de9ffc9b6f619f3d00162b1c2 -> ba2be21a7486d37b1011342977a2e49d
  custom:scripting/monoscript/fileName/Benchmark01.cs: 1fef48c763f4be76a973f061699dd041 -> 2d3e2cd961730ab95f139a49a673bace
  custom:framework-win-MediaFoundation: 216162199b28c13a410421893ffa2e32 -> 
  custom:scripting/monoscript/fileName/UI_Manager.cs: 98fe954eecef79af161772dc64f463a1 -> 
  custom:scripting/monoscript/fileName/Benchmark02.cs: 92dcd0c0a469d0c0690d8ca0bfe95e6f -> 5640963252ce70910e726415f869ced6
  custom:scripting/monoscript/fileName/DropdownSample.cs: b4fe7efb027fdd4854f643ad764daa8c -> 0a92251794e5f10400149f96c3c59e5d
  custom:scripting/monoscript/fileName/WarpTextExample.cs: c5431dac938081648a3a3ac553c1029b -> 2663459c266363641981c7d17b698d7f
  custom:CustomObjectIndexerAttribute: 9a22284fe3817be447336de3de66b15e -> 
  custom:container-demuxer-webm: 4f35f7cbe854078d1ac9338744f61a02 -> 
  custom:scripting/monoscript/fileName/MainMenuButton.cs: e28869a6863284e74946ac915bb193f6 -> 
  custom:scripting/monoscript/fileName/ChatController.cs: ff21b89493e3dffcbe018a2cc5a10bae -> 876d5ccae6e345dd5d9450eb0a748f16
  custom:scripting/monoscript/fileName/TextMeshSpawner.cs: c0f20e5855e88374db1098a5acc68df4 -> 76f28e2ddb031571e6ec62b018f65fa8
  custom:scripting/monoscript/fileName/TeleType.cs: c18e16db35615314900dbe198d0144e7 -> 31fa97821c4c70f157ec81d507aa6b62
  custom:scripting/monoscript/fileName/Benchmark04.cs: 86dfb70824307c4cf164687df2489226 -> 32220b148620e52aa81c13a114862bf4
  custom:container-muxer-webm: aa71ff27fc2769a1b78a27578f13a17b -> 
  custom:video-decoder-webm-vp8: 9c59270c3fd7afecdb556c50c9e8de78 -> 
  custom:scripting/monoscript/fileName/TMP_PhoneNumberValidator.cs: b4c1c54136dffeb4e2962027ebaa6b1f -> 7c3049f481e464c6a9a15dee56c3126f
  custom:SearchIndexIgnoredProperties: e643bd26f0fe6173181afceb89e7c659 -> 
  custom:AudioImporter_EditorPlatform: d09bf68614088b80899f8185d706f6e7 -> 
  custom:scripting/monoscript/fileName/EnvMapAnimator.cs: 08e040d459cd881082c0dd5daba5f85c -> 1b4f61c17e4b7283c3ac351aacff9d26
  custom:scripting/monoscript/fileName/ShaderPropAnimator.cs: 88b70bc5bbc15375387323f48f0661cf -> 55ce425812446482e623ff2695c94cb2
  custom:scripting/monoscript/fileName/SimpleScript.cs: dcd92cf7399b0d08e25e4a66ab57e91e -> 454caab0c6c050f29b39d82e1d66d0fa
  custom:scripting/monoscript/fileName/ObjectSpin.cs: b34dd4d17018731600f920d50ca840f7 -> 2b96bb2079dd7fa5108d981627a28e1e
  custom:scripting/monoscript/fileName/CameraController.cs: 8d43c2def3a67efed518259a2232b470 -> 34b6be4e23ce86dc89786916c5983296
  custom:scripting/monoscript/fileName/TMP_TextInfoDebugTool.cs: 7aad42023b6f5112c90650ae13bd6dd8 -> 3f1709cfb2cc628169113a35b5e9be3f
  custom:scripting/monoscript/fileName/TMP_TextSelector_A.cs: 088357b4acdc1e6288d897936d29c8d3 -> 347309a09d56e367b188a6978f75b424
  custom:video-encoder-webm-vp8: eb34c28f22e8b96e1ab97ce403110664 -> 
  custom:audio-decoder-ogg-vorbis: bf7c407c2cedff20999df2af8eb42d56 -> 
  custom:scripting/monoscript/fileName/VertexJitter.cs: 6330f950b41eff6e5970f129864ecd6c -> d27eb5498e48714a66aece98da065133
  custom:scripting/monoscript/fileName/TextConsoleSimulator.cs: f2c8898b26c0cf2b0a1c7d12d99e6769 -> 33fc311abb20b5b0ed8f00e4d86b574e
  custom:scripting/monoscript/fileName/VertexColorCycler.cs: 135fb0ebdaf256193ccc08218c426c64 -> 5f984ca91cf3609293aecc6bc5641572
  custom:scripting/monoscript/fileName/TMP_FrameRateCounter.cs: 8afeb6f0251e063dcfff2bd827f92c62 -> 46f655df8cb483ac5958307137b1585a
  custom:scripting/monoscript/fileName/VertexShakeB.cs: 587e5b2aecc39120c2c9ff69742ce897 -> a6f78c4fcda1a29a1a1c1baefedba9e7
  custom:scripting/monoscript/fileName/TMP_UiFrameRateCounter.cs: 8fa3bcf761bb5076fd90d0361518d59c -> b01021aea19247f14a98ab338907956a
  custom:scripting/monoscript/fileName/TMPro_InstructionOverlay.cs: 194f3617683541355a9c6c8193e87b1c -> b626d2270e6ebd5c4311585c18b58d8d
  custom:scripting/monoscript/fileName/TMP_DigitValidator.cs: 4e5cde653ae28b90ab257e866c94dfce -> ac02af96215ae3951a3cce9e1a8c6085
  custom:audio-encoder-webm-vorbis: bf7c407c2cedff20999df2af8eb42d56 -> 
  custom:scripting/monoscript/fileName/Cube_Controller.cs: acd00592fa72aff7217b78bae7072f77 -> 
  custom:scripting/monoscript/fileName/Benchmark01_UGUI.cs: 52a24b07fcdd062ef495404efdb65870 -> 6148cfe2627b7708298f301788144139
  custom:scripting/precompiled-assembly-types:Assembly-CSharp: 252627b8445d6767445947e474900fe4 -> f39d0e8e1a2bdc72903fb33acfa56b16
  custom:scripting/monoscript/fileName/Benchmark03.cs: 520976d641c2b7cf395e30b045f5a45d -> 17cc87e0529ac71d909a946afb47a274
========================================================================
Received Prepare
Caller must complete domain reload
Begin MonoManager ReloadAssembly
- Loaded All Assemblies, in  0.346 seconds
Native extension for WindowsStandalone target not found
Native extension for Android target not found
Native extension for WebGL target not found
Mono: successfully reloaded assembly
- Finished resetting the current domain, in  0.938 seconds
Domain Reload Profiling: 1284ms
	BeginReloadAssembly (132ms)
		ExecutionOrderSort (0ms)
		DisableScriptedObjects (5ms)
		BackupInstance (0ms)
		ReleaseScriptingObjects (0ms)
		CreateAndSetChildDomain (32ms)
	RebuildCommonClasses (28ms)
	RebuildNativeTypeToScriptingClass (8ms)
	initialDomainReloadingComplete (22ms)
	LoadAllAssembliesAndSetupDomain (156ms)
		LoadAssemblies (210ms)
		RebuildTransferFunctionScriptingTraits (0ms)
		AnalyzeDomain (12ms)
			TypeCache.Refresh (5ms)
				TypeCache.ScanAssembly (0ms)
			ScanForSourceGeneratedMonoScriptInfo (0ms)
			ResolveRequiredComponents (5ms)
	FinalizeReload (939ms)
		ReleaseScriptCaches (0ms)
		RebuildScriptCaches (0ms)
		SetupLoadedEditorAssemblies (533ms)
			LogAssemblyErrors (0ms)
			InitializePlatformSupportModulesInManaged (16ms)
			SetLoadedEditorAssemblies (4ms)
			RefreshPlugins (0ms)
			BeforeProcessingInitializeOnLoad (52ms)
			ProcessInitializeOnLoadAttributes (438ms)
			ProcessInitializeOnLoadMethodAttributes (22ms)
			AfterProcessingInitializeOnLoad (2ms)
			EditorAssembliesLoaded (0ms)
		ExecutionOrderSort2 (0ms)
		AwakeInstancesAfterBackupRestoration (6ms)
Refreshing native plugins compatible for Editor in 6.01 ms, found 6 plugins.
Preloading 0 native plugins for Editor in 0.00 ms.
Unloading 3345 Unused Serialized files (Serialized files now loaded: 0)
Unloading 14 unused Assets / (28.5 KB). Loaded Objects now: 4044.
Memory consumption went from 129.2 MB to 129.2 MB.
Total: 7.431700 ms (FindLiveObjects: 0.769700 ms CreateObjectMapping: 0.265400 ms MarkObjects: 6.323300 ms  DeleteObjects: 0.072100 ms)

Prepare: number of updated asset objects reloaded= 0
AssetImportParameters requested are different than current active one (requested -> active):
  custom:scripting/monoscript/fileName/SkewTextExample.cs: f96859e31fd6dde308d9dc2a2488dcff -> c142d02d70a129e0533975f7c2f96956
  custom:container-demuxer-ogg: 62fdf1f143b41e24485cea50d1cbac27 -> 
  custom:scripting/monoscript/fileName/TMP_TextEventHandler.cs: d0f86a17d6fd3e9995db934eaaf34f18 -> f5cd9d5a43bfefc8f4fec80e6de896a4
  custom:scripting/monoscript/fileName/TextMeshProFloatingText.cs: 5a37842f75734e7729f89af9a8145a1a -> 92608fa4a6315cd0786d82205e77b697
  custom:scripting/monoscript/fileName/VertexZoom.cs: 2da4737d79388c0362c64482e9ee50d2 -> 650ab1e81d40126e3edcf737cce646e4
  custom:video-codec-MediaFoundation-h265: 746d11721c4dcdbdad8f713fa42b33f4 -> 
  custom:scripting/monoscript/fileName/VertexShakeA.cs: 16900906a98712c9660b9823af1f2500 -> 63ec564c588058369499638dd899e05b
  custom:scripting/monoscript/fileName/TMP_ExampleScript_01.cs: 59997facf165601d8c6263ace2a973a5 -> a9d4be556104ff54e7d240529b3e01dc
  custom:video-decoder-ogg-theora: a1e56fd34408186e4bbccfd4996cb3dc -> 
  custom:scripting/monoscript/fileName/TMP_TextEventCheck.cs: 7ee93fce990cec7a5b67b504d0259dce -> 13505d917eab5868c435e0c2986dadfa
  custom:scripting/monoscript/fileName/TMP_TextSelector_B.cs: c0db108de9ffc9b6f619f3d00162b1c2 -> ba2be21a7486d37b1011342977a2e49d
  custom:scripting/monoscript/fileName/Benchmark01.cs: 1fef48c763f4be76a973f061699dd041 -> 2d3e2cd961730ab95f139a49a673bace
  custom:framework-win-MediaFoundation: 216162199b28c13a410421893ffa2e32 -> 
  custom:scripting/monoscript/fileName/UI_Manager.cs: 98fe954eecef79af161772dc64f463a1 -> 
  custom:scripting/monoscript/fileName/Benchmark02.cs: 92dcd0c0a469d0c0690d8ca0bfe95e6f -> 5640963252ce70910e726415f869ced6
  custom:scripting/monoscript/fileName/DropdownSample.cs: b4fe7efb027fdd4854f643ad764daa8c -> 0a92251794e5f10400149f96c3c59e5d
  custom:scripting/monoscript/fileName/WarpTextExample.cs: c5431dac938081648a3a3ac553c1029b -> 2663459c266363641981c7d17b698d7f
  custom:CustomObjectIndexerAttribute: 9a22284fe3817be447336de3de66b15e -> 
  custom:container-demuxer-webm: 4f35f7cbe854078d1ac9338744f61a02 -> 
  custom:scripting/monoscript/fileName/MainMenuButton.cs: e28869a6863284e74946ac915bb193f6 -> 
  custom:scripting/monoscript/fileName/ChatController.cs: ff21b89493e3dffcbe018a2cc5a10bae -> 876d5ccae6e345dd5d9450eb0a748f16
  custom:scripting/monoscript/fileName/TextMeshSpawner.cs: c0f20e5855e88374db1098a5acc68df4 -> 76f28e2ddb031571e6ec62b018f65fa8
  custom:scripting/monoscript/fileName/TeleType.cs: c18e16db35615314900dbe198d0144e7 -> 31fa97821c4c70f157ec81d507aa6b62
  custom:scripting/monoscript/fileName/Benchmark04.cs: 86dfb70824307c4cf164687df2489226 -> 32220b148620e52aa81c13a114862bf4
  custom:container-muxer-webm: aa71ff27fc2769a1b78a27578f13a17b -> 
  custom:video-decoder-webm-vp8: 9c59270c3fd7afecdb556c50c9e8de78 -> 
  custom:scripting/monoscript/fileName/TMP_PhoneNumberValidator.cs: b4c1c54136dffeb4e2962027ebaa6b1f -> 7c3049f481e464c6a9a15dee56c3126f
  custom:SearchIndexIgnoredProperties: e643bd26f0fe6173181afceb89e7c659 -> 
  custom:AudioImporter_EditorPlatform: d09bf68614088b80899f8185d706f6e7 -> 
  custom:scripting/monoscript/fileName/EnvMapAnimator.cs: 08e040d459cd881082c0dd5daba5f85c -> 1b4f61c17e4b7283c3ac351aacff9d26
  custom:scripting/monoscript/fileName/ShaderPropAnimator.cs: 88b70bc5bbc15375387323f48f0661cf -> 55ce425812446482e623ff2695c94cb2
  custom:scripting/monoscript/fileName/SimpleScript.cs: dcd92cf7399b0d08e25e4a66ab57e91e -> 454caab0c6c050f29b39d82e1d66d0fa
  custom:scripting/monoscript/fileName/ObjectSpin.cs: b34dd4d17018731600f920d50ca840f7 -> 2b96bb2079dd7fa5108d981627a28e1e
  custom:scripting/monoscript/fileName/CameraController.cs: 8d43c2def3a67efed518259a2232b470 -> 34b6be4e23ce86dc89786916c5983296
  custom:scripting/monoscript/fileName/TMP_TextInfoDebugTool.cs: 7aad42023b6f5112c90650ae13bd6dd8 -> 3f1709cfb2cc628169113a35b5e9be3f
  custom:scripting/monoscript/fileName/TMP_TextSelector_A.cs: 088357b4acdc1e6288d897936d29c8d3 -> 347309a09d56e367b188a6978f75b424
  custom:video-encoder-webm-vp8: eb34c28f22e8b96e1ab97ce403110664 -> 
  custom:audio-decoder-ogg-vorbis: bf7c407c2cedff20999df2af8eb42d56 -> 
  custom:scripting/monoscript/fileName/VertexJitter.cs: 6330f950b41eff6e5970f129864ecd6c -> d27eb5498e48714a66aece98da065133
  custom:scripting/monoscript/fileName/TextConsoleSimulator.cs: f2c8898b26c0cf2b0a1c7d12d99e6769 -> 33fc311abb20b5b0ed8f00e4d86b574e
  custom:scripting/monoscript/fileName/VertexColorCycler.cs: 135fb0ebdaf256193ccc08218c426c64 -> 5f984ca91cf3609293aecc6bc5641572
  custom:scripting/monoscript/fileName/TMP_FrameRateCounter.cs: 8afeb6f0251e063dcfff2bd827f92c62 -> 46f655df8cb483ac5958307137b1585a
  custom:scripting/monoscript/fileName/VertexShakeB.cs: 587e5b2aecc39120c2c9ff69742ce897 -> a6f78c4fcda1a29a1a1c1baefedba9e7
  custom:scripting/monoscript/fileName/TMP_UiFrameRateCounter.cs: 8fa3bcf761bb5076fd90d0361518d59c -> b01021aea19247f14a98ab338907956a
  custom:scripting/monoscript/fileName/TMPro_InstructionOverlay.cs: 194f3617683541355a9c6c8193e87b1c -> b626d2270e6ebd5c4311585c18b58d8d
  custom:scripting/monoscript/fileName/TMP_DigitValidator.cs: 4e5cde653ae28b90ab257e866c94dfce -> ac02af96215ae3951a3cce9e1a8c6085
  custom:audio-encoder-webm-vorbis: bf7c407c2cedff20999df2af8eb42d56 -> 
  custom:scripting/monoscript/fileName/Cube_Controller.cs: acd00592fa72aff7217b78bae7072f77 -> 
  custom:scripting/monoscript/fileName/Benchmark01_UGUI.cs: 52a24b07fcdd062ef495404efdb65870 -> 6148cfe2627b7708298f301788144139
  custom:scripting/precompiled-assembly-types:Assembly-CSharp: 252627b8445d6767445947e474900fe4 -> f39d0e8e1a2bdc72903fb33acfa56b16
  custom:scripting/monoscript/fileName/Benchmark03.cs: 520976d641c2b7cf395e30b045f5a45d -> 17cc87e0529ac71d909a946afb47a274
========================================================================
Received Prepare
Caller must complete domain reload
Begin MonoManager ReloadAssembly
- Loaded All Assemblies, in  0.657 seconds
Native extension for WindowsStandalone target not found
Native extension for Android target not found
Native extension for WebGL target not found
Mono: successfully reloaded assembly
- Finished resetting the current domain, in  1.808 seconds
Domain Reload Profiling: 2465ms
	BeginReloadAssembly (234ms)
		ExecutionOrderSort (0ms)
		DisableScriptedObjects (9ms)
		BackupInstance (0ms)
		ReleaseScriptingObjects (0ms)
		CreateAndSetChildDomain (47ms)
	RebuildCommonClasses (63ms)
	RebuildNativeTypeToScriptingClass (20ms)
	initialDomainReloadingComplete (48ms)
	LoadAllAssembliesAndSetupDomain (291ms)
		LoadAssemblies (386ms)
		RebuildTransferFunctionScriptingTraits (0ms)
		AnalyzeDomain (41ms)
			TypeCache.Refresh (15ms)
				TypeCache.ScanAssembly (1ms)
			ScanForSourceGeneratedMonoScriptInfo (14ms)
			ResolveRequiredComponents (9ms)
	FinalizeReload (1809ms)
		ReleaseScriptCaches (0ms)
		RebuildScriptCaches (0ms)
		SetupLoadedEditorAssemblies (978ms)
			LogAssemblyErrors (0ms)
			InitializePlatformSupportModulesInManaged (32ms)
			SetLoadedEditorAssemblies (9ms)
			RefreshPlugins (0ms)
			BeforeProcessingInitializeOnLoad (108ms)
			ProcessInitializeOnLoadAttributes (788ms)
			ProcessInitializeOnLoadMethodAttributes (39ms)
			AfterProcessingInitializeOnLoad (3ms)
			EditorAssembliesLoaded (0ms)
		ExecutionOrderSort2 (0ms)
		AwakeInstancesAfterBackupRestoration (10ms)
Refreshing native plugins compatible for Editor in 5.37 ms, found 6 plugins.
Preloading 0 native plugins for Editor in 0.00 ms.
Unloading 3345 Unused Serialized files (Serialized files now loaded: 0)
Unloading 14 unused Assets / (28.5 KB). Loaded Objects now: 4047.
Memory consumption went from 129.2 MB to 129.2 MB.
Total: 6.096300 ms (FindLiveObjects: 0.626700 ms CreateObjectMapping: 0.361000 ms MarkObjects: 5.030700 ms  DeleteObjects: 0.076500 ms)

Prepare: number of updated asset objects reloaded= 0
AssetImportParameters requested are different than current active one (requested -> active):
  custom:scripting/monoscript/fileName/SkewTextExample.cs: f96859e31fd6dde308d9dc2a2488dcff -> c142d02d70a129e0533975f7c2f96956
  custom:container-demuxer-ogg: 62fdf1f143b41e24485cea50d1cbac27 -> 
  custom:scripting/monoscript/fileName/TMP_TextEventHandler.cs: d0f86a17d6fd3e9995db934eaaf34f18 -> f5cd9d5a43bfefc8f4fec80e6de896a4
  custom:scripting/monoscript/fileName/TextMeshProFloatingText.cs: 5a37842f75734e7729f89af9a8145a1a -> 92608fa4a6315cd0786d82205e77b697
  custom:scripting/monoscript/fileName/VertexZoom.cs: 2da4737d79388c0362c64482e9ee50d2 -> 650ab1e81d40126e3edcf737cce646e4
  custom:video-codec-MediaFoundation-h265: 746d11721c4dcdbdad8f713fa42b33f4 -> 
  custom:scripting/monoscript/fileName/VertexShakeA.cs: 16900906a98712c9660b9823af1f2500 -> 63ec564c588058369499638dd899e05b
  custom:scripting/monoscript/fileName/TMP_ExampleScript_01.cs: 59997facf165601d8c6263ace2a973a5 -> a9d4be556104ff54e7d240529b3e01dc
  custom:video-decoder-ogg-theora: a1e56fd34408186e4bbccfd4996cb3dc -> 
  custom:scripting/monoscript/fileName/TMP_TextEventCheck.cs: 7ee93fce990cec7a5b67b504d0259dce -> 13505d917eab5868c435e0c2986dadfa
  custom:scripting/monoscript/fileName/TMP_TextSelector_B.cs: c0db108de9ffc9b6f619f3d00162b1c2 -> ba2be21a7486d37b1011342977a2e49d
  custom:scripting/monoscript/fileName/Benchmark01.cs: 1fef48c763f4be76a973f061699dd041 -> 2d3e2cd961730ab95f139a49a673bace
  custom:framework-win-MediaFoundation: 216162199b28c13a410421893ffa2e32 -> 
  custom:scripting/monoscript/fileName/UI_Manager.cs: 98fe954eecef79af161772dc64f463a1 -> 
  custom:scripting/monoscript/fileName/Benchmark02.cs: 92dcd0c0a469d0c0690d8ca0bfe95e6f -> 5640963252ce70910e726415f869ced6
  custom:scripting/monoscript/fileName/DropdownSample.cs: b4fe7efb027fdd4854f643ad764daa8c -> 0a92251794e5f10400149f96c3c59e5d
  custom:scripting/monoscript/fileName/WarpTextExample.cs: c5431dac938081648a3a3ac553c1029b -> 2663459c266363641981c7d17b698d7f
  custom:CustomObjectIndexerAttribute: 9a22284fe3817be447336de3de66b15e -> 
  custom:container-demuxer-webm: 4f35f7cbe854078d1ac9338744f61a02 -> 
  custom:scripting/monoscript/fileName/MainMenuButton.cs: e28869a6863284e74946ac915bb193f6 -> 
  custom:scripting/monoscript/fileName/ChatController.cs: ff21b89493e3dffcbe018a2cc5a10bae -> 876d5ccae6e345dd5d9450eb0a748f16
  custom:scripting/monoscript/fileName/TextMeshSpawner.cs: c0f20e5855e88374db1098a5acc68df4 -> 76f28e2ddb031571e6ec62b018f65fa8
  custom:scripting/monoscript/fileName/TeleType.cs: c18e16db35615314900dbe198d0144e7 -> 31fa97821c4c70f157ec81d507aa6b62
  custom:scripting/monoscript/fileName/Benchmark04.cs: 86dfb70824307c4cf164687df2489226 -> 32220b148620e52aa81c13a114862bf4
  custom:container-muxer-webm: aa71ff27fc2769a1b78a27578f13a17b -> 
  custom:video-decoder-webm-vp8: 9c59270c3fd7afecdb556c50c9e8de78 -> 
  custom:scripting/monoscript/fileName/TMP_PhoneNumberValidator.cs: b4c1c54136dffeb4e2962027ebaa6b1f -> 7c3049f481e464c6a9a15dee56c3126f
  custom:SearchIndexIgnoredProperties: e643bd26f0fe6173181afceb89e7c659 -> 
  custom:AudioImporter_EditorPlatform: d09bf68614088b80899f8185d706f6e7 -> 
  custom:scripting/monoscript/fileName/EnvMapAnimator.cs: 08e040d459cd881082c0dd5daba5f85c -> 1b4f61c17e4b7283c3ac351aacff9d26
  custom:scripting/monoscript/fileName/ShaderPropAnimator.cs: 88b70bc5bbc15375387323f48f0661cf -> 55ce425812446482e623ff2695c94cb2
  custom:scripting/monoscript/fileName/SimpleScript.cs: dcd92cf7399b0d08e25e4a66ab57e91e -> 454caab0c6c050f29b39d82e1d66d0fa
  custom:scripting/monoscript/fileName/ObjectSpin.cs: b34dd4d17018731600f920d50ca840f7 -> 2b96bb2079dd7fa5108d981627a28e1e
  custom:scripting/monoscript/fileName/CameraController.cs: 8d43c2def3a67efed518259a2232b470 -> 34b6be4e23ce86dc89786916c5983296
  custom:scripting/monoscript/fileName/TMP_TextInfoDebugTool.cs: 7aad42023b6f5112c90650ae13bd6dd8 -> 3f1709cfb2cc628169113a35b5e9be3f
  custom:scripting/monoscript/fileName/TMP_TextSelector_A.cs: 088357b4acdc1e6288d897936d29c8d3 -> 347309a09d56e367b188a6978f75b424
  custom:video-encoder-webm-vp8: eb34c28f22e8b96e1ab97ce403110664 -> 
  custom:audio-decoder-ogg-vorbis: bf7c407c2cedff20999df2af8eb42d56 -> 
  custom:scripting/monoscript/fileName/VertexJitter.cs: 6330f950b41eff6e5970f129864ecd6c -> d27eb5498e48714a66aece98da065133
  custom:scripting/monoscript/fileName/TextConsoleSimulator.cs: f2c8898b26c0cf2b0a1c7d12d99e6769 -> 33fc311abb20b5b0ed8f00e4d86b574e
  custom:scripting/monoscript/fileName/VertexColorCycler.cs: 135fb0ebdaf256193ccc08218c426c64 -> 5f984ca91cf3609293aecc6bc5641572
  custom:scripting/monoscript/fileName/TMP_FrameRateCounter.cs: 8afeb6f0251e063dcfff2bd827f92c62 -> 46f655df8cb483ac5958307137b1585a
  custom:scripting/monoscript/fileName/VertexShakeB.cs: 587e5b2aecc39120c2c9ff69742ce897 -> a6f78c4fcda1a29a1a1c1baefedba9e7
  custom:scripting/monoscript/fileName/TMP_UiFrameRateCounter.cs: 8fa3bcf761bb5076fd90d0361518d59c -> b01021aea19247f14a98ab338907956a
  custom:scripting/monoscript/fileName/TMPro_InstructionOverlay.cs: 194f3617683541355a9c6c8193e87b1c -> b626d2270e6ebd5c4311585c18b58d8d
  custom:scripting/monoscript/fileName/TMP_DigitValidator.cs: 4e5cde653ae28b90ab257e866c94dfce -> ac02af96215ae3951a3cce9e1a8c6085
  custom:audio-encoder-webm-vorbis: bf7c407c2cedff20999df2af8eb42d56 -> 
  custom:scripting/monoscript/fileName/Cube_Controller.cs: acd00592fa72aff7217b78bae7072f77 -> 
  custom:scripting/monoscript/fileName/Benchmark01_UGUI.cs: 52a24b07fcdd062ef495404efdb65870 -> 6148cfe2627b7708298f301788144139
  custom:scripting/precompiled-assembly-types:Assembly-CSharp: 252627b8445d6767445947e474900fe4 -> f39d0e8e1a2bdc72903fb33acfa56b16
  custom:scripting/monoscript/fileName/Benchmark03.cs: 520976d641c2b7cf395e30b045f5a45d -> 17cc87e0529ac71d909a946afb47a274
========================================================================
Received Prepare
Caller must complete domain reload
Begin MonoManager ReloadAssembly
- Loaded All Assemblies, in  0.627 seconds
Native extension for WindowsStandalone target not found
Native extension for Android target not found
Native extension for WebGL target not found
Mono: successfully reloaded assembly
- Finished resetting the current domain, in  1.628 seconds
Domain Reload Profiling: 2255ms
	BeginReloadAssembly (222ms)
		ExecutionOrderSort (0ms)
		DisableScriptedObjects (11ms)
		BackupInstance (0ms)
		ReleaseScriptingObjects (0ms)
		CreateAndSetChildDomain (40ms)
	RebuildCommonClasses (65ms)
	RebuildNativeTypeToScriptingClass (18ms)
	initialDomainReloadingComplete (42ms)
	LoadAllAssembliesAndSetupDomain (280ms)
		LoadAssemblies (371ms)
		RebuildTransferFunctionScriptingTraits (0ms)
		AnalyzeDomain (37ms)
			TypeCache.Refresh (15ms)
				TypeCache.ScanAssembly (1ms)
			ScanForSourceGeneratedMonoScriptInfo (10ms)
			ResolveRequiredComponents (9ms)
	FinalizeReload (1629ms)
		ReleaseScriptCaches (0ms)
		RebuildScriptCaches (0ms)
		SetupLoadedEditorAssemblies (886ms)
			LogAssemblyErrors (0ms)
			InitializePlatformSupportModulesInManaged (30ms)
			SetLoadedEditorAssemblies (9ms)
			RefreshPlugins (0ms)
			BeforeProcessingInitializeOnLoad (110ms)
			ProcessInitializeOnLoadAttributes (720ms)
			ProcessInitializeOnLoadMethodAttributes (16ms)
			AfterProcessingInitializeOnLoad (2ms)
			EditorAssembliesLoaded (0ms)
		ExecutionOrderSort2 (0ms)
		AwakeInstancesAfterBackupRestoration (6ms)
Refreshing native plugins compatible for Editor in 4.14 ms, found 6 plugins.
Preloading 0 native plugins for Editor in 0.00 ms.
Unloading 3345 Unused Serialized files (Serialized files now loaded: 0)
Unloading 14 unused Assets / (28.5 KB). Loaded Objects now: 4050.
Memory consumption went from 129.2 MB to 129.2 MB.
Total: 7.016600 ms (FindLiveObjects: 0.530300 ms CreateObjectMapping: 0.216400 ms MarkObjects: 6.185900 ms  DeleteObjects: 0.082300 ms)

Prepare: number of updated asset objects reloaded= 0
AssetImportParameters requested are different than current active one (requested -> active):
  custom:scripting/monoscript/fileName/SkewTextExample.cs: f96859e31fd6dde308d9dc2a2488dcff -> c142d02d70a129e0533975f7c2f96956
  custom:container-demuxer-ogg: 62fdf1f143b41e24485cea50d1cbac27 -> 
  custom:scripting/monoscript/fileName/TMP_TextEventHandler.cs: d0f86a17d6fd3e9995db934eaaf34f18 -> f5cd9d5a43bfefc8f4fec80e6de896a4
  custom:scripting/monoscript/fileName/TextMeshProFloatingText.cs: 5a37842f75734e7729f89af9a8145a1a -> 92608fa4a6315cd0786d82205e77b697
  custom:scripting/monoscript/fileName/VertexZoom.cs: 2da4737d79388c0362c64482e9ee50d2 -> 650ab1e81d40126e3edcf737cce646e4
  custom:video-codec-MediaFoundation-h265: 746d11721c4dcdbdad8f713fa42b33f4 -> 
  custom:scripting/monoscript/fileName/VertexShakeA.cs: 16900906a98712c9660b9823af1f2500 -> 63ec564c588058369499638dd899e05b
  custom:scripting/monoscript/fileName/TMP_ExampleScript_01.cs: 59997facf165601d8c6263ace2a973a5 -> a9d4be556104ff54e7d240529b3e01dc
  custom:video-decoder-ogg-theora: a1e56fd34408186e4bbccfd4996cb3dc -> 
  custom:scripting/monoscript/fileName/TMP_TextEventCheck.cs: 7ee93fce990cec7a5b67b504d0259dce -> 13505d917eab5868c435e0c2986dadfa
  custom:scripting/monoscript/fileName/TMP_TextSelector_B.cs: c0db108de9ffc9b6f619f3d00162b1c2 -> ba2be21a7486d37b1011342977a2e49d
  custom:scripting/monoscript/fileName/Benchmark01.cs: 1fef48c763f4be76a973f061699dd041 -> 2d3e2cd961730ab95f139a49a673bace
  custom:framework-win-MediaFoundation: 216162199b28c13a410421893ffa2e32 -> 
  custom:scripting/monoscript/fileName/UI_Manager.cs: 98fe954eecef79af161772dc64f463a1 -> 
  custom:scripting/monoscript/fileName/Benchmark02.cs: 92dcd0c0a469d0c0690d8ca0bfe95e6f -> 5640963252ce70910e726415f869ced6
  custom:scripting/monoscript/fileName/DropdownSample.cs: b4fe7efb027fdd4854f643ad764daa8c -> 0a92251794e5f10400149f96c3c59e5d
  custom:scripting/monoscript/fileName/WarpTextExample.cs: c5431dac938081648a3a3ac553c1029b -> 2663459c266363641981c7d17b698d7f
  custom:CustomObjectIndexerAttribute: 9a22284fe3817be447336de3de66b15e -> 
  custom:container-demuxer-webm: 4f35f7cbe854078d1ac9338744f61a02 -> 
  custom:scripting/monoscript/fileName/MainMenuButton.cs: e28869a6863284e74946ac915bb193f6 -> 
  custom:scripting/monoscript/fileName/ChatController.cs: ff21b89493e3dffcbe018a2cc5a10bae -> 876d5ccae6e345dd5d9450eb0a748f16
  custom:scripting/monoscript/fileName/TextMeshSpawner.cs: c0f20e5855e88374db1098a5acc68df4 -> 76f28e2ddb031571e6ec62b018f65fa8
  custom:scripting/monoscript/fileName/TeleType.cs: c18e16db35615314900dbe198d0144e7 -> 31fa97821c4c70f157ec81d507aa6b62
  custom:scripting/monoscript/fileName/Benchmark04.cs: 86dfb70824307c4cf164687df2489226 -> 32220b148620e52aa81c13a114862bf4
  custom:container-muxer-webm: aa71ff27fc2769a1b78a27578f13a17b -> 
  custom:video-decoder-webm-vp8: 9c59270c3fd7afecdb556c50c9e8de78 -> 
  custom:scripting/monoscript/fileName/TMP_PhoneNumberValidator.cs: b4c1c54136dffeb4e2962027ebaa6b1f -> 7c3049f481e464c6a9a15dee56c3126f
  custom:SearchIndexIgnoredProperties: e643bd26f0fe6173181afceb89e7c659 -> 
  custom:AudioImporter_EditorPlatform: d09bf68614088b80899f8185d706f6e7 -> 
  custom:scripting/monoscript/fileName/EnvMapAnimator.cs: 08e040d459cd881082c0dd5daba5f85c -> 1b4f61c17e4b7283c3ac351aacff9d26
  custom:scripting/monoscript/fileName/ShaderPropAnimator.cs: 88b70bc5bbc15375387323f48f0661cf -> 55ce425812446482e623ff2695c94cb2
  custom:scripting/monoscript/fileName/SimpleScript.cs: dcd92cf7399b0d08e25e4a66ab57e91e -> 454caab0c6c050f29b39d82e1d66d0fa
  custom:scripting/monoscript/fileName/ObjectSpin.cs: b34dd4d17018731600f920d50ca840f7 -> 2b96bb2079dd7fa5108d981627a28e1e
  custom:scripting/monoscript/fileName/CameraController.cs: 8d43c2def3a67efed518259a2232b470 -> 34b6be4e23ce86dc89786916c5983296
  custom:scripting/monoscript/fileName/TMP_TextInfoDebugTool.cs: 7aad42023b6f5112c90650ae13bd6dd8 -> 3f1709cfb2cc628169113a35b5e9be3f
  custom:scripting/monoscript/fileName/TMP_TextSelector_A.cs: 088357b4acdc1e6288d897936d29c8d3 -> 347309a09d56e367b188a6978f75b424
  custom:video-encoder-webm-vp8: eb34c28f22e8b96e1ab97ce403110664 -> 
  custom:audio-decoder-ogg-vorbis: bf7c407c2cedff20999df2af8eb42d56 -> 
  custom:scripting/monoscript/fileName/VertexJitter.cs: 6330f950b41eff6e5970f129864ecd6c -> d27eb5498e48714a66aece98da065133
  custom:scripting/monoscript/fileName/TextConsoleSimulator.cs: f2c8898b26c0cf2b0a1c7d12d99e6769 -> 33fc311abb20b5b0ed8f00e4d86b574e
  custom:scripting/monoscript/fileName/VertexColorCycler.cs: 135fb0ebdaf256193ccc08218c426c64 -> 5f984ca91cf3609293aecc6bc5641572
  custom:scripting/monoscript/fileName/TMP_FrameRateCounter.cs: 8afeb6f0251e063dcfff2bd827f92c62 -> 46f655df8cb483ac5958307137b1585a
  custom:scripting/monoscript/fileName/VertexShakeB.cs: 587e5b2aecc39120c2c9ff69742ce897 -> a6f78c4fcda1a29a1a1c1baefedba9e7
  custom:scripting/monoscript/fileName/TMP_UiFrameRateCounter.cs: 8fa3bcf761bb5076fd90d0361518d59c -> b01021aea19247f14a98ab338907956a
  custom:scripting/monoscript/fileName/TMPro_InstructionOverlay.cs: 194f3617683541355a9c6c8193e87b1c -> b626d2270e6ebd5c4311585c18b58d8d
  custom:scripting/monoscript/fileName/TMP_DigitValidator.cs: 4e5cde653ae28b90ab257e866c94dfce -> ac02af96215ae3951a3cce9e1a8c6085
  custom:audio-encoder-webm-vorbis: bf7c407c2cedff20999df2af8eb42d56 -> 
  custom:scripting/monoscript/fileName/Cube_Controller.cs: acd00592fa72aff7217b78bae7072f77 -> 
  custom:scripting/monoscript/fileName/Benchmark01_UGUI.cs: 52a24b07fcdd062ef495404efdb65870 -> 6148cfe2627b7708298f301788144139
  custom:scripting/precompiled-assembly-types:Assembly-CSharp: 252627b8445d6767445947e474900fe4 -> f39d0e8e1a2bdc72903fb33acfa56b16
  custom:scripting/monoscript/fileName/Benchmark03.cs: 520976d641c2b7cf395e30b045f5a45d -> 17cc87e0529ac71d909a946afb47a274
========================================================================
Received Prepare
Caller must complete domain reload
Begin MonoManager ReloadAssembly
- Loaded All Assemblies, in  0.350 seconds
Native extension for WindowsStandalone target not found
Native extension for Android target not found
Native extension for WebGL target not found
Mono: successfully reloaded assembly
- Finished resetting the current domain, in  0.936 seconds
Domain Reload Profiling: 1286ms
	BeginReloadAssembly (137ms)
		ExecutionOrderSort (0ms)
		DisableScriptedObjects (5ms)
		BackupInstance (0ms)
		ReleaseScriptingObjects (0ms)
		CreateAndSetChildDomain (30ms)
	RebuildCommonClasses (27ms)
	RebuildNativeTypeToScriptingClass (8ms)
	initialDomainReloadingComplete (21ms)
	LoadAllAssembliesAndSetupDomain (156ms)
		LoadAssemblies (215ms)
		RebuildTransferFunctionScriptingTraits (0ms)
		AnalyzeDomain (12ms)
			TypeCache.Refresh (5ms)
				TypeCache.ScanAssembly (0ms)
			ScanForSourceGeneratedMonoScriptInfo (0ms)
			ResolveRequiredComponents (5ms)
	FinalizeReload (937ms)
		ReleaseScriptCaches (0ms)
		RebuildScriptCaches (0ms)
		SetupLoadedEditorAssemblies (527ms)
			LogAssemblyErrors (0ms)
			InitializePlatformSupportModulesInManaged (16ms)
			SetLoadedEditorAssemblies (4ms)
			RefreshPlugins (0ms)
			BeforeProcessingInitializeOnLoad (53ms)
			ProcessInitializeOnLoadAttributes (428ms)
			ProcessInitializeOnLoadMethodAttributes (23ms)
			AfterProcessingInitializeOnLoad (2ms)
			EditorAssembliesLoaded (0ms)
		ExecutionOrderSort2 (0ms)
		AwakeInstancesAfterBackupRestoration (7ms)
Refreshing native plugins compatible for Editor in 4.77 ms, found 6 plugins.
Preloading 0 native plugins for Editor in 0.00 ms.
Unloading 3345 Unused Serialized files (Serialized files now loaded: 0)
Unloading 14 unused Assets / (28.5 KB). Loaded Objects now: 4053.
Memory consumption went from 129.2 MB to 129.2 MB.
Total: 5.909400 ms (FindLiveObjects: 0.553300 ms CreateObjectMapping: 0.201100 ms MarkObjects: 5.077000 ms  DeleteObjects: 0.076600 ms)

Prepare: number of updated asset objects reloaded= 0
AssetImportParameters requested are different than current active one (requested -> active):
  custom:scripting/monoscript/fileName/SkewTextExample.cs: f96859e31fd6dde308d9dc2a2488dcff -> c142d02d70a129e0533975f7c2f96956
  custom:container-demuxer-ogg: 62fdf1f143b41e24485cea50d1cbac27 -> 
  custom:scripting/monoscript/fileName/TMP_TextEventHandler.cs: d0f86a17d6fd3e9995db934eaaf34f18 -> f5cd9d5a43bfefc8f4fec80e6de896a4
  custom:scripting/monoscript/fileName/TextMeshProFloatingText.cs: 5a37842f75734e7729f89af9a8145a1a -> 92608fa4a6315cd0786d82205e77b697
  custom:scripting/monoscript/fileName/VertexZoom.cs: 2da4737d79388c0362c64482e9ee50d2 -> 650ab1e81d40126e3edcf737cce646e4
  custom:video-codec-MediaFoundation-h265: 746d11721c4dcdbdad8f713fa42b33f4 -> 
  custom:scripting/monoscript/fileName/VertexShakeA.cs: 16900906a98712c9660b9823af1f2500 -> 63ec564c588058369499638dd899e05b
  custom:scripting/monoscript/fileName/TMP_ExampleScript_01.cs: 59997facf165601d8c6263ace2a973a5 -> a9d4be556104ff54e7d240529b3e01dc
  custom:video-decoder-ogg-theora: a1e56fd34408186e4bbccfd4996cb3dc -> 
  custom:scripting/monoscript/fileName/TMP_TextEventCheck.cs: 7ee93fce990cec7a5b67b504d0259dce -> 13505d917eab5868c435e0c2986dadfa
  custom:scripting/monoscript/fileName/TMP_TextSelector_B.cs: c0db108de9ffc9b6f619f3d00162b1c2 -> ba2be21a7486d37b1011342977a2e49d
  custom:scripting/monoscript/fileName/Benchmark01.cs: 1fef48c763f4be76a973f061699dd041 -> 2d3e2cd961730ab95f139a49a673bace
  custom:framework-win-MediaFoundation: 216162199b28c13a410421893ffa2e32 -> 
  custom:scripting/monoscript/fileName/UI_Manager.cs: 98fe954eecef79af161772dc64f463a1 -> 
  custom:scripting/monoscript/fileName/Benchmark02.cs: 92dcd0c0a469d0c0690d8ca0bfe95e6f -> 5640963252ce70910e726415f869ced6
  custom:scripting/monoscript/fileName/DropdownSample.cs: b4fe7efb027fdd4854f643ad764daa8c -> 0a92251794e5f10400149f96c3c59e5d
  custom:scripting/monoscript/fileName/WarpTextExample.cs: c5431dac938081648a3a3ac553c1029b -> 2663459c266363641981c7d17b698d7f
  custom:CustomObjectIndexerAttribute: 9a22284fe3817be447336de3de66b15e -> 
  custom:container-demuxer-webm: 4f35f7cbe854078d1ac9338744f61a02 -> 
  custom:scripting/monoscript/fileName/MainMenuButton.cs: e28869a6863284e74946ac915bb193f6 -> 
  custom:scripting/monoscript/fileName/ChatController.cs: ff21b89493e3dffcbe018a2cc5a10bae -> 876d5ccae6e345dd5d9450eb0a748f16
  custom:scripting/monoscript/fileName/TextMeshSpawner.cs: c0f20e5855e88374db1098a5acc68df4 -> 76f28e2ddb031571e6ec62b018f65fa8
  custom:scripting/monoscript/fileName/TeleType.cs: c18e16db35615314900dbe198d0144e7 -> 31fa97821c4c70f157ec81d507aa6b62
  custom:scripting/monoscript/fileName/Benchmark04.cs: 86dfb70824307c4cf164687df2489226 -> 32220b148620e52aa81c13a114862bf4
  custom:container-muxer-webm: aa71ff27fc2769a1b78a27578f13a17b -> 
  custom:video-decoder-webm-vp8: 9c59270c3fd7afecdb556c50c9e8de78 -> 
  custom:scripting/monoscript/fileName/TMP_PhoneNumberValidator.cs: b4c1c54136dffeb4e2962027ebaa6b1f -> 7c3049f481e464c6a9a15dee56c3126f
  custom:SearchIndexIgnoredProperties: e643bd26f0fe6173181afceb89e7c659 -> 
  custom:AudioImporter_EditorPlatform: d09bf68614088b80899f8185d706f6e7 -> 
  custom:scripting/monoscript/fileName/EnvMapAnimator.cs: 08e040d459cd881082c0dd5daba5f85c -> 1b4f61c17e4b7283c3ac351aacff9d26
  custom:scripting/monoscript/fileName/ShaderPropAnimator.cs: 88b70bc5bbc15375387323f48f0661cf -> 55ce425812446482e623ff2695c94cb2
  custom:scripting/monoscript/fileName/SimpleScript.cs: dcd92cf7399b0d08e25e4a66ab57e91e -> 454caab0c6c050f29b39d82e1d66d0fa
  custom:scripting/monoscript/fileName/ObjectSpin.cs: b34dd4d17018731600f920d50ca840f7 -> 2b96bb2079dd7fa5108d981627a28e1e
  custom:scripting/monoscript/fileName/CameraController.cs: 8d43c2def3a67efed518259a2232b470 -> 34b6be4e23ce86dc89786916c5983296
  custom:scripting/monoscript/fileName/TMP_TextInfoDebugTool.cs: 7aad42023b6f5112c90650ae13bd6dd8 -> 3f1709cfb2cc628169113a35b5e9be3f
  custom:scripting/monoscript/fileName/TMP_TextSelector_A.cs: 088357b4acdc1e6288d897936d29c8d3 -> 347309a09d56e367b188a6978f75b424
  custom:video-encoder-webm-vp8: eb34c28f22e8b96e1ab97ce403110664 -> 
  custom:audio-decoder-ogg-vorbis: bf7c407c2cedff20999df2af8eb42d56 -> 
  custom:scripting/monoscript/fileName/VertexJitter.cs: 6330f950b41eff6e5970f129864ecd6c -> d27eb5498e48714a66aece98da065133
  custom:scripting/monoscript/fileName/TextConsoleSimulator.cs: f2c8898b26c0cf2b0a1c7d12d99e6769 -> 33fc311abb20b5b0ed8f00e4d86b574e
  custom:scripting/monoscript/fileName/VertexColorCycler.cs: 135fb0ebdaf256193ccc08218c426c64 -> 5f984ca91cf3609293aecc6bc5641572
  custom:scripting/monoscript/fileName/TMP_FrameRateCounter.cs: 8afeb6f0251e063dcfff2bd827f92c62 -> 46f655df8cb483ac5958307137b1585a
  custom:scripting/monoscript/fileName/VertexShakeB.cs: 587e5b2aecc39120c2c9ff69742ce897 -> a6f78c4fcda1a29a1a1c1baefedba9e7
  custom:scripting/monoscript/fileName/TMP_UiFrameRateCounter.cs: 8fa3bcf761bb5076fd90d0361518d59c -> b01021aea19247f14a98ab338907956a
  custom:scripting/monoscript/fileName/TMPro_InstructionOverlay.cs: 194f3617683541355a9c6c8193e87b1c -> b626d2270e6ebd5c4311585c18b58d8d
  custom:scripting/monoscript/fileName/TMP_DigitValidator.cs: 4e5cde653ae28b90ab257e866c94dfce -> ac02af96215ae3951a3cce9e1a8c6085
  custom:audio-encoder-webm-vorbis: bf7c407c2cedff20999df2af8eb42d56 -> 
  custom:scripting/monoscript/fileName/Cube_Controller.cs: acd00592fa72aff7217b78bae7072f77 -> 
  custom:scripting/monoscript/fileName/Benchmark01_UGUI.cs: 52a24b07fcdd062ef495404efdb65870 -> 6148cfe2627b7708298f301788144139
  custom:scripting/precompiled-assembly-types:Assembly-CSharp: 252627b8445d6767445947e474900fe4 -> f39d0e8e1a2bdc72903fb33acfa56b16
  custom:scripting/monoscript/fileName/Benchmark03.cs: 520976d641c2b7cf395e30b045f5a45d -> 17cc87e0529ac71d909a946afb47a274
========================================================================
Received Prepare
Caller must complete domain reload
Begin MonoManager ReloadAssembly
- Loaded All Assemblies, in  0.338 seconds
Native extension for WindowsStandalone target not found
Native extension for Android target not found
Native extension for WebGL target not found
Mono: successfully reloaded assembly
- Finished resetting the current domain, in  0.896 seconds
Domain Reload Profiling: 1235ms
	BeginReloadAssembly (129ms)
		ExecutionOrderSort (0ms)
		DisableScriptedObjects (5ms)
		BackupInstance (0ms)
		ReleaseScriptingObjects (0ms)
		CreateAndSetChildDomain (28ms)
	RebuildCommonClasses (27ms)
	RebuildNativeTypeToScriptingClass (8ms)
	initialDomainReloadingComplete (22ms)
	LoadAllAssembliesAndSetupDomain (151ms)
		LoadAssemblies (210ms)
		RebuildTransferFunctionScriptingTraits (0ms)
		AnalyzeDomain (12ms)
			TypeCache.Refresh (5ms)
				TypeCache.ScanAssembly (0ms)
			ScanForSourceGeneratedMonoScriptInfo (0ms)
			ResolveRequiredComponents (5ms)
	FinalizeReload (897ms)
		ReleaseScriptCaches (0ms)
		RebuildScriptCaches (0ms)
		SetupLoadedEditorAssemblies (505ms)
			LogAssemblyErrors (0ms)
			InitializePlatformSupportModulesInManaged (16ms)
			SetLoadedEditorAssemblies (4ms)
			RefreshPlugins (0ms)
			BeforeProcessingInitializeOnLoad (52ms)
			ProcessInitializeOnLoadAttributes (414ms)
			ProcessInitializeOnLoadMethodAttributes (17ms)
			AfterProcessingInitializeOnLoad (2ms)
			EditorAssembliesLoaded (0ms)
		ExecutionOrderSort2 (0ms)
		AwakeInstancesAfterBackupRestoration (6ms)
Refreshing native plugins compatible for Editor in 5.14 ms, found 6 plugins.
Preloading 0 native plugins for Editor in 0.00 ms.
Unloading 3345 Unused Serialized files (Serialized files now loaded: 0)
Unloading 14 unused Assets / (28.5 KB). Loaded Objects now: 4056.
Memory consumption went from 129.2 MB to 129.2 MB.
Total: 6.807900 ms (FindLiveObjects: 0.514300 ms CreateObjectMapping: 0.506600 ms MarkObjects: 5.688300 ms  DeleteObjects: 0.097800 ms)

Prepare: number of updated asset objects reloaded= 0
AssetImportParameters requested are different than current active one (requested -> active):
  custom:scripting/monoscript/fileName/SkewTextExample.cs: f96859e31fd6dde308d9dc2a2488dcff -> c142d02d70a129e0533975f7c2f96956
  custom:container-demuxer-ogg: 62fdf1f143b41e24485cea50d1cbac27 -> 
  custom:scripting/monoscript/fileName/TMP_TextEventHandler.cs: d0f86a17d6fd3e9995db934eaaf34f18 -> f5cd9d5a43bfefc8f4fec80e6de896a4
  custom:scripting/monoscript/fileName/TextMeshProFloatingText.cs: 5a37842f75734e7729f89af9a8145a1a -> 92608fa4a6315cd0786d82205e77b697
  custom:scripting/monoscript/fileName/VertexZoom.cs: 2da4737d79388c0362c64482e9ee50d2 -> 650ab1e81d40126e3edcf737cce646e4
  custom:video-codec-MediaFoundation-h265: 746d11721c4dcdbdad8f713fa42b33f4 -> 
  custom:scripting/monoscript/fileName/VertexShakeA.cs: 16900906a98712c9660b9823af1f2500 -> 63ec564c588058369499638dd899e05b
  custom:scripting/monoscript/fileName/TMP_ExampleScript_01.cs: 59997facf165601d8c6263ace2a973a5 -> a9d4be556104ff54e7d240529b3e01dc
  custom:video-decoder-ogg-theora: a1e56fd34408186e4bbccfd4996cb3dc -> 
  custom:scripting/monoscript/fileName/TMP_TextEventCheck.cs: 7ee93fce990cec7a5b67b504d0259dce -> 13505d917eab5868c435e0c2986dadfa
  custom:scripting/monoscript/fileName/TMP_TextSelector_B.cs: c0db108de9ffc9b6f619f3d00162b1c2 -> ba2be21a7486d37b1011342977a2e49d
  custom:scripting/monoscript/fileName/Benchmark01.cs: 1fef48c763f4be76a973f061699dd041 -> 2d3e2cd961730ab95f139a49a673bace
  custom:framework-win-MediaFoundation: 216162199b28c13a410421893ffa2e32 -> 
  custom:scripting/monoscript/fileName/UI_Manager.cs: 98fe954eecef79af161772dc64f463a1 -> 
  custom:scripting/monoscript/fileName/Benchmark02.cs: 92dcd0c0a469d0c0690d8ca0bfe95e6f -> 5640963252ce70910e726415f869ced6
  custom:scripting/monoscript/fileName/DropdownSample.cs: b4fe7efb027fdd4854f643ad764daa8c -> 0a92251794e5f10400149f96c3c59e5d
  custom:scripting/monoscript/fileName/WarpTextExample.cs: c5431dac938081648a3a3ac553c1029b -> 2663459c266363641981c7d17b698d7f
  custom:CustomObjectIndexerAttribute: 9a22284fe3817be447336de3de66b15e -> 
  custom:container-demuxer-webm: 4f35f7cbe854078d1ac9338744f61a02 -> 
  custom:scripting/monoscript/fileName/MainMenuButton.cs: e28869a6863284e74946ac915bb193f6 -> 
  custom:scripting/monoscript/fileName/ChatController.cs: ff21b89493e3dffcbe018a2cc5a10bae -> 876d5ccae6e345dd5d9450eb0a748f16
  custom:scripting/monoscript/fileName/TextMeshSpawner.cs: c0f20e5855e88374db1098a5acc68df4 -> 76f28e2ddb031571e6ec62b018f65fa8
  custom:scripting/monoscript/fileName/TeleType.cs: c18e16db35615314900dbe198d0144e7 -> 31fa97821c4c70f157ec81d507aa6b62
  custom:scripting/monoscript/fileName/Benchmark04.cs: 86dfb70824307c4cf164687df2489226 -> 32220b148620e52aa81c13a114862bf4
  custom:container-muxer-webm: aa71ff27fc2769a1b78a27578f13a17b -> 
  custom:video-decoder-webm-vp8: 9c59270c3fd7afecdb556c50c9e8de78 -> 
  custom:scripting/monoscript/fileName/TMP_PhoneNumberValidator.cs: b4c1c54136dffeb4e2962027ebaa6b1f -> 7c3049f481e464c6a9a15dee56c3126f
  custom:SearchIndexIgnoredProperties: e643bd26f0fe6173181afceb89e7c659 -> 
  custom:AudioImporter_EditorPlatform: d09bf68614088b80899f8185d706f6e7 -> 
  custom:scripting/monoscript/fileName/EnvMapAnimator.cs: 08e040d459cd881082c0dd5daba5f85c -> 1b4f61c17e4b7283c3ac351aacff9d26
  custom:scripting/monoscript/fileName/ShaderPropAnimator.cs: 88b70bc5bbc15375387323f48f0661cf -> 55ce425812446482e623ff2695c94cb2
  custom:scripting/monoscript/fileName/SimpleScript.cs: dcd92cf7399b0d08e25e4a66ab57e91e -> 454caab0c6c050f29b39d82e1d66d0fa
  custom:scripting/monoscript/fileName/ObjectSpin.cs: b34dd4d17018731600f920d50ca840f7 -> 2b96bb2079dd7fa5108d981627a28e1e
  custom:scripting/monoscript/fileName/CameraController.cs: 8d43c2def3a67efed518259a2232b470 -> 34b6be4e23ce86dc89786916c5983296
  custom:scripting/monoscript/fileName/TMP_TextInfoDebugTool.cs: 7aad42023b6f5112c90650ae13bd6dd8 -> 3f1709cfb2cc628169113a35b5e9be3f
  custom:scripting/monoscript/fileName/TMP_TextSelector_A.cs: 088357b4acdc1e6288d897936d29c8d3 -> 347309a09d56e367b188a6978f75b424
  custom:video-encoder-webm-vp8: eb34c28f22e8b96e1ab97ce403110664 -> 
  custom:audio-decoder-ogg-vorbis: bf7c407c2cedff20999df2af8eb42d56 -> 
  custom:scripting/monoscript/fileName/VertexJitter.cs: 6330f950b41eff6e5970f129864ecd6c -> d27eb5498e48714a66aece98da065133
  custom:scripting/monoscript/fileName/TextConsoleSimulator.cs: f2c8898b26c0cf2b0a1c7d12d99e6769 -> 33fc311abb20b5b0ed8f00e4d86b574e
  custom:scripting/monoscript/fileName/VertexColorCycler.cs: 135fb0ebdaf256193ccc08218c426c64 -> 5f984ca91cf3609293aecc6bc5641572
  custom:scripting/monoscript/fileName/TMP_FrameRateCounter.cs: 8afeb6f0251e063dcfff2bd827f92c62 -> 46f655df8cb483ac5958307137b1585a
  custom:scripting/monoscript/fileName/VertexShakeB.cs: 587e5b2aecc39120c2c9ff69742ce897 -> a6f78c4fcda1a29a1a1c1baefedba9e7
  custom:scripting/monoscript/fileName/TMP_UiFrameRateCounter.cs: 8fa3bcf761bb5076fd90d0361518d59c -> b01021aea19247f14a98ab338907956a
  custom:scripting/monoscript/fileName/TMPro_InstructionOverlay.cs: 194f3617683541355a9c6c8193e87b1c -> b626d2270e6ebd5c4311585c18b58d8d
  custom:scripting/monoscript/fileName/TMP_DigitValidator.cs: 4e5cde653ae28b90ab257e866c94dfce -> ac02af96215ae3951a3cce9e1a8c6085
  custom:audio-encoder-webm-vorbis: bf7c407c2cedff20999df2af8eb42d56 -> 
  custom:scripting/monoscript/fileName/Cube_Controller.cs: acd00592fa72aff7217b78bae7072f77 -> 
  custom:scripting/monoscript/fileName/Benchmark01_UGUI.cs: 52a24b07fcdd062ef495404efdb65870 -> 6148cfe2627b7708298f301788144139
  custom:scripting/precompiled-assembly-types:Assembly-CSharp: 252627b8445d6767445947e474900fe4 -> f39d0e8e1a2bdc72903fb33acfa56b16
  custom:scripting/monoscript/fileName/Benchmark03.cs: 520976d641c2b7cf395e30b045f5a45d -> 17cc87e0529ac71d909a946afb47a274
========================================================================
Received Prepare
Caller must complete domain reload
Begin MonoManager ReloadAssembly
- Loaded All Assemblies, in  0.340 seconds
Native extension for WindowsStandalone target not found
Native extension for Android target not found
Native extension for WebGL target not found
Mono: successfully reloaded assembly
- Finished resetting the current domain, in  0.937 seconds
Domain Reload Profiling: 1278ms
	BeginReloadAssembly (133ms)
		ExecutionOrderSort (0ms)
		DisableScriptedObjects (5ms)
		BackupInstance (0ms)
		ReleaseScriptingObjects (0ms)
		CreateAndSetChildDomain (30ms)
	RebuildCommonClasses (26ms)
	RebuildNativeTypeToScriptingClass (9ms)
	initialDomainReloadingComplete (20ms)
	LoadAllAssembliesAndSetupDomain (152ms)
		LoadAssemblies (213ms)
		RebuildTransferFunctionScriptingTraits (0ms)
		AnalyzeDomain (11ms)
			TypeCache.Refresh (5ms)
				TypeCache.ScanAssembly (0ms)
			ScanForSourceGeneratedMonoScriptInfo (0ms)
			ResolveRequiredComponents (4ms)
	FinalizeReload (938ms)
		ReleaseScriptCaches (0ms)
		RebuildScriptCaches (0ms)
		SetupLoadedEditorAssemblies (542ms)
			LogAssemblyErrors (0ms)
			InitializePlatformSupportModulesInManaged (14ms)
			SetLoadedEditorAssemblies (4ms)
			RefreshPlugins (0ms)
			BeforeProcessingInitializeOnLoad (55ms)
			ProcessInitializeOnLoadAttributes (444ms)
			ProcessInitializeOnLoadMethodAttributes (22ms)
			AfterProcessingInitializeOnLoad (2ms)
			EditorAssembliesLoaded (0ms)
		ExecutionOrderSort2 (0ms)
		AwakeInstancesAfterBackupRestoration (8ms)
Refreshing native plugins compatible for Editor in 6.42 ms, found 6 plugins.
Preloading 0 native plugins for Editor in 0.00 ms.
Unloading 3345 Unused Serialized files (Serialized files now loaded: 0)
Unloading 14 unused Assets / (28.6 KB). Loaded Objects now: 4059.
Memory consumption went from 129.2 MB to 129.2 MB.
Total: 6.660000 ms (FindLiveObjects: 0.725700 ms CreateObjectMapping: 0.294100 ms MarkObjects: 5.555300 ms  DeleteObjects: 0.083500 ms)

Prepare: number of updated asset objects reloaded= 0
AssetImportParameters requested are different than current active one (requested -> active):
  custom:scripting/monoscript/fileName/SkewTextExample.cs: f96859e31fd6dde308d9dc2a2488dcff -> c142d02d70a129e0533975f7c2f96956
  custom:container-demuxer-ogg: 62fdf1f143b41e24485cea50d1cbac27 -> 
  custom:scripting/monoscript/fileName/TMP_TextEventHandler.cs: d0f86a17d6fd3e9995db934eaaf34f18 -> f5cd9d5a43bfefc8f4fec80e6de896a4
  custom:scripting/monoscript/fileName/TextMeshProFloatingText.cs: 5a37842f75734e7729f89af9a8145a1a -> 92608fa4a6315cd0786d82205e77b697
  custom:scripting/monoscript/fileName/VertexZoom.cs: 2da4737d79388c0362c64482e9ee50d2 -> 650ab1e81d40126e3edcf737cce646e4
  custom:video-codec-MediaFoundation-h265: 746d11721c4dcdbdad8f713fa42b33f4 -> 
  custom:scripting/monoscript/fileName/VertexShakeA.cs: 16900906a98712c9660b9823af1f2500 -> 63ec564c588058369499638dd899e05b
  custom:scripting/monoscript/fileName/TMP_ExampleScript_01.cs: 59997facf165601d8c6263ace2a973a5 -> a9d4be556104ff54e7d240529b3e01dc
  custom:video-decoder-ogg-theora: a1e56fd34408186e4bbccfd4996cb3dc -> 
  custom:scripting/monoscript/fileName/TMP_TextEventCheck.cs: 7ee93fce990cec7a5b67b504d0259dce -> 13505d917eab5868c435e0c2986dadfa
  custom:scripting/monoscript/fileName/TMP_TextSelector_B.cs: c0db108de9ffc9b6f619f3d00162b1c2 -> ba2be21a7486d37b1011342977a2e49d
  custom:scripting/monoscript/fileName/Benchmark01.cs: 1fef48c763f4be76a973f061699dd041 -> 2d3e2cd961730ab95f139a49a673bace
  custom:framework-win-MediaFoundation: 216162199b28c13a410421893ffa2e32 -> 
  custom:scripting/monoscript/fileName/UI_Manager.cs: 98fe954eecef79af161772dc64f463a1 -> 
  custom:scripting/monoscript/fileName/Benchmark02.cs: 92dcd0c0a469d0c0690d8ca0bfe95e6f -> 5640963252ce70910e726415f869ced6
  custom:scripting/monoscript/fileName/DropdownSample.cs: b4fe7efb027fdd4854f643ad764daa8c -> 0a92251794e5f10400149f96c3c59e5d
  custom:scripting/monoscript/fileName/WarpTextExample.cs: c5431dac938081648a3a3ac553c1029b -> 2663459c266363641981c7d17b698d7f
  custom:CustomObjectIndexerAttribute: 9a22284fe3817be447336de3de66b15e -> 
  custom:container-demuxer-webm: 4f35f7cbe854078d1ac9338744f61a02 -> 
  custom:scripting/monoscript/fileName/MainMenuButton.cs: e28869a6863284e74946ac915bb193f6 -> 
  custom:scripting/monoscript/fileName/ChatController.cs: ff21b89493e3dffcbe018a2cc5a10bae -> 876d5ccae6e345dd5d9450eb0a748f16
  custom:scripting/monoscript/fileName/TextMeshSpawner.cs: c0f20e5855e88374db1098a5acc68df4 -> 76f28e2ddb031571e6ec62b018f65fa8
  custom:scripting/monoscript/fileName/TeleType.cs: c18e16db35615314900dbe198d0144e7 -> 31fa97821c4c70f157ec81d507aa6b62
  custom:scripting/monoscript/fileName/Benchmark04.cs: 86dfb70824307c4cf164687df2489226 -> 32220b148620e52aa81c13a114862bf4
  custom:container-muxer-webm: aa71ff27fc2769a1b78a27578f13a17b -> 
  custom:video-decoder-webm-vp8: 9c59270c3fd7afecdb556c50c9e8de78 -> 
  custom:scripting/monoscript/fileName/TMP_PhoneNumberValidator.cs: b4c1c54136dffeb4e2962027ebaa6b1f -> 7c3049f481e464c6a9a15dee56c3126f
  custom:SearchIndexIgnoredProperties: e643bd26f0fe6173181afceb89e7c659 -> 
  custom:AudioImporter_EditorPlatform: d09bf68614088b80899f8185d706f6e7 -> 
  custom:scripting/monoscript/fileName/EnvMapAnimator.cs: 08e040d459cd881082c0dd5daba5f85c -> 1b4f61c17e4b7283c3ac351aacff9d26
  custom:scripting/monoscript/fileName/ShaderPropAnimator.cs: 88b70bc5bbc15375387323f48f0661cf -> 55ce425812446482e623ff2695c94cb2
  custom:scripting/monoscript/fileName/SimpleScript.cs: dcd92cf7399b0d08e25e4a66ab57e91e -> 454caab0c6c050f29b39d82e1d66d0fa
  custom:scripting/monoscript/fileName/ObjectSpin.cs: b34dd4d17018731600f920d50ca840f7 -> 2b96bb2079dd7fa5108d981627a28e1e
  custom:scripting/monoscript/fileName/CameraController.cs: 8d43c2def3a67efed518259a2232b470 -> 34b6be4e23ce86dc89786916c5983296
  custom:scripting/monoscript/fileName/TMP_TextInfoDebugTool.cs: 7aad42023b6f5112c90650ae13bd6dd8 -> 3f1709cfb2cc628169113a35b5e9be3f
  custom:scripting/monoscript/fileName/TMP_TextSelector_A.cs: 088357b4acdc1e6288d897936d29c8d3 -> 347309a09d56e367b188a6978f75b424
  custom:video-encoder-webm-vp8: eb34c28f22e8b96e1ab97ce403110664 -> 
  custom:audio-decoder-ogg-vorbis: bf7c407c2cedff20999df2af8eb42d56 -> 
  custom:scripting/monoscript/fileName/VertexJitter.cs: 6330f950b41eff6e5970f129864ecd6c -> d27eb5498e48714a66aece98da065133
  custom:scripting/monoscript/fileName/TextConsoleSimulator.cs: f2c8898b26c0cf2b0a1c7d12d99e6769 -> 33fc311abb20b5b0ed8f00e4d86b574e
  custom:scripting/monoscript/fileName/VertexColorCycler.cs: 135fb0ebdaf256193ccc08218c426c64 -> 5f984ca91cf3609293aecc6bc5641572
  custom:scripting/monoscript/fileName/TMP_FrameRateCounter.cs: 8afeb6f0251e063dcfff2bd827f92c62 -> 46f655df8cb483ac5958307137b1585a
  custom:scripting/monoscript/fileName/VertexShakeB.cs: 587e5b2aecc39120c2c9ff69742ce897 -> a6f78c4fcda1a29a1a1c1baefedba9e7
  custom:scripting/monoscript/fileName/TMP_UiFrameRateCounter.cs: 8fa3bcf761bb5076fd90d0361518d59c -> b01021aea19247f14a98ab338907956a
  custom:scripting/monoscript/fileName/TMPro_InstructionOverlay.cs: 194f3617683541355a9c6c8193e87b1c -> b626d2270e6ebd5c4311585c18b58d8d
  custom:scripting/monoscript/fileName/TMP_DigitValidator.cs: 4e5cde653ae28b90ab257e866c94dfce -> ac02af96215ae3951a3cce9e1a8c6085
  custom:audio-encoder-webm-vorbis: bf7c407c2cedff20999df2af8eb42d56 -> 
  custom:scripting/monoscript/fileName/Cube_Controller.cs: acd00592fa72aff7217b78bae7072f77 -> 
  custom:scripting/monoscript/fileName/Benchmark01_UGUI.cs: 52a24b07fcdd062ef495404efdb65870 -> 6148cfe2627b7708298f301788144139
  custom:scripting/precompiled-assembly-types:Assembly-CSharp: 252627b8445d6767445947e474900fe4 -> f39d0e8e1a2bdc72903fb33acfa56b16
  custom:scripting/monoscript/fileName/Benchmark03.cs: 520976d641c2b7cf395e30b045f5a45d -> 17cc87e0529ac71d909a946afb47a274
========================================================================
Received Prepare
Caller must complete domain reload
Begin MonoManager ReloadAssembly
- Loaded All Assemblies, in  0.330 seconds
Native extension for WindowsStandalone target not found
Native extension for Android target not found
Native extension for WebGL target not found
Mono: successfully reloaded assembly
- Finished resetting the current domain, in  0.890 seconds
Domain Reload Profiling: 1220ms
	BeginReloadAssembly (129ms)
		ExecutionOrderSort (0ms)
		DisableScriptedObjects (5ms)
		BackupInstance (0ms)
		ReleaseScriptingObjects (0ms)
		CreateAndSetChildDomain (31ms)
	RebuildCommonClasses (26ms)
	RebuildNativeTypeToScriptingClass (8ms)
	initialDomainReloadingComplete (21ms)
	LoadAllAssembliesAndSetupDomain (146ms)
		LoadAssemblies (201ms)
		RebuildTransferFunctionScriptingTraits (0ms)
		AnalyzeDomain (11ms)
			TypeCache.Refresh (5ms)
				TypeCache.ScanAssembly (0ms)
			ScanForSourceGeneratedMonoScriptInfo (0ms)
			ResolveRequiredComponents (5ms)
	FinalizeReload (890ms)
		ReleaseScriptCaches (0ms)
		RebuildScriptCaches (0ms)
		SetupLoadedEditorAssemblies (501ms)
			LogAssemblyErrors (0ms)
			InitializePlatformSupportModulesInManaged (14ms)
			SetLoadedEditorAssemblies (4ms)
			RefreshPlugins (0ms)
			BeforeProcessingInitializeOnLoad (55ms)
			ProcessInitializeOnLoadAttributes (406ms)
			ProcessInitializeOnLoadMethodAttributes (20ms)
			AfterProcessingInitializeOnLoad (2ms)
			EditorAssembliesLoaded (0ms)
		ExecutionOrderSort2 (0ms)
		AwakeInstancesAfterBackupRestoration (6ms)
Refreshing native plugins compatible for Editor in 5.03 ms, found 6 plugins.
Preloading 0 native plugins for Editor in 0.00 ms.
Unloading 3345 Unused Serialized files (Serialized files now loaded: 0)
Unloading 14 unused Assets / (28.5 KB). Loaded Objects now: 4062.
Memory consumption went from 129.2 MB to 129.2 MB.
Total: 6.949400 ms (FindLiveObjects: 0.976700 ms CreateObjectMapping: 0.230000 ms MarkObjects: 5.668000 ms  DeleteObjects: 0.073400 ms)

Prepare: number of updated asset objects reloaded= 0
AssetImportParameters requested are different than current active one (requested -> active):
  custom:scripting/monoscript/fileName/SkewTextExample.cs: f96859e31fd6dde308d9dc2a2488dcff -> c142d02d70a129e0533975f7c2f96956
  custom:container-demuxer-ogg: 62fdf1f143b41e24485cea50d1cbac27 -> 
  custom:scripting/monoscript/fileName/TMP_TextEventHandler.cs: d0f86a17d6fd3e9995db934eaaf34f18 -> f5cd9d5a43bfefc8f4fec80e6de896a4
  custom:scripting/monoscript/fileName/TextMeshProFloatingText.cs: 5a37842f75734e7729f89af9a8145a1a -> 92608fa4a6315cd0786d82205e77b697
  custom:scripting/monoscript/fileName/VertexZoom.cs: 2da4737d79388c0362c64482e9ee50d2 -> 650ab1e81d40126e3edcf737cce646e4
  custom:video-codec-MediaFoundation-h265: 746d11721c4dcdbdad8f713fa42b33f4 -> 
  custom:scripting/monoscript/fileName/VertexShakeA.cs: 16900906a98712c9660b9823af1f2500 -> 63ec564c588058369499638dd899e05b
  custom:scripting/monoscript/fileName/TMP_ExampleScript_01.cs: 59997facf165601d8c6263ace2a973a5 -> a9d4be556104ff54e7d240529b3e01dc
  custom:video-decoder-ogg-theora: a1e56fd34408186e4bbccfd4996cb3dc -> 
  custom:scripting/monoscript/fileName/TMP_TextEventCheck.cs: 7ee93fce990cec7a5b67b504d0259dce -> 13505d917eab5868c435e0c2986dadfa
  custom:scripting/monoscript/fileName/TMP_TextSelector_B.cs: c0db108de9ffc9b6f619f3d00162b1c2 -> ba2be21a7486d37b1011342977a2e49d
  custom:scripting/monoscript/fileName/Benchmark01.cs: 1fef48c763f4be76a973f061699dd041 -> 2d3e2cd961730ab95f139a49a673bace
  custom:framework-win-MediaFoundation: 216162199b28c13a410421893ffa2e32 -> 
  custom:scripting/monoscript/fileName/UI_Manager.cs: 98fe954eecef79af161772dc64f463a1 -> 
  custom:scripting/monoscript/fileName/Benchmark02.cs: 92dcd0c0a469d0c0690d8ca0bfe95e6f -> 5640963252ce70910e726415f869ced6
  custom:scripting/monoscript/fileName/DropdownSample.cs: b4fe7efb027fdd4854f643ad764daa8c -> 0a92251794e5f10400149f96c3c59e5d
  custom:scripting/monoscript/fileName/WarpTextExample.cs: c5431dac938081648a3a3ac553c1029b -> 2663459c266363641981c7d17b698d7f
  custom:CustomObjectIndexerAttribute: 9a22284fe3817be447336de3de66b15e -> 
  custom:container-demuxer-webm: 4f35f7cbe854078d1ac9338744f61a02 -> 
  custom:scripting/monoscript/fileName/MainMenuButton.cs: e28869a6863284e74946ac915bb193f6 -> 
  custom:scripting/monoscript/fileName/ChatController.cs: ff21b89493e3dffcbe018a2cc5a10bae -> 876d5ccae6e345dd5d9450eb0a748f16
  custom:scripting/monoscript/fileName/TextMeshSpawner.cs: c0f20e5855e88374db1098a5acc68df4 -> 76f28e2ddb031571e6ec62b018f65fa8
  custom:scripting/monoscript/fileName/TeleType.cs: c18e16db35615314900dbe198d0144e7 -> 31fa97821c4c70f157ec81d507aa6b62
  custom:scripting/monoscript/fileName/Benchmark04.cs: 86dfb70824307c4cf164687df2489226 -> 32220b148620e52aa81c13a114862bf4
  custom:container-muxer-webm: aa71ff27fc2769a1b78a27578f13a17b -> 
  custom:video-decoder-webm-vp8: 9c59270c3fd7afecdb556c50c9e8de78 -> 
  custom:scripting/monoscript/fileName/TMP_PhoneNumberValidator.cs: b4c1c54136dffeb4e2962027ebaa6b1f -> 7c3049f481e464c6a9a15dee56c3126f
  custom:SearchIndexIgnoredProperties: e643bd26f0fe6173181afceb89e7c659 -> 
  custom:AudioImporter_EditorPlatform: d09bf68614088b80899f8185d706f6e7 -> 
  custom:scripting/monoscript/fileName/EnvMapAnimator.cs: 08e040d459cd881082c0dd5daba5f85c -> 1b4f61c17e4b7283c3ac351aacff9d26
  custom:scripting/monoscript/fileName/ShaderPropAnimator.cs: 88b70bc5bbc15375387323f48f0661cf -> 55ce425812446482e623ff2695c94cb2
  custom:scripting/monoscript/fileName/SimpleScript.cs: dcd92cf7399b0d08e25e4a66ab57e91e -> 454caab0c6c050f29b39d82e1d66d0fa
  custom:scripting/monoscript/fileName/ObjectSpin.cs: b34dd4d17018731600f920d50ca840f7 -> 2b96bb2079dd7fa5108d981627a28e1e
  custom:scripting/monoscript/fileName/CameraController.cs: 8d43c2def3a67efed518259a2232b470 -> 34b6be4e23ce86dc89786916c5983296
  custom:scripting/monoscript/fileName/TMP_TextInfoDebugTool.cs: 7aad42023b6f5112c90650ae13bd6dd8 -> 3f1709cfb2cc628169113a35b5e9be3f
  custom:scripting/monoscript/fileName/TMP_TextSelector_A.cs: 088357b4acdc1e6288d897936d29c8d3 -> 347309a09d56e367b188a6978f75b424
  custom:video-encoder-webm-vp8: eb34c28f22e8b96e1ab97ce403110664 -> 
  custom:audio-decoder-ogg-vorbis: bf7c407c2cedff20999df2af8eb42d56 -> 
  custom:scripting/monoscript/fileName/VertexJitter.cs: 6330f950b41eff6e5970f129864ecd6c -> d27eb5498e48714a66aece98da065133
  custom:scripting/monoscript/fileName/TextConsoleSimulator.cs: f2c8898b26c0cf2b0a1c7d12d99e6769 -> 33fc311abb20b5b0ed8f00e4d86b574e
  custom:scripting/monoscript/fileName/VertexColorCycler.cs: 135fb0ebdaf256193ccc08218c426c64 -> 5f984ca91cf3609293aecc6bc5641572
  custom:scripting/monoscript/fileName/TMP_FrameRateCounter.cs: 8afeb6f0251e063dcfff2bd827f92c62 -> 46f655df8cb483ac5958307137b1585a
  custom:scripting/monoscript/fileName/VertexShakeB.cs: 587e5b2aecc39120c2c9ff69742ce897 -> a6f78c4fcda1a29a1a1c1baefedba9e7
  custom:scripting/monoscript/fileName/TMP_UiFrameRateCounter.cs: 8fa3bcf761bb5076fd90d0361518d59c -> b01021aea19247f14a98ab338907956a
  custom:scripting/monoscript/fileName/TMPro_InstructionOverlay.cs: 194f3617683541355a9c6c8193e87b1c -> b626d2270e6ebd5c4311585c18b58d8d
  custom:scripting/monoscript/fileName/TMP_DigitValidator.cs: 4e5cde653ae28b90ab257e866c94dfce -> ac02af96215ae3951a3cce9e1a8c6085
  custom:audio-encoder-webm-vorbis: bf7c407c2cedff20999df2af8eb42d56 -> 
  custom:scripting/monoscript/fileName/Cube_Controller.cs: acd00592fa72aff7217b78bae7072f77 -> 
  custom:scripting/monoscript/fileName/Benchmark01_UGUI.cs: 52a24b07fcdd062ef495404efdb65870 -> 6148cfe2627b7708298f301788144139
  custom:scripting/precompiled-assembly-types:Assembly-CSharp: 252627b8445d6767445947e474900fe4 -> f39d0e8e1a2bdc72903fb33acfa56b16
  custom:scripting/monoscript/fileName/Benchmark03.cs: 520976d641c2b7cf395e30b045f5a45d -> 17cc87e0529ac71d909a946afb47a274
========================================================================
Received Prepare
Caller must complete domain reload
Begin MonoManager ReloadAssembly
- Loaded All Assemblies, in  0.346 seconds
Native extension for WindowsStandalone target not found
Native extension for Android target not found
Native extension for WebGL target not found
Mono: successfully reloaded assembly
- Finished resetting the current domain, in  0.912 seconds
Domain Reload Profiling: 1258ms
	BeginReloadAssembly (132ms)
		ExecutionOrderSort (0ms)
		DisableScriptedObjects (5ms)
		BackupInstance (0ms)
		ReleaseScriptingObjects (0ms)
		CreateAndSetChildDomain (29ms)
	RebuildCommonClasses (29ms)
	RebuildNativeTypeToScriptingClass (8ms)
	initialDomainReloadingComplete (21ms)
	LoadAllAssembliesAndSetupDomain (156ms)
		LoadAssemblies (216ms)
		RebuildTransferFunctionScriptingTraits (0ms)
		AnalyzeDomain (12ms)
			TypeCache.Refresh (5ms)
				TypeCache.ScanAssembly (0ms)
			ScanForSourceGeneratedMonoScriptInfo (0ms)
			ResolveRequiredComponents (5ms)
	FinalizeReload (912ms)
		ReleaseScriptCaches (0ms)
		RebuildScriptCaches (0ms)
		SetupLoadedEditorAssemblies (522ms)
			LogAssemblyErrors (0ms)
			InitializePlatformSupportModulesInManaged (14ms)
			SetLoadedEditorAssemblies (4ms)
			RefreshPlugins (0ms)
			BeforeProcessingInitializeOnLoad (51ms)
			ProcessInitializeOnLoadAttributes (429ms)
			ProcessInitializeOnLoadMethodAttributes (23ms)
			AfterProcessingInitializeOnLoad (2ms)
			EditorAssembliesLoaded (0ms)
		ExecutionOrderSort2 (0ms)
		AwakeInstancesAfterBackupRestoration (8ms)
Refreshing native plugins compatible for Editor in 5.56 ms, found 6 plugins.
Preloading 0 native plugins for Editor in 0.00 ms.
Unloading 3345 Unused Serialized files (Serialized files now loaded: 0)
Unloading 14 unused Assets / (28.5 KB). Loaded Objects now: 4065.
Memory consumption went from 129.2 MB to 129.2 MB.
Total: 6.215700 ms (FindLiveObjects: 0.529700 ms CreateObjectMapping: 0.177900 ms MarkObjects: 5.431300 ms  DeleteObjects: 0.075600 ms)

Prepare: number of updated asset objects reloaded= 0
AssetImportParameters requested are different than current active one (requested -> active):
  custom:scripting/monoscript/fileName/SkewTextExample.cs: f96859e31fd6dde308d9dc2a2488dcff -> c142d02d70a129e0533975f7c2f96956
  custom:container-demuxer-ogg: 62fdf1f143b41e24485cea50d1cbac27 -> 
  custom:scripting/monoscript/fileName/TMP_TextEventHandler.cs: d0f86a17d6fd3e9995db934eaaf34f18 -> f5cd9d5a43bfefc8f4fec80e6de896a4
  custom:scripting/monoscript/fileName/TextMeshProFloatingText.cs: 5a37842f75734e7729f89af9a8145a1a -> 92608fa4a6315cd0786d82205e77b697
  custom:scripting/monoscript/fileName/VertexZoom.cs: 2da4737d79388c0362c64482e9ee50d2 -> 650ab1e81d40126e3edcf737cce646e4
  custom:video-codec-MediaFoundation-h265: 746d11721c4dcdbdad8f713fa42b33f4 -> 
  custom:scripting/monoscript/fileName/VertexShakeA.cs: 16900906a98712c9660b9823af1f2500 -> 63ec564c588058369499638dd899e05b
  custom:scripting/monoscript/fileName/TMP_ExampleScript_01.cs: 59997facf165601d8c6263ace2a973a5 -> a9d4be556104ff54e7d240529b3e01dc
  custom:video-decoder-ogg-theora: a1e56fd34408186e4bbccfd4996cb3dc -> 
  custom:scripting/monoscript/fileName/TMP_TextEventCheck.cs: 7ee93fce990cec7a5b67b504d0259dce -> 13505d917eab5868c435e0c2986dadfa
  custom:scripting/monoscript/fileName/TMP_TextSelector_B.cs: c0db108de9ffc9b6f619f3d00162b1c2 -> ba2be21a7486d37b1011342977a2e49d
  custom:scripting/monoscript/fileName/Benchmark01.cs: 1fef48c763f4be76a973f061699dd041 -> 2d3e2cd961730ab95f139a49a673bace
  custom:framework-win-MediaFoundation: 216162199b28c13a410421893ffa2e32 -> 
  custom:scripting/monoscript/fileName/UI_Manager.cs: 98fe954eecef79af161772dc64f463a1 -> 
  custom:scripting/monoscript/fileName/Benchmark02.cs: 92dcd0c0a469d0c0690d8ca0bfe95e6f -> 5640963252ce70910e726415f869ced6
  custom:scripting/monoscript/fileName/DropdownSample.cs: b4fe7efb027fdd4854f643ad764daa8c -> 0a92251794e5f10400149f96c3c59e5d
  custom:scripting/monoscript/fileName/WarpTextExample.cs: c5431dac938081648a3a3ac553c1029b -> 2663459c266363641981c7d17b698d7f
  custom:CustomObjectIndexerAttribute: 9a22284fe3817be447336de3de66b15e -> 
  custom:container-demuxer-webm: 4f35f7cbe854078d1ac9338744f61a02 -> 
  custom:scripting/monoscript/fileName/MainMenuButton.cs: e28869a6863284e74946ac915bb193f6 -> 
  custom:scripting/monoscript/fileName/ChatController.cs: ff21b89493e3dffcbe018a2cc5a10bae -> 876d5ccae6e345dd5d9450eb0a748f16
  custom:scripting/monoscript/fileName/TextMeshSpawner.cs: c0f20e5855e88374db1098a5acc68df4 -> 76f28e2ddb031571e6ec62b018f65fa8
  custom:scripting/monoscript/fileName/TeleType.cs: c18e16db35615314900dbe198d0144e7 -> 31fa97821c4c70f157ec81d507aa6b62
  custom:scripting/monoscript/fileName/Benchmark04.cs: 86dfb70824307c4cf164687df2489226 -> 32220b148620e52aa81c13a114862bf4
  custom:container-muxer-webm: aa71ff27fc2769a1b78a27578f13a17b -> 
  custom:video-decoder-webm-vp8: 9c59270c3fd7afecdb556c50c9e8de78 -> 
  custom:scripting/monoscript/fileName/TMP_PhoneNumberValidator.cs: b4c1c54136dffeb4e2962027ebaa6b1f -> 7c3049f481e464c6a9a15dee56c3126f
  custom:SearchIndexIgnoredProperties: e643bd26f0fe6173181afceb89e7c659 -> 
  custom:AudioImporter_EditorPlatform: d09bf68614088b80899f8185d706f6e7 -> 
  custom:scripting/monoscript/fileName/EnvMapAnimator.cs: 08e040d459cd881082c0dd5daba5f85c -> 1b4f61c17e4b7283c3ac351aacff9d26
  custom:scripting/monoscript/fileName/ShaderPropAnimator.cs: 88b70bc5bbc15375387323f48f0661cf -> 55ce425812446482e623ff2695c94cb2
  custom:scripting/monoscript/fileName/SimpleScript.cs: dcd92cf7399b0d08e25e4a66ab57e91e -> 454caab0c6c050f29b39d82e1d66d0fa
  custom:scripting/monoscript/fileName/ObjectSpin.cs: b34dd4d17018731600f920d50ca840f7 -> 2b96bb2079dd7fa5108d981627a28e1e
  custom:scripting/monoscript/fileName/CameraController.cs: 8d43c2def3a67efed518259a2232b470 -> 34b6be4e23ce86dc89786916c5983296
  custom:scripting/monoscript/fileName/TMP_TextInfoDebugTool.cs: 7aad42023b6f5112c90650ae13bd6dd8 -> 3f1709cfb2cc628169113a35b5e9be3f
  custom:scripting/monoscript/fileName/TMP_TextSelector_A.cs: 088357b4acdc1e6288d897936d29c8d3 -> 347309a09d56e367b188a6978f75b424
  custom:video-encoder-webm-vp8: eb34c28f22e8b96e1ab97ce403110664 -> 
  custom:audio-decoder-ogg-vorbis: bf7c407c2cedff20999df2af8eb42d56 -> 
  custom:scripting/monoscript/fileName/VertexJitter.cs: 6330f950b41eff6e5970f129864ecd6c -> d27eb5498e48714a66aece98da065133
  custom:scripting/monoscript/fileName/TextConsoleSimulator.cs: f2c8898b26c0cf2b0a1c7d12d99e6769 -> 33fc311abb20b5b0ed8f00e4d86b574e
  custom:scripting/monoscript/fileName/VertexColorCycler.cs: 135fb0ebdaf256193ccc08218c426c64 -> 5f984ca91cf3609293aecc6bc5641572
  custom:scripting/monoscript/fileName/TMP_FrameRateCounter.cs: 8afeb6f0251e063dcfff2bd827f92c62 -> 46f655df8cb483ac5958307137b1585a
  custom:scripting/monoscript/fileName/VertexShakeB.cs: 587e5b2aecc39120c2c9ff69742ce897 -> a6f78c4fcda1a29a1a1c1baefedba9e7
  custom:scripting/monoscript/fileName/TMP_UiFrameRateCounter.cs: 8fa3bcf761bb5076fd90d0361518d59c -> b01021aea19247f14a98ab338907956a
  custom:scripting/monoscript/fileName/TMPro_InstructionOverlay.cs: 194f3617683541355a9c6c8193e87b1c -> b626d2270e6ebd5c4311585c18b58d8d
  custom:scripting/monoscript/fileName/TMP_DigitValidator.cs: 4e5cde653ae28b90ab257e866c94dfce -> ac02af96215ae3951a3cce9e1a8c6085
  custom:audio-encoder-webm-vorbis: bf7c407c2cedff20999df2af8eb42d56 -> 
  custom:scripting/monoscript/fileName/Cube_Controller.cs: acd00592fa72aff7217b78bae7072f77 -> 
  custom:scripting/monoscript/fileName/Benchmark01_UGUI.cs: 52a24b07fcdd062ef495404efdb65870 -> 6148cfe2627b7708298f301788144139
  custom:scripting/precompiled-assembly-types:Assembly-CSharp: 252627b8445d6767445947e474900fe4 -> f39d0e8e1a2bdc72903fb33acfa56b16
  custom:scripting/monoscript/fileName/Benchmark03.cs: 520976d641c2b7cf395e30b045f5a45d -> 17cc87e0529ac71d909a946afb47a274
========================================================================
Received Prepare
Caller must complete domain reload
Begin MonoManager ReloadAssembly
- Loaded All Assemblies, in  0.353 seconds
Native extension for WindowsStandalone target not found
Native extension for Android target not found
Native extension for WebGL target not found
Mono: successfully reloaded assembly
- Finished resetting the current domain, in  0.944 seconds
Domain Reload Profiling: 1296ms
	BeginReloadAssembly (135ms)
		ExecutionOrderSort (0ms)
		DisableScriptedObjects (5ms)
		BackupInstance (0ms)
		ReleaseScriptingObjects (0ms)
		CreateAndSetChildDomain (32ms)
	RebuildCommonClasses (30ms)
	RebuildNativeTypeToScriptingClass (9ms)
	initialDomainReloadingComplete (24ms)
	LoadAllAssembliesAndSetupDomain (154ms)
		LoadAssemblies (214ms)
		RebuildTransferFunctionScriptingTraits (0ms)
		AnalyzeDomain (11ms)
			TypeCache.Refresh (5ms)
				TypeCache.ScanAssembly (0ms)
			ScanForSourceGeneratedMonoScriptInfo (0ms)
			ResolveRequiredComponents (5ms)
	FinalizeReload (944ms)
		ReleaseScriptCaches (0ms)
		RebuildScriptCaches (0ms)
		SetupLoadedEditorAssemblies (539ms)
			LogAssemblyErrors (0ms)
			InitializePlatformSupportModulesInManaged (14ms)
			SetLoadedEditorAssemblies (4ms)
			RefreshPlugins (0ms)
			BeforeProcessingInitializeOnLoad (54ms)
			ProcessInitializeOnLoadAttributes (442ms)
			ProcessInitializeOnLoadMethodAttributes (23ms)
			AfterProcessingInitializeOnLoad (2ms)
			EditorAssembliesLoaded (0ms)
		ExecutionOrderSort2 (0ms)
		AwakeInstancesAfterBackupRestoration (7ms)
Refreshing native plugins compatible for Editor in 7.10 ms, found 6 plugins.
Preloading 0 native plugins for Editor in 0.00 ms.
Unloading 3345 Unused Serialized files (Serialized files now loaded: 0)
Unloading 14 unused Assets / (28.5 KB). Loaded Objects now: 4068.
Memory consumption went from 129.2 MB to 129.2 MB.
Total: 7.041200 ms (FindLiveObjects: 0.912300 ms CreateObjectMapping: 0.272900 ms MarkObjects: 5.783300 ms  DeleteObjects: 0.070600 ms)

Prepare: number of updated asset objects reloaded= 0
AssetImportParameters requested are different than current active one (requested -> active):
  custom:scripting/monoscript/fileName/SkewTextExample.cs: f96859e31fd6dde308d9dc2a2488dcff -> c142d02d70a129e0533975f7c2f96956
  custom:container-demuxer-ogg: 62fdf1f143b41e24485cea50d1cbac27 -> 
  custom:scripting/monoscript/fileName/TMP_TextEventHandler.cs: d0f86a17d6fd3e9995db934eaaf34f18 -> f5cd9d5a43bfefc8f4fec80e6de896a4
  custom:scripting/monoscript/fileName/TextMeshProFloatingText.cs: 5a37842f75734e7729f89af9a8145a1a -> 92608fa4a6315cd0786d82205e77b697
  custom:scripting/monoscript/fileName/VertexZoom.cs: 2da4737d79388c0362c64482e9ee50d2 -> 650ab1e81d40126e3edcf737cce646e4
  custom:video-codec-MediaFoundation-h265: 746d11721c4dcdbdad8f713fa42b33f4 -> 
  custom:scripting/monoscript/fileName/VertexShakeA.cs: 16900906a98712c9660b9823af1f2500 -> 63ec564c588058369499638dd899e05b
  custom:scripting/monoscript/fileName/TMP_ExampleScript_01.cs: 59997facf165601d8c6263ace2a973a5 -> a9d4be556104ff54e7d240529b3e01dc
  custom:video-decoder-ogg-theora: a1e56fd34408186e4bbccfd4996cb3dc -> 
  custom:scripting/monoscript/fileName/TMP_TextEventCheck.cs: 7ee93fce990cec7a5b67b504d0259dce -> 13505d917eab5868c435e0c2986dadfa
  custom:scripting/monoscript/fileName/TMP_TextSelector_B.cs: c0db108de9ffc9b6f619f3d00162b1c2 -> ba2be21a7486d37b1011342977a2e49d
  custom:scripting/monoscript/fileName/Benchmark01.cs: 1fef48c763f4be76a973f061699dd041 -> 2d3e2cd961730ab95f139a49a673bace
  custom:framework-win-MediaFoundation: 216162199b28c13a410421893ffa2e32 -> 
  custom:scripting/monoscript/fileName/UI_Manager.cs: 98fe954eecef79af161772dc64f463a1 -> 
  custom:scripting/monoscript/fileName/Benchmark02.cs: 92dcd0c0a469d0c0690d8ca0bfe95e6f -> 5640963252ce70910e726415f869ced6
  custom:scripting/monoscript/fileName/DropdownSample.cs: b4fe7efb027fdd4854f643ad764daa8c -> 0a92251794e5f10400149f96c3c59e5d
  custom:scripting/monoscript/fileName/WarpTextExample.cs: c5431dac938081648a3a3ac553c1029b -> 2663459c266363641981c7d17b698d7f
  custom:CustomObjectIndexerAttribute: 9a22284fe3817be447336de3de66b15e -> 
  custom:container-demuxer-webm: 4f35f7cbe854078d1ac9338744f61a02 -> 
  custom:scripting/monoscript/fileName/MainMenuButton.cs: e28869a6863284e74946ac915bb193f6 -> 
  custom:scripting/monoscript/fileName/ChatController.cs: ff21b89493e3dffcbe018a2cc5a10bae -> 876d5ccae6e345dd5d9450eb0a748f16
  custom:scripting/monoscript/fileName/TextMeshSpawner.cs: c0f20e5855e88374db1098a5acc68df4 -> 76f28e2ddb031571e6ec62b018f65fa8
  custom:scripting/monoscript/fileName/TeleType.cs: c18e16db35615314900dbe198d0144e7 -> 31fa97821c4c70f157ec81d507aa6b62
  custom:scripting/monoscript/fileName/Benchmark04.cs: 86dfb70824307c4cf164687df2489226 -> 32220b148620e52aa81c13a114862bf4
  custom:container-muxer-webm: aa71ff27fc2769a1b78a27578f13a17b -> 
  custom:video-decoder-webm-vp8: 9c59270c3fd7afecdb556c50c9e8de78 -> 
  custom:scripting/monoscript/fileName/TMP_PhoneNumberValidator.cs: b4c1c54136dffeb4e2962027ebaa6b1f -> 7c3049f481e464c6a9a15dee56c3126f
  custom:SearchIndexIgnoredProperties: e643bd26f0fe6173181afceb89e7c659 -> 
  custom:AudioImporter_EditorPlatform: d09bf68614088b80899f8185d706f6e7 -> 
  custom:scripting/monoscript/fileName/EnvMapAnimator.cs: 08e040d459cd881082c0dd5daba5f85c -> 1b4f61c17e4b7283c3ac351aacff9d26
  custom:scripting/monoscript/fileName/ShaderPropAnimator.cs: 88b70bc5bbc15375387323f48f0661cf -> 55ce425812446482e623ff2695c94cb2
  custom:scripting/monoscript/fileName/SimpleScript.cs: dcd92cf7399b0d08e25e4a66ab57e91e -> 454caab0c6c050f29b39d82e1d66d0fa
  custom:scripting/monoscript/fileName/ObjectSpin.cs: b34dd4d17018731600f920d50ca840f7 -> 2b96bb2079dd7fa5108d981627a28e1e
  custom:scripting/monoscript/fileName/CameraController.cs: 8d43c2def3a67efed518259a2232b470 -> 34b6be4e23ce86dc89786916c5983296
  custom:scripting/monoscript/fileName/TMP_TextInfoDebugTool.cs: 7aad42023b6f5112c90650ae13bd6dd8 -> 3f1709cfb2cc628169113a35b5e9be3f
  custom:scripting/monoscript/fileName/TMP_TextSelector_A.cs: 088357b4acdc1e6288d897936d29c8d3 -> 347309a09d56e367b188a6978f75b424
  custom:video-encoder-webm-vp8: eb34c28f22e8b96e1ab97ce403110664 -> 
  custom:audio-decoder-ogg-vorbis: bf7c407c2cedff20999df2af8eb42d56 -> 
  custom:scripting/monoscript/fileName/VertexJitter.cs: 6330f950b41eff6e5970f129864ecd6c -> d27eb5498e48714a66aece98da065133
  custom:scripting/monoscript/fileName/TextConsoleSimulator.cs: f2c8898b26c0cf2b0a1c7d12d99e6769 -> 33fc311abb20b5b0ed8f00e4d86b574e
  custom:scripting/monoscript/fileName/VertexColorCycler.cs: 135fb0ebdaf256193ccc08218c426c64 -> 5f984ca91cf3609293aecc6bc5641572
  custom:scripting/monoscript/fileName/TMP_FrameRateCounter.cs: 8afeb6f0251e063dcfff2bd827f92c62 -> 46f655df8cb483ac5958307137b1585a
  custom:scripting/monoscript/fileName/VertexShakeB.cs: 587e5b2aecc39120c2c9ff69742ce897 -> a6f78c4fcda1a29a1a1c1baefedba9e7
  custom:scripting/monoscript/fileName/TMP_UiFrameRateCounter.cs: 8fa3bcf761bb5076fd90d0361518d59c -> b01021aea19247f14a98ab338907956a
  custom:scripting/monoscript/fileName/TMPro_InstructionOverlay.cs: 194f3617683541355a9c6c8193e87b1c -> b626d2270e6ebd5c4311585c18b58d8d
  custom:scripting/monoscript/fileName/TMP_DigitValidator.cs: 4e5cde653ae28b90ab257e866c94dfce -> ac02af96215ae3951a3cce9e1a8c6085
  custom:audio-encoder-webm-vorbis: bf7c407c2cedff20999df2af8eb42d56 -> 
  custom:scripting/monoscript/fileName/Cube_Controller.cs: acd00592fa72aff7217b78bae7072f77 -> 
  custom:scripting/monoscript/fileName/Benchmark01_UGUI.cs: 52a24b07fcdd062ef495404efdb65870 -> 6148cfe2627b7708298f301788144139
  custom:scripting/precompiled-assembly-types:Assembly-CSharp: 252627b8445d6767445947e474900fe4 -> f39d0e8e1a2bdc72903fb33acfa56b16
  custom:scripting/monoscript/fileName/Benchmark03.cs: 520976d641c2b7cf395e30b045f5a45d -> 17cc87e0529ac71d909a946afb47a274
========================================================================
Received Prepare
Caller must complete domain reload
Begin MonoManager ReloadAssembly
- Loaded All Assemblies, in  0.373 seconds
Native extension for WindowsStandalone target not found
Native extension for Android target not found
Native extension for WebGL target not found
Mono: successfully reloaded assembly
- Finished resetting the current domain, in  2.029 seconds
Domain Reload Profiling: 2403ms
	BeginReloadAssembly (134ms)
		ExecutionOrderSort (0ms)
		DisableScriptedObjects (5ms)
		BackupInstance (0ms)
		ReleaseScriptingObjects (0ms)
		CreateAndSetChildDomain (35ms)
	RebuildCommonClasses (28ms)
	RebuildNativeTypeToScriptingClass (13ms)
	initialDomainReloadingComplete (23ms)
	LoadAllAssembliesAndSetupDomain (175ms)
		LoadAssemblies (226ms)
		RebuildTransferFunctionScriptingTraits (0ms)
		AnalyzeDomain (12ms)
			TypeCache.Refresh (5ms)
				TypeCache.ScanAssembly (0ms)
			ScanForSourceGeneratedMonoScriptInfo (0ms)
			ResolveRequiredComponents (5ms)
	FinalizeReload (2030ms)
		ReleaseScriptCaches (0ms)
		RebuildScriptCaches (0ms)
		SetupLoadedEditorAssemblies (530ms)
			LogAssemblyErrors (0ms)
			InitializePlatformSupportModulesInManaged (18ms)
			SetLoadedEditorAssemblies (5ms)
			RefreshPlugins (0ms)
			BeforeProcessingInitializeOnLoad (57ms)
			ProcessInitializeOnLoadAttributes (427ms)
			ProcessInitializeOnLoadMethodAttributes (21ms)
			AfterProcessingInitializeOnLoad (2ms)
			EditorAssembliesLoaded (0ms)
		ExecutionOrderSort2 (0ms)
		AwakeInstancesAfterBackupRestoration (7ms)
Refreshing native plugins compatible for Editor in 5.15 ms, found 6 plugins.
Preloading 0 native plugins for Editor in 0.00 ms.
Unloading 3345 Unused Serialized files (Serialized files now loaded: 0)
Unloading 14 unused Assets / (28.5 KB). Loaded Objects now: 4071.
Memory consumption went from 129.2 MB to 129.2 MB.
Total: 4.332100 ms (FindLiveObjects: 0.338500 ms CreateObjectMapping: 0.100400 ms MarkObjects: 3.841900 ms  DeleteObjects: 0.050000 ms)

Prepare: number of updated asset objects reloaded= 0
AssetImportParameters requested are different than current active one (requested -> active):
  custom:scripting/monoscript/fileName/SkewTextExample.cs: f96859e31fd6dde308d9dc2a2488dcff -> c142d02d70a129e0533975f7c2f96956
  custom:container-demuxer-ogg: 62fdf1f143b41e24485cea50d1cbac27 -> 
  custom:scripting/monoscript/fileName/TMP_TextEventHandler.cs: d0f86a17d6fd3e9995db934eaaf34f18 -> f5cd9d5a43bfefc8f4fec80e6de896a4
  custom:scripting/monoscript/fileName/TextMeshProFloatingText.cs: 5a37842f75734e7729f89af9a8145a1a -> 92608fa4a6315cd0786d82205e77b697
  custom:scripting/monoscript/fileName/VertexZoom.cs: 2da4737d79388c0362c64482e9ee50d2 -> 650ab1e81d40126e3edcf737cce646e4
  custom:video-codec-MediaFoundation-h265: 746d11721c4dcdbdad8f713fa42b33f4 -> 
  custom:scripting/monoscript/fileName/VertexShakeA.cs: 16900906a98712c9660b9823af1f2500 -> 63ec564c588058369499638dd899e05b
  custom:scripting/monoscript/fileName/TMP_ExampleScript_01.cs: 59997facf165601d8c6263ace2a973a5 -> a9d4be556104ff54e7d240529b3e01dc
  custom:video-decoder-ogg-theora: a1e56fd34408186e4bbccfd4996cb3dc -> 
  custom:scripting/monoscript/fileName/TMP_TextEventCheck.cs: 7ee93fce990cec7a5b67b504d0259dce -> 13505d917eab5868c435e0c2986dadfa
  custom:scripting/monoscript/fileName/TMP_TextSelector_B.cs: c0db108de9ffc9b6f619f3d00162b1c2 -> ba2be21a7486d37b1011342977a2e49d
  custom:scripting/monoscript/fileName/Benchmark01.cs: 1fef48c763f4be76a973f061699dd041 -> 2d3e2cd961730ab95f139a49a673bace
  custom:framework-win-MediaFoundation: 216162199b28c13a410421893ffa2e32 -> 
  custom:scripting/monoscript/fileName/UI_Manager.cs: 98fe954eecef79af161772dc64f463a1 -> 
  custom:scripting/monoscript/fileName/Benchmark02.cs: 92dcd0c0a469d0c0690d8ca0bfe95e6f -> 5640963252ce70910e726415f869ced6
  custom:scripting/monoscript/fileName/DropdownSample.cs: b4fe7efb027fdd4854f643ad764daa8c -> 0a92251794e5f10400149f96c3c59e5d
  custom:scripting/monoscript/fileName/WarpTextExample.cs: c5431dac938081648a3a3ac553c1029b -> 2663459c266363641981c7d17b698d7f
  custom:CustomObjectIndexerAttribute: 9a22284fe3817be447336de3de66b15e -> 
  custom:container-demuxer-webm: 4f35f7cbe854078d1ac9338744f61a02 -> 
  custom:scripting/monoscript/fileName/MainMenuButton.cs: e28869a6863284e74946ac915bb193f6 -> 
  custom:scripting/monoscript/fileName/ChatController.cs: ff21b89493e3dffcbe018a2cc5a10bae -> 876d5ccae6e345dd5d9450eb0a748f16
  custom:scripting/monoscript/fileName/TextMeshSpawner.cs: c0f20e5855e88374db1098a5acc68df4 -> 76f28e2ddb031571e6ec62b018f65fa8
  custom:scripting/monoscript/fileName/TeleType.cs: c18e16db35615314900dbe198d0144e7 -> 31fa97821c4c70f157ec81d507aa6b62
  custom:scripting/monoscript/fileName/Benchmark04.cs: 86dfb70824307c4cf164687df2489226 -> 32220b148620e52aa81c13a114862bf4
  custom:container-muxer-webm: aa71ff27fc2769a1b78a27578f13a17b -> 
  custom:video-decoder-webm-vp8: 9c59270c3fd7afecdb556c50c9e8de78 -> 
  custom:scripting/monoscript/fileName/TMP_PhoneNumberValidator.cs: b4c1c54136dffeb4e2962027ebaa6b1f -> 7c3049f481e464c6a9a15dee56c3126f
  custom:SearchIndexIgnoredProperties: e643bd26f0fe6173181afceb89e7c659 -> 
  custom:AudioImporter_EditorPlatform: d09bf68614088b80899f8185d706f6e7 -> 
  custom:scripting/monoscript/fileName/EnvMapAnimator.cs: 08e040d459cd881082c0dd5daba5f85c -> 1b4f61c17e4b7283c3ac351aacff9d26
  custom:scripting/monoscript/fileName/ShaderPropAnimator.cs: 88b70bc5bbc15375387323f48f0661cf -> 55ce425812446482e623ff2695c94cb2
  custom:scripting/monoscript/fileName/SimpleScript.cs: dcd92cf7399b0d08e25e4a66ab57e91e -> 454caab0c6c050f29b39d82e1d66d0fa
  custom:scripting/monoscript/fileName/ObjectSpin.cs: b34dd4d17018731600f920d50ca840f7 -> 2b96bb2079dd7fa5108d981627a28e1e
  custom:scripting/monoscript/fileName/CameraController.cs: 8d43c2def3a67efed518259a2232b470 -> 34b6be4e23ce86dc89786916c5983296
  custom:scripting/monoscript/fileName/TMP_TextInfoDebugTool.cs: 7aad42023b6f5112c90650ae13bd6dd8 -> 3f1709cfb2cc628169113a35b5e9be3f
  custom:scripting/monoscript/fileName/TMP_TextSelector_A.cs: 088357b4acdc1e6288d897936d29c8d3 -> 347309a09d56e367b188a6978f75b424
  custom:video-encoder-webm-vp8: eb34c28f22e8b96e1ab97ce403110664 -> 
  custom:audio-decoder-ogg-vorbis: bf7c407c2cedff20999df2af8eb42d56 -> 
  custom:scripting/monoscript/fileName/VertexJitter.cs: 6330f950b41eff6e5970f129864ecd6c -> d27eb5498e48714a66aece98da065133
  custom:scripting/monoscript/fileName/TextConsoleSimulator.cs: f2c8898b26c0cf2b0a1c7d12d99e6769 -> 33fc311abb20b5b0ed8f00e4d86b574e
  custom:scripting/monoscript/fileName/VertexColorCycler.cs: 135fb0ebdaf256193ccc08218c426c64 -> 5f984ca91cf3609293aecc6bc5641572
  custom:scripting/monoscript/fileName/TMP_FrameRateCounter.cs: 8afeb6f0251e063dcfff2bd827f92c62 -> 46f655df8cb483ac5958307137b1585a
  custom:scripting/monoscript/fileName/VertexShakeB.cs: 587e5b2aecc39120c2c9ff69742ce897 -> a6f78c4fcda1a29a1a1c1baefedba9e7
  custom:scripting/monoscript/fileName/TMP_UiFrameRateCounter.cs: 8fa3bcf761bb5076fd90d0361518d59c -> b01021aea19247f14a98ab338907956a
  custom:scripting/monoscript/fileName/TMPro_InstructionOverlay.cs: 194f3617683541355a9c6c8193e87b1c -> b626d2270e6ebd5c4311585c18b58d8d
  custom:scripting/monoscript/fileName/TMP_DigitValidator.cs: 4e5cde653ae28b90ab257e866c94dfce -> ac02af96215ae3951a3cce9e1a8c6085
  custom:audio-encoder-webm-vorbis: bf7c407c2cedff20999df2af8eb42d56 -> 
  custom:scripting/monoscript/fileName/Cube_Controller.cs: acd00592fa72aff7217b78bae7072f77 -> 
  custom:scripting/monoscript/fileName/Benchmark01_UGUI.cs: 52a24b07fcdd062ef495404efdb65870 -> 6148cfe2627b7708298f301788144139
  custom:scripting/precompiled-assembly-types:Assembly-CSharp: 252627b8445d6767445947e474900fe4 -> f39d0e8e1a2bdc72903fb33acfa56b16
  custom:scripting/monoscript/fileName/Benchmark03.cs: 520976d641c2b7cf395e30b045f5a45d -> 17cc87e0529ac71d909a946afb47a274
========================================================================
Received Prepare
Caller must complete domain reload
Begin MonoManager ReloadAssembly
- Loaded All Assemblies, in  0.361 seconds
Native extension for WindowsStandalone target not found
Native extension for Android target not found
Native extension for WebGL target not found
Mono: successfully reloaded assembly
- Finished resetting the current domain, in  1.358 seconds
Domain Reload Profiling: 1720ms
	BeginReloadAssembly (126ms)
		ExecutionOrderSort (0ms)
		DisableScriptedObjects (5ms)
		BackupInstance (0ms)
		ReleaseScriptingObjects (0ms)
		CreateAndSetChildDomain (30ms)
	RebuildCommonClasses (27ms)
	RebuildNativeTypeToScriptingClass (8ms)
	initialDomainReloadingComplete (22ms)
	LoadAllAssembliesAndSetupDomain (177ms)
		LoadAssemblies (231ms)
		RebuildTransferFunctionScriptingTraits (0ms)
		AnalyzeDomain (11ms)
			TypeCache.Refresh (5ms)
				TypeCache.ScanAssembly (0ms)
			ScanForSourceGeneratedMonoScriptInfo (0ms)
			ResolveRequiredComponents (4ms)
	FinalizeReload (1359ms)
		ReleaseScriptCaches (0ms)
		RebuildScriptCaches (0ms)
		SetupLoadedEditorAssemblies (534ms)
			LogAssemblyErrors (0ms)
			InitializePlatformSupportModulesInManaged (18ms)
			SetLoadedEditorAssemblies (4ms)
			RefreshPlugins (0ms)
			BeforeProcessingInitializeOnLoad (57ms)
			ProcessInitializeOnLoadAttributes (435ms)
			ProcessInitializeOnLoadMethodAttributes (18ms)
			AfterProcessingInitializeOnLoad (2ms)
			EditorAssembliesLoaded (0ms)
		ExecutionOrderSort2 (0ms)
		AwakeInstancesAfterBackupRestoration (5ms)
Refreshing native plugins compatible for Editor in 4.08 ms, found 6 plugins.
Preloading 0 native plugins for Editor in 0.00 ms.
Unloading 3345 Unused Serialized files (Serialized files now loaded: 0)
Unloading 14 unused Assets / (28.5 KB). Loaded Objects now: 4074.
Memory consumption went from 129.2 MB to 129.2 MB.
Total: 6.011600 ms (FindLiveObjects: 0.680400 ms CreateObjectMapping: 0.361300 ms MarkObjects: 4.887300 ms  DeleteObjects: 0.079700 ms)

Prepare: number of updated asset objects reloaded= 0
AssetImportParameters requested are different than current active one (requested -> active):
  custom:scripting/monoscript/fileName/SkewTextExample.cs: f96859e31fd6dde308d9dc2a2488dcff -> c142d02d70a129e0533975f7c2f96956
  custom:container-demuxer-ogg: 62fdf1f143b41e24485cea50d1cbac27 -> 
  custom:scripting/monoscript/fileName/TMP_TextEventHandler.cs: d0f86a17d6fd3e9995db934eaaf34f18 -> f5cd9d5a43bfefc8f4fec80e6de896a4
  custom:scripting/monoscript/fileName/TextMeshProFloatingText.cs: 5a37842f75734e7729f89af9a8145a1a -> 92608fa4a6315cd0786d82205e77b697
  custom:scripting/monoscript/fileName/VertexZoom.cs: 2da4737d79388c0362c64482e9ee50d2 -> 650ab1e81d40126e3edcf737cce646e4
  custom:video-codec-MediaFoundation-h265: 746d11721c4dcdbdad8f713fa42b33f4 -> 
  custom:scripting/monoscript/fileName/VertexShakeA.cs: 16900906a98712c9660b9823af1f2500 -> 63ec564c588058369499638dd899e05b
  custom:scripting/monoscript/fileName/TMP_ExampleScript_01.cs: 59997facf165601d8c6263ace2a973a5 -> a9d4be556104ff54e7d240529b3e01dc
  custom:video-decoder-ogg-theora: a1e56fd34408186e4bbccfd4996cb3dc -> 
  custom:scripting/monoscript/fileName/TMP_TextEventCheck.cs: 7ee93fce990cec7a5b67b504d0259dce -> 13505d917eab5868c435e0c2986dadfa
  custom:scripting/monoscript/fileName/TMP_TextSelector_B.cs: c0db108de9ffc9b6f619f3d00162b1c2 -> ba2be21a7486d37b1011342977a2e49d
  custom:scripting/monoscript/fileName/Benchmark01.cs: 1fef48c763f4be76a973f061699dd041 -> 2d3e2cd961730ab95f139a49a673bace
  custom:framework-win-MediaFoundation: 216162199b28c13a410421893ffa2e32 -> 
  custom:scripting/monoscript/fileName/UI_Manager.cs: 98fe954eecef79af161772dc64f463a1 -> 
  custom:scripting/monoscript/fileName/Benchmark02.cs: 92dcd0c0a469d0c0690d8ca0bfe95e6f -> 5640963252ce70910e726415f869ced6
  custom:scripting/monoscript/fileName/DropdownSample.cs: b4fe7efb027fdd4854f643ad764daa8c -> 0a92251794e5f10400149f96c3c59e5d
  custom:scripting/monoscript/fileName/WarpTextExample.cs: c5431dac938081648a3a3ac553c1029b -> 2663459c266363641981c7d17b698d7f
  custom:CustomObjectIndexerAttribute: 9a22284fe3817be447336de3de66b15e -> 
  custom:container-demuxer-webm: 4f35f7cbe854078d1ac9338744f61a02 -> 
  custom:scripting/monoscript/fileName/MainMenuButton.cs: e28869a6863284e74946ac915bb193f6 -> 
  custom:scripting/monoscript/fileName/ChatController.cs: ff21b89493e3dffcbe018a2cc5a10bae -> 876d5ccae6e345dd5d9450eb0a748f16
  custom:scripting/monoscript/fileName/TextMeshSpawner.cs: c0f20e5855e88374db1098a5acc68df4 -> 76f28e2ddb031571e6ec62b018f65fa8
  custom:scripting/monoscript/fileName/TeleType.cs: c18e16db35615314900dbe198d0144e7 -> 31fa97821c4c70f157ec81d507aa6b62
  custom:scripting/monoscript/fileName/Benchmark04.cs: 86dfb70824307c4cf164687df2489226 -> 32220b148620e52aa81c13a114862bf4
  custom:container-muxer-webm: aa71ff27fc2769a1b78a27578f13a17b -> 
  custom:video-decoder-webm-vp8: 9c59270c3fd7afecdb556c50c9e8de78 -> 
  custom:scripting/monoscript/fileName/TMP_PhoneNumberValidator.cs: b4c1c54136dffeb4e2962027ebaa6b1f -> 7c3049f481e464c6a9a15dee56c3126f
  custom:SearchIndexIgnoredProperties: e643bd26f0fe6173181afceb89e7c659 -> 
  custom:AudioImporter_EditorPlatform: d09bf68614088b80899f8185d706f6e7 -> 
  custom:scripting/monoscript/fileName/EnvMapAnimator.cs: 08e040d459cd881082c0dd5daba5f85c -> 1b4f61c17e4b7283c3ac351aacff9d26
  custom:scripting/monoscript/fileName/ShaderPropAnimator.cs: 88b70bc5bbc15375387323f48f0661cf -> 55ce425812446482e623ff2695c94cb2
  custom:scripting/monoscript/fileName/SimpleScript.cs: dcd92cf7399b0d08e25e4a66ab57e91e -> 454caab0c6c050f29b39d82e1d66d0fa
  custom:scripting/monoscript/fileName/ObjectSpin.cs: b34dd4d17018731600f920d50ca840f7 -> 2b96bb2079dd7fa5108d981627a28e1e
  custom:scripting/monoscript/fileName/CameraController.cs: 8d43c2def3a67efed518259a2232b470 -> 34b6be4e23ce86dc89786916c5983296
  custom:scripting/monoscript/fileName/TMP_TextInfoDebugTool.cs: 7aad42023b6f5112c90650ae13bd6dd8 -> 3f1709cfb2cc628169113a35b5e9be3f
  custom:scripting/monoscript/fileName/TMP_TextSelector_A.cs: 088357b4acdc1e6288d897936d29c8d3 -> 347309a09d56e367b188a6978f75b424
  custom:video-encoder-webm-vp8: eb34c28f22e8b96e1ab97ce403110664 -> 
  custom:audio-decoder-ogg-vorbis: bf7c407c2cedff20999df2af8eb42d56 -> 
  custom:scripting/monoscript/fileName/VertexJitter.cs: 6330f950b41eff6e5970f129864ecd6c -> d27eb5498e48714a66aece98da065133
  custom:scripting/monoscript/fileName/TextConsoleSimulator.cs: f2c8898b26c0cf2b0a1c7d12d99e6769 -> 33fc311abb20b5b0ed8f00e4d86b574e
  custom:scripting/monoscript/fileName/VertexColorCycler.cs: 135fb0ebdaf256193ccc08218c426c64 -> 5f984ca91cf3609293aecc6bc5641572
  custom:scripting/monoscript/fileName/TMP_FrameRateCounter.cs: 8afeb6f0251e063dcfff2bd827f92c62 -> 46f655df8cb483ac5958307137b1585a
  custom:scripting/monoscript/fileName/VertexShakeB.cs: 587e5b2aecc39120c2c9ff69742ce897 -> a6f78c4fcda1a29a1a1c1baefedba9e7
  custom:scripting/monoscript/fileName/TMP_UiFrameRateCounter.cs: 8fa3bcf761bb5076fd90d0361518d59c -> b01021aea19247f14a98ab338907956a
  custom:scripting/monoscript/fileName/TMPro_InstructionOverlay.cs: 194f3617683541355a9c6c8193e87b1c -> b626d2270e6ebd5c4311585c18b58d8d
  custom:scripting/monoscript/fileName/TMP_DigitValidator.cs: 4e5cde653ae28b90ab257e866c94dfce -> ac02af96215ae3951a3cce9e1a8c6085
  custom:audio-encoder-webm-vorbis: bf7c407c2cedff20999df2af8eb42d56 -> 
  custom:scripting/monoscript/fileName/Cube_Controller.cs: acd00592fa72aff7217b78bae7072f77 -> 
  custom:scripting/monoscript/fileName/Benchmark01_UGUI.cs: 52a24b07fcdd062ef495404efdb65870 -> 6148cfe2627b7708298f301788144139
  custom:scripting/precompiled-assembly-types:Assembly-CSharp: 252627b8445d6767445947e474900fe4 -> f39d0e8e1a2bdc72903fb33acfa56b16
  custom:scripting/monoscript/fileName/Benchmark03.cs: 520976d641c2b7cf395e30b045f5a45d -> 17cc87e0529ac71d909a946afb47a274
========================================================================
Received Prepare
Caller must complete domain reload
Begin MonoManager ReloadAssembly
- Loaded All Assemblies, in  0.340 seconds
Native extension for WindowsStandalone target not found
Native extension for Android target not found
Native extension for WebGL target not found
Mono: successfully reloaded assembly
- Finished resetting the current domain, in  0.910 seconds
Domain Reload Profiling: 1251ms
	BeginReloadAssembly (129ms)
		ExecutionOrderSort (0ms)
		DisableScriptedObjects (6ms)
		BackupInstance (0ms)
		ReleaseScriptingObjects (0ms)
		CreateAndSetChildDomain (30ms)
	RebuildCommonClasses (30ms)
	RebuildNativeTypeToScriptingClass (9ms)
	initialDomainReloadingComplete (22ms)
	LoadAllAssembliesAndSetupDomain (151ms)
		LoadAssemblies (205ms)
		RebuildTransferFunctionScriptingTraits (0ms)
		AnalyzeDomain (11ms)
			TypeCache.Refresh (5ms)
				TypeCache.ScanAssembly (0ms)
			ScanForSourceGeneratedMonoScriptInfo (0ms)
			ResolveRequiredComponents (4ms)
	FinalizeReload (911ms)
		ReleaseScriptCaches (0ms)
		RebuildScriptCaches (0ms)
		SetupLoadedEditorAssemblies (520ms)
			LogAssemblyErrors (0ms)
			InitializePlatformSupportModulesInManaged (14ms)
			SetLoadedEditorAssemblies (4ms)
			RefreshPlugins (0ms)
			BeforeProcessingInitializeOnLoad (52ms)
			ProcessInitializeOnLoadAttributes (428ms)
			ProcessInitializeOnLoadMethodAttributes (19ms)
			AfterProcessingInitializeOnLoad (2ms)
			EditorAssembliesLoaded (0ms)
		ExecutionOrderSort2 (0ms)
		AwakeInstancesAfterBackupRestoration (6ms)
Refreshing native plugins compatible for Editor in 5.04 ms, found 6 plugins.
Preloading 0 native plugins for Editor in 0.00 ms.
Unloading 3345 Unused Serialized files (Serialized files now loaded: 0)
Unloading 14 unused Assets / (28.5 KB). Loaded Objects now: 4077.
Memory consumption went from 129.2 MB to 129.2 MB.
Total: 5.655500 ms (FindLiveObjects: 0.542200 ms CreateObjectMapping: 0.181000 ms MarkObjects: 4.866300 ms  DeleteObjects: 0.064800 ms)

Prepare: number of updated asset objects reloaded= 0
AssetImportParameters requested are different than current active one (requested -> active):
  custom:scripting/monoscript/fileName/SkewTextExample.cs: f96859e31fd6dde308d9dc2a2488dcff -> c142d02d70a129e0533975f7c2f96956
  custom:container-demuxer-ogg: 62fdf1f143b41e24485cea50d1cbac27 -> 
  custom:scripting/monoscript/fileName/TMP_TextEventHandler.cs: d0f86a17d6fd3e9995db934eaaf34f18 -> f5cd9d5a43bfefc8f4fec80e6de896a4
  custom:scripting/monoscript/fileName/TextMeshProFloatingText.cs: 5a37842f75734e7729f89af9a8145a1a -> 92608fa4a6315cd0786d82205e77b697
  custom:scripting/monoscript/fileName/VertexZoom.cs: 2da4737d79388c0362c64482e9ee50d2 -> 650ab1e81d40126e3edcf737cce646e4
  custom:video-codec-MediaFoundation-h265: 746d11721c4dcdbdad8f713fa42b33f4 -> 
  custom:scripting/monoscript/fileName/VertexShakeA.cs: 16900906a98712c9660b9823af1f2500 -> 63ec564c588058369499638dd899e05b
  custom:scripting/monoscript/fileName/TMP_ExampleScript_01.cs: 59997facf165601d8c6263ace2a973a5 -> a9d4be556104ff54e7d240529b3e01dc
  custom:video-decoder-ogg-theora: a1e56fd34408186e4bbccfd4996cb3dc -> 
  custom:scripting/monoscript/fileName/TMP_TextEventCheck.cs: 7ee93fce990cec7a5b67b504d0259dce -> 13505d917eab5868c435e0c2986dadfa
  custom:scripting/monoscript/fileName/TMP_TextSelector_B.cs: c0db108de9ffc9b6f619f3d00162b1c2 -> ba2be21a7486d37b1011342977a2e49d
  custom:scripting/monoscript/fileName/Benchmark01.cs: 1fef48c763f4be76a973f061699dd041 -> 2d3e2cd961730ab95f139a49a673bace
  custom:framework-win-MediaFoundation: 216162199b28c13a410421893ffa2e32 -> 
  custom:scripting/monoscript/fileName/UI_Manager.cs: 98fe954eecef79af161772dc64f463a1 -> 
  custom:scripting/monoscript/fileName/Benchmark02.cs: 92dcd0c0a469d0c0690d8ca0bfe95e6f -> 5640963252ce70910e726415f869ced6
  custom:scripting/monoscript/fileName/DropdownSample.cs: b4fe7efb027fdd4854f643ad764daa8c -> 0a92251794e5f10400149f96c3c59e5d
  custom:scripting/monoscript/fileName/WarpTextExample.cs: c5431dac938081648a3a3ac553c1029b -> 2663459c266363641981c7d17b698d7f
  custom:CustomObjectIndexerAttribute: 9a22284fe3817be447336de3de66b15e -> 
  custom:container-demuxer-webm: 4f35f7cbe854078d1ac9338744f61a02 -> 
  custom:scripting/monoscript/fileName/MainMenuButton.cs: e28869a6863284e74946ac915bb193f6 -> 
  custom:scripting/monoscript/fileName/ChatController.cs: ff21b89493e3dffcbe018a2cc5a10bae -> 876d5ccae6e345dd5d9450eb0a748f16
  custom:scripting/monoscript/fileName/TextMeshSpawner.cs: c0f20e5855e88374db1098a5acc68df4 -> 76f28e2ddb031571e6ec62b018f65fa8
  custom:scripting/monoscript/fileName/TeleType.cs: c18e16db35615314900dbe198d0144e7 -> 31fa97821c4c70f157ec81d507aa6b62
  custom:scripting/monoscript/fileName/Benchmark04.cs: 86dfb70824307c4cf164687df2489226 -> 32220b148620e52aa81c13a114862bf4
  custom:container-muxer-webm: aa71ff27fc2769a1b78a27578f13a17b -> 
  custom:video-decoder-webm-vp8: 9c59270c3fd7afecdb556c50c9e8de78 -> 
  custom:scripting/monoscript/fileName/TMP_PhoneNumberValidator.cs: b4c1c54136dffeb4e2962027ebaa6b1f -> 7c3049f481e464c6a9a15dee56c3126f
  custom:SearchIndexIgnoredProperties: e643bd26f0fe6173181afceb89e7c659 -> 
  custom:AudioImporter_EditorPlatform: d09bf68614088b80899f8185d706f6e7 -> 
  custom:scripting/monoscript/fileName/EnvMapAnimator.cs: 08e040d459cd881082c0dd5daba5f85c -> 1b4f61c17e4b7283c3ac351aacff9d26
  custom:scripting/monoscript/fileName/ShaderPropAnimator.cs: 88b70bc5bbc15375387323f48f0661cf -> 55ce425812446482e623ff2695c94cb2
  custom:scripting/monoscript/fileName/SimpleScript.cs: dcd92cf7399b0d08e25e4a66ab57e91e -> 454caab0c6c050f29b39d82e1d66d0fa
  custom:scripting/monoscript/fileName/ObjectSpin.cs: b34dd4d17018731600f920d50ca840f7 -> 2b96bb2079dd7fa5108d981627a28e1e
  custom:scripting/monoscript/fileName/CameraController.cs: 8d43c2def3a67efed518259a2232b470 -> 34b6be4e23ce86dc89786916c5983296
  custom:scripting/monoscript/fileName/TMP_TextInfoDebugTool.cs: 7aad42023b6f5112c90650ae13bd6dd8 -> 3f1709cfb2cc628169113a35b5e9be3f
  custom:scripting/monoscript/fileName/TMP_TextSelector_A.cs: 088357b4acdc1e6288d897936d29c8d3 -> 347309a09d56e367b188a6978f75b424
  custom:video-encoder-webm-vp8: eb34c28f22e8b96e1ab97ce403110664 -> 
  custom:audio-decoder-ogg-vorbis: bf7c407c2cedff20999df2af8eb42d56 -> 
  custom:scripting/monoscript/fileName/VertexJitter.cs: 6330f950b41eff6e5970f129864ecd6c -> d27eb5498e48714a66aece98da065133
  custom:scripting/monoscript/fileName/TextConsoleSimulator.cs: f2c8898b26c0cf2b0a1c7d12d99e6769 -> 33fc311abb20b5b0ed8f00e4d86b574e
  custom:scripting/monoscript/fileName/VertexColorCycler.cs: 135fb0ebdaf256193ccc08218c426c64 -> 5f984ca91cf3609293aecc6bc5641572
  custom:scripting/monoscript/fileName/TMP_FrameRateCounter.cs: 8afeb6f0251e063dcfff2bd827f92c62 -> 46f655df8cb483ac5958307137b1585a
  custom:scripting/monoscript/fileName/VertexShakeB.cs: 587e5b2aecc39120c2c9ff69742ce897 -> a6f78c4fcda1a29a1a1c1baefedba9e7
  custom:scripting/monoscript/fileName/TMP_UiFrameRateCounter.cs: 8fa3bcf761bb5076fd90d0361518d59c -> b01021aea19247f14a98ab338907956a
  custom:scripting/monoscript/fileName/TMPro_InstructionOverlay.cs: 194f3617683541355a9c6c8193e87b1c -> b626d2270e6ebd5c4311585c18b58d8d
  custom:scripting/monoscript/fileName/TMP_DigitValidator.cs: 4e5cde653ae28b90ab257e866c94dfce -> ac02af96215ae3951a3cce9e1a8c6085
  custom:audio-encoder-webm-vorbis: bf7c407c2cedff20999df2af8eb42d56 -> 
  custom:scripting/monoscript/fileName/Cube_Controller.cs: acd00592fa72aff7217b78bae7072f77 -> 
  custom:scripting/monoscript/fileName/Benchmark01_UGUI.cs: 52a24b07fcdd062ef495404efdb65870 -> 6148cfe2627b7708298f301788144139
  custom:scripting/precompiled-assembly-types:Assembly-CSharp: 252627b8445d6767445947e474900fe4 -> f39d0e8e1a2bdc72903fb33acfa56b16
  custom:scripting/monoscript/fileName/Benchmark03.cs: 520976d641c2b7cf395e30b045f5a45d -> 17cc87e0529ac71d909a946afb47a274
========================================================================
Received Import Request.
  Time since last request: 7142.532721 seconds.
  path: Assets/Crion/Scenes/New Scene.unity
  artifactKey: Guid(28ae1ccbcec911448aef27751da43d9a) Importer(815301076,1909f56bfc062723c751e8b465ee728b)
Start importing Assets/Crion/Scenes/New Scene.unity using Guid(28ae1ccbcec911448aef27751da43d9a) Importer(815301076,1909f56bfc062723c751e8b465ee728b) [PhysX] Initialized MultithreadedTaskDispatcher with 16 workers.
 -> (artifact id: '7362ddaa161bdfa490ac868109b31c35') in 0.003218 seconds
Number of updated asset objects reloaded before import = 0
Number of asset objects unloaded after import = 0
========================================================================
Received Import Request.
  Time since last request: 2.707162 seconds.
  path: Assets/Crion/Scenes/PrefabSpawnerScene.unity
  artifactKey: Guid(28ae1ccbcec911448aef27751da43d9a) Importer(815301076,1909f56bfc062723c751e8b465ee728b)
Start importing Assets/Crion/Scenes/PrefabSpawnerScene.unity using Guid(28ae1ccbcec911448aef27751da43d9a) Importer(815301076,1909f56bfc062723c751e8b465ee728b) [PhysX] Initialized MultithreadedTaskDispatcher with 16 workers.
 -> (artifact id: 'c7ad1271d2cdd0cafda00976ae0a3ea6') in 0.000609 seconds
Number of updated asset objects reloaded before import = 0
Number of asset objects unloaded after import = 0
========================================================================
Received Import Request.
  Time since last request: 86.352449 seconds.
  path: Assets/Crion/Materials/Purple 1.mat
  artifactKey: Guid(8bd1cb54b27e0074bb5cf84533b1ada7) Importer(815301076,1909f56bfc062723c751e8b465ee728b)
Start importing Assets/Crion/Materials/Purple 1.mat using Guid(8bd1cb54b27e0074bb5cf84533b1ada7) Importer(815301076,1909f56bfc062723c751e8b465ee728b) [PhysX] Initialized MultithreadedTaskDispatcher with 16 workers.
[PhysX] Initialized MultithreadedTaskDispatcher with 16 workers.
 -> (artifact id: 'e60b200b651681346bdf9f34849bed4d') in 0.106086 seconds
Number of updated asset objects reloaded before import = 0
Number of asset objects unloaded after import = 1
========================================================================
Received Import Request.
  Time since last request: 0.077555 seconds.
  path: Assets/Crion/Materials/Purple 2.mat
  artifactKey: Guid(ba115ae93ab8b2c44b5982f3fbf325e8) Importer(815301076,1909f56bfc062723c751e8b465ee728b)
Start importing Assets/Crion/Materials/Purple 2.mat using Guid(ba115ae93ab8b2c44b5982f3fbf325e8) Importer(815301076,1909f56bfc062723c751e8b465ee728b) [PhysX] Initialized MultithreadedTaskDispatcher with 16 workers.
[PhysX] Initialized MultithreadedTaskDispatcher with 16 workers.
 -> (artifact id: 'f0e86f94a6b6e400f81d3781960ef1d3') in 0.020928 seconds
Number of updated asset objects reloaded before import = 0
Number of asset objects unloaded after import = 1
========================================================================
Received Import Request.
  Time since last request: 18.125852 seconds.
  path: Assets/Crion/Materials/Green.mat
  artifactKey: Guid(ba115ae93ab8b2c44b5982f3fbf325e8) Importer(815301076,1909f56bfc062723c751e8b465ee728b)
Start importing Assets/Crion/Materials/Green.mat using Guid(ba115ae93ab8b2c44b5982f3fbf325e8) Importer(815301076,1909f56bfc062723c751e8b465ee728b) [PhysX] Initialized MultithreadedTaskDispatcher with 16 workers.
[PhysX] Initialized MultithreadedTaskDispatcher with 16 workers.
 -> (artifact id: '8ad74dd658740b8e855a3916e6e4aeaf') in 0.016852 seconds
Number of updated asset objects reloaded before import = 0
Number of asset objects unloaded after import = 1
========================================================================
Received Import Request.
  Time since last request: 4.883968 seconds.
  path: Assets/Crion/Materials/Red.mat
  artifactKey: Guid(ba115ae93ab8b2c44b5982f3fbf325e8) Importer(815301076,1909f56bfc062723c751e8b465ee728b)
Start importing Assets/Crion/Materials/Red.mat using Guid(ba115ae93ab8b2c44b5982f3fbf325e8) Importer(815301076,1909f56bfc062723c751e8b465ee728b) [PhysX] Initialized MultithreadedTaskDispatcher with 16 workers.
[PhysX] Initialized MultithreadedTaskDispatcher with 16 workers.
 -> (artifact id: '3c1e8524bfc7d7e9ef019272dc28049a') in 0.023858 seconds
Number of updated asset objects reloaded before import = 0
Number of asset objects unloaded after import = 1
========================================================================
Received Import Request.
  Time since last request: 7.425666 seconds.
  path: Assets/Crion/Materials/Purple 1.mat
  artifactKey: Guid(8bd1cb54b27e0074bb5cf84533b1ada7) Importer(815301076,1909f56bfc062723c751e8b465ee728b)
Start importing Assets/Crion/Materials/Purple 1.mat using Guid(8bd1cb54b27e0074bb5cf84533b1ada7) Importer(815301076,1909f56bfc062723c751e8b465ee728b) [PhysX] Initialized MultithreadedTaskDispatcher with 16 workers.
[PhysX] Initialized MultithreadedTaskDispatcher with 16 workers.
 -> (artifact id: '42cbda570c743ce1207a26f16f618a14') in 0.020507 seconds
Number of updated asset objects reloaded before import = 0
Number of asset objects unloaded after import = 1
========================================================================
Received Import Request.
  Time since last request: 21.185574 seconds.
  path: Assets/Crion/Materials/Red.mat
  artifactKey: Guid(8bd1cb54b27e0074bb5cf84533b1ada7) Importer(815301076,1909f56bfc062723c751e8b465ee728b)
Start importing Assets/Crion/Materials/Red.mat using Guid(8bd1cb54b27e0074bb5cf84533b1ada7) Importer(815301076,1909f56bfc062723c751e8b465ee728b) [PhysX] Initialized MultithreadedTaskDispatcher with 16 workers.
[PhysX] Initialized MultithreadedTaskDispatcher with 16 workers.
 -> (artifact id: 'd2f0c5818c535942e1d82607f8ebdcb6') in 0.019216 seconds
Number of updated asset objects reloaded before import = 0
Number of asset objects unloaded after import = 1
========================================================================
Received Import Request.
  Time since last request: 14.627356 seconds.
  path: Assets/Crion/Prefabs/Cube.prefab
  artifactKey: Guid(542f809dc5baa8443ad1991d00f97c43) Importer(815301076,1909f56bfc062723c751e8b465ee728b)
Start importing Assets/Crion/Prefabs/Cube.prefab using Guid(542f809dc5baa8443ad1991d00f97c43) Importer(815301076,1909f56bfc062723c751e8b465ee728b) [PhysX] Initialized MultithreadedTaskDispatcher with 16 workers.
[PhysX] Initialized MultithreadedTaskDispatcher with 16 workers.
 -> (artifact id: 'ef11632978ef9ba685f942c617e09ebb') in 0.044065 seconds
Number of updated asset objects reloaded before import = 0
Number of asset objects unloaded after import = 8
========================================================================
Received Import Request.
  Time since last request: 57.573457 seconds.
  path: Assets/Crion/Prefabs/Cube_Purple.prefab
  artifactKey: Guid(b8ea3568eceb41b47bfe41e4f12d417d) Importer(815301076,1909f56bfc062723c751e8b465ee728b)
Start importing Assets/Crion/Prefabs/Cube_Purple.prefab using Guid(b8ea3568eceb41b47bfe41e4f12d417d) Importer(815301076,1909f56bfc062723c751e8b465ee728b) [PhysX] Initialized MultithreadedTaskDispatcher with 16 workers.
[PhysX] Initialized MultithreadedTaskDispatcher with 16 workers.
 -> (artifact id: '79ba7c99e2d34c8c2f5bb3c22a7da63b') in 0.016928 seconds
Number of updated asset objects reloaded before import = 0
Number of asset objects unloaded after import = 8
========================================================================
Received Import Request.
  Time since last request: 29.297572 seconds.
  path: Assets/Crion/Prefabs/Cube_Red.prefab
  artifactKey: Guid(5ec91be479d383b40a258a047e6d9c2c) Importer(815301076,1909f56bfc062723c751e8b465ee728b)
Start importing Assets/Crion/Prefabs/Cube_Red.prefab using Guid(5ec91be479d383b40a258a047e6d9c2c) Importer(815301076,1909f56bfc062723c751e8b465ee728b) [PhysX] Initialized MultithreadedTaskDispatcher with 16 workers.
[PhysX] Initialized MultithreadedTaskDispatcher with 16 workers.
 -> (artifact id: '4e049f98eded5eb8262b1dc7d487fb96') in 0.016253 seconds
Number of updated asset objects reloaded before import = 0
Number of asset objects unloaded after import = 8
========================================================================
Received Import Request.
  Time since last request: 2.041542 seconds.
  path: Assets/Crion/Prefabs/Cube_Green.prefab
  artifactKey: Guid(f7fdee280cf12a942aa49dc308154852) Importer(815301076,1909f56bfc062723c751e8b465ee728b)
Start importing Assets/Crion/Prefabs/Cube_Green.prefab using Guid(f7fdee280cf12a942aa49dc308154852) Importer(815301076,1909f56bfc062723c751e8b465ee728b) [PhysX] Initialized MultithreadedTaskDispatcher with 16 workers.
[PhysX] Initialized MultithreadedTaskDispatcher with 16 workers.
 -> (artifact id: '424d23498cf39c203abb2533fee0b29f') in 0.018595 seconds
Number of updated asset objects reloaded before import = 0
Number of asset objects unloaded after import = 8
========================================================================
Received Import Request.
  Time since last request: 1017.311944 seconds.
  path: Assets/Crion/Scripts/PrefabSpawner.cs
  artifactKey: Guid(6a5f08cb41ecf1a4b9675afce3c1a2da) Importer(815301076,1909f56bfc062723c751e8b465ee728b)
Start importing Assets/Crion/Scripts/PrefabSpawner.cs using Guid(6a5f08cb41ecf1a4b9675afce3c1a2da) Importer(815301076,1909f56bfc062723c751e8b465ee728b) [PhysX] Initialized MultithreadedTaskDispatcher with 16 workers.
 -> (artifact id: '6929fce24decdae48009bb0670198711') in 0.000796 seconds
Number of updated asset objects reloaded before import = 0
Number of asset objects unloaded after import = 0
========================================================================
Received Prepare
Caller must complete domain reload
Begin MonoManager ReloadAssembly
- Loaded All Assemblies, in  0.622 seconds
Native extension for WindowsStandalone target not found
Native extension for Android target not found
Native extension for WebGL target not found
Mono: successfully reloaded assembly
- Finished resetting the current domain, in  1.505 seconds
Domain Reload Profiling: 2127ms
	BeginReloadAssembly (209ms)
		ExecutionOrderSort (0ms)
		DisableScriptedObjects (5ms)
		BackupInstance (0ms)
		ReleaseScriptingObjects (0ms)
		CreateAndSetChildDomain (83ms)
	RebuildCommonClasses (30ms)
	RebuildNativeTypeToScriptingClass (12ms)
	initialDomainReloadingComplete (34ms)
	LoadAllAssembliesAndSetupDomain (336ms)
		LoadAssemblies (387ms)
		RebuildTransferFunctionScriptingTraits (0ms)
		AnalyzeDomain (35ms)
			TypeCache.Refresh (12ms)
				TypeCache.ScanAssembly (1ms)
			ScanForSourceGeneratedMonoScriptInfo (14ms)
			ResolveRequiredComponents (7ms)
	FinalizeReload (1505ms)
		ReleaseScriptCaches (0ms)
		RebuildScriptCaches (0ms)
		SetupLoadedEditorAssemblies (558ms)
			LogAssemblyErrors (0ms)
			InitializePlatformSupportModulesInManaged (19ms)
			SetLoadedEditorAssemblies (5ms)
			RefreshPlugins (0ms)
			BeforeProcessingInitializeOnLoad (57ms)
			ProcessInitializeOnLoadAttributes (453ms)
			ProcessInitializeOnLoadMethodAttributes (21ms)
			AfterProcessingInitializeOnLoad (2ms)
			EditorAssembliesLoaded (0ms)
		ExecutionOrderSort2 (0ms)
		AwakeInstancesAfterBackupRestoration (8ms)
Refreshing native plugins compatible for Editor in 5.27 ms, found 6 plugins.
Preloading 0 native plugins for Editor in 0.00 ms.
Unloading 3345 Unused Serialized files (Serialized files now loaded: 0)
Unloading 14 unused Assets / (28.6 KB). Loaded Objects now: 4082.
Memory consumption went from 129.0 MB to 129.0 MB.
Total: 7.503300 ms (FindLiveObjects: 0.991800 ms CreateObjectMapping: 0.347300 ms MarkObjects: 6.093100 ms  DeleteObjects: 0.069500 ms)

Prepare: number of updated asset objects reloaded= 0
AssetImportParameters requested are different than current active one (requested -> active):
  custom:scripting/monoscript/fileName/SkewTextExample.cs: f96859e31fd6dde308d9dc2a2488dcff -> c142d02d70a129e0533975f7c2f96956
  custom:container-demuxer-ogg: 62fdf1f143b41e24485cea50d1cbac27 -> 
  custom:scripting/monoscript/fileName/TMP_TextEventHandler.cs: d0f86a17d6fd3e9995db934eaaf34f18 -> f5cd9d5a43bfefc8f4fec80e6de896a4
  custom:scripting/monoscript/fileName/TextMeshProFloatingText.cs: 5a37842f75734e7729f89af9a8145a1a -> 92608fa4a6315cd0786d82205e77b697
  custom:scripting/monoscript/fileName/VertexZoom.cs: 2da4737d79388c0362c64482e9ee50d2 -> 650ab1e81d40126e3edcf737cce646e4
  custom:video-codec-MediaFoundation-h265: 746d11721c4dcdbdad8f713fa42b33f4 -> 
  custom:scripting/monoscript/fileName/VertexShakeA.cs: 16900906a98712c9660b9823af1f2500 -> 63ec564c588058369499638dd899e05b
  custom:scripting/monoscript/fileName/TMP_ExampleScript_01.cs: 59997facf165601d8c6263ace2a973a5 -> a9d4be556104ff54e7d240529b3e01dc
  custom:video-decoder-ogg-theora: a1e56fd34408186e4bbccfd4996cb3dc -> 
  custom:scripting/monoscript/fileName/TMP_TextEventCheck.cs: 7ee93fce990cec7a5b67b504d0259dce -> 13505d917eab5868c435e0c2986dadfa
  custom:scripting/monoscript/fileName/TMP_TextSelector_B.cs: c0db108de9ffc9b6f619f3d00162b1c2 -> ba2be21a7486d37b1011342977a2e49d
  custom:scripting/monoscript/fileName/Benchmark01.cs: 1fef48c763f4be76a973f061699dd041 -> 2d3e2cd961730ab95f139a49a673bace
  custom:framework-win-MediaFoundation: 216162199b28c13a410421893ffa2e32 -> 
  custom:scripting/monoscript/fileName/UI_Manager.cs: 98fe954eecef79af161772dc64f463a1 -> 
  custom:scripting/monoscript/fileName/Benchmark02.cs: 92dcd0c0a469d0c0690d8ca0bfe95e6f -> 5640963252ce70910e726415f869ced6
  custom:scripting/monoscript/fileName/DropdownSample.cs: b4fe7efb027fdd4854f643ad764daa8c -> 0a92251794e5f10400149f96c3c59e5d
  custom:scripting/monoscript/fileName/WarpTextExample.cs: c5431dac938081648a3a3ac553c1029b -> 2663459c266363641981c7d17b698d7f
  custom:CustomObjectIndexerAttribute: 9a22284fe3817be447336de3de66b15e -> 
  custom:container-demuxer-webm: 4f35f7cbe854078d1ac9338744f61a02 -> 
  custom:scripting/monoscript/fileName/MainMenuButton.cs: e28869a6863284e74946ac915bb193f6 -> 
  custom:scripting/monoscript/fileName/ChatController.cs: ff21b89493e3dffcbe018a2cc5a10bae -> 876d5ccae6e345dd5d9450eb0a748f16
  custom:scripting/monoscript/fileName/TextMeshSpawner.cs: c0f20e5855e88374db1098a5acc68df4 -> 76f28e2ddb031571e6ec62b018f65fa8
  custom:scripting/monoscript/fileName/TeleType.cs: c18e16db35615314900dbe198d0144e7 -> 31fa97821c4c70f157ec81d507aa6b62
  custom:scripting/monoscript/fileName/Benchmark04.cs: 86dfb70824307c4cf164687df2489226 -> 32220b148620e52aa81c13a114862bf4
  custom:container-muxer-webm: aa71ff27fc2769a1b78a27578f13a17b -> 
  custom:video-decoder-webm-vp8: 9c59270c3fd7afecdb556c50c9e8de78 -> 
  custom:scripting/monoscript/fileName/TMP_PhoneNumberValidator.cs: b4c1c54136dffeb4e2962027ebaa6b1f -> 7c3049f481e464c6a9a15dee56c3126f
  custom:SearchIndexIgnoredProperties: e643bd26f0fe6173181afceb89e7c659 -> 
  custom:AudioImporter_EditorPlatform: d09bf68614088b80899f8185d706f6e7 -> 
  custom:scripting/monoscript/fileName/EnvMapAnimator.cs: 08e040d459cd881082c0dd5daba5f85c -> 1b4f61c17e4b7283c3ac351aacff9d26
  custom:scripting/monoscript/fileName/ShaderPropAnimator.cs: 88b70bc5bbc15375387323f48f0661cf -> 55ce425812446482e623ff2695c94cb2
  custom:scripting/monoscript/fileName/SimpleScript.cs: dcd92cf7399b0d08e25e4a66ab57e91e -> 454caab0c6c050f29b39d82e1d66d0fa
  custom:scripting/monoscript/fileName/ObjectSpin.cs: b34dd4d17018731600f920d50ca840f7 -> 2b96bb2079dd7fa5108d981627a28e1e
  custom:scripting/monoscript/fileName/CameraController.cs: 8d43c2def3a67efed518259a2232b470 -> 34b6be4e23ce86dc89786916c5983296
  custom:scripting/monoscript/fileName/TMP_TextInfoDebugTool.cs: 7aad42023b6f5112c90650ae13bd6dd8 -> 3f1709cfb2cc628169113a35b5e9be3f
  custom:scripting/monoscript/fileName/TMP_TextSelector_A.cs: 088357b4acdc1e6288d897936d29c8d3 -> 347309a09d56e367b188a6978f75b424
  custom:video-encoder-webm-vp8: eb34c28f22e8b96e1ab97ce403110664 -> 
  custom:audio-decoder-ogg-vorbis: bf7c407c2cedff20999df2af8eb42d56 -> 
  custom:scripting/monoscript/fileName/VertexJitter.cs: 6330f950b41eff6e5970f129864ecd6c -> d27eb5498e48714a66aece98da065133
  custom:scripting/monoscript/fileName/TextConsoleSimulator.cs: f2c8898b26c0cf2b0a1c7d12d99e6769 -> 33fc311abb20b5b0ed8f00e4d86b574e
  custom:scripting/monoscript/fileName/VertexColorCycler.cs: 135fb0ebdaf256193ccc08218c426c64 -> 5f984ca91cf3609293aecc6bc5641572
  custom:scripting/monoscript/fileName/TMP_FrameRateCounter.cs: 8afeb6f0251e063dcfff2bd827f92c62 -> 46f655df8cb483ac5958307137b1585a
  custom:scripting/monoscript/fileName/VertexShakeB.cs: 587e5b2aecc39120c2c9ff69742ce897 -> a6f78c4fcda1a29a1a1c1baefedba9e7
  custom:scripting/monoscript/fileName/TMP_UiFrameRateCounter.cs: 8fa3bcf761bb5076fd90d0361518d59c -> b01021aea19247f14a98ab338907956a
  custom:scripting/monoscript/fileName/TMPro_InstructionOverlay.cs: 194f3617683541355a9c6c8193e87b1c -> b626d2270e6ebd5c4311585c18b58d8d
  custom:scripting/monoscript/fileName/TMP_DigitValidator.cs: 4e5cde653ae28b90ab257e866c94dfce -> ac02af96215ae3951a3cce9e1a8c6085
  custom:audio-encoder-webm-vorbis: bf7c407c2cedff20999df2af8eb42d56 -> 
  custom:scripting/monoscript/fileName/Cube_Controller.cs: acd00592fa72aff7217b78bae7072f77 -> 
  custom:scripting/monoscript/fileName/PrefabSpawner.cs: 04b83ae4bab2c0fd29efee19cf4620f0 -> 
  custom:scripting/monoscript/fileName/Benchmark01_UGUI.cs: 52a24b07fcdd062ef495404efdb65870 -> 6148cfe2627b7708298f301788144139
  custom:scripting/precompiled-assembly-types:Assembly-CSharp: 2f77be2b8cf7032865496eef4e73c9b4 -> f39d0e8e1a2bdc72903fb33acfa56b16
  custom:scripting/monoscript/fileName/Benchmark03.cs: 520976d641c2b7cf395e30b045f5a45d -> 17cc87e0529ac71d909a946afb47a274
========================================================================
Received Import Request.
  Time since last request: 13.974112 seconds.
  path: Assets/Crion/Scripts/PrefabSpawner.cs
  artifactKey: Guid(6a5f08cb41ecf1a4b9675afce3c1a2da) Importer(815301076,1909f56bfc062723c751e8b465ee728b)
Start importing Assets/Crion/Scripts/PrefabSpawner.cs using Guid(6a5f08cb41ecf1a4b9675afce3c1a2da) Importer(815301076,1909f56bfc062723c751e8b465ee728b) [PhysX] Initialized MultithreadedTaskDispatcher with 16 workers.
 -> (artifact id: 'c80439fa4507b9d2d876ae3c3586554a') in 0.007239 seconds
Number of updated asset objects reloaded before import = 0
Number of asset objects unloaded after import = 0
========================================================================
Received Import Request.
  Time since last request: 86.183069 seconds.
  path: Assets/Crion/Scripts/PrefabSpawner.cs
  artifactKey: Guid(6a5f08cb41ecf1a4b9675afce3c1a2da) Importer(815301076,1909f56bfc062723c751e8b465ee728b)
Start importing Assets/Crion/Scripts/PrefabSpawner.cs using Guid(6a5f08cb41ecf1a4b9675afce3c1a2da) Importer(815301076,1909f56bfc062723c751e8b465ee728b) [PhysX] Initialized MultithreadedTaskDispatcher with 16 workers.
 -> (artifact id: 'e5a48584e39757326aa0c46b4d171f7c') in 0.001080 seconds
Number of updated asset objects reloaded before import = 0
Number of asset objects unloaded after import = 0
========================================================================
Received Prepare
Caller must complete domain reload
Begin MonoManager ReloadAssembly
- Loaded All Assemblies, in  0.668 seconds
Native extension for WindowsStandalone target not found
Native extension for Android target not found
Native extension for WebGL target not found
Mono: successfully reloaded assembly
- Finished resetting the current domain, in  1.812 seconds
Domain Reload Profiling: 2480ms
	BeginReloadAssembly (248ms)
		ExecutionOrderSort (0ms)
		DisableScriptedObjects (12ms)
		BackupInstance (0ms)
		ReleaseScriptingObjects (0ms)
		CreateAndSetChildDomain (52ms)
	RebuildCommonClasses (70ms)
	RebuildNativeTypeToScriptingClass (22ms)
	initialDomainReloadingComplete (39ms)
	LoadAllAssembliesAndSetupDomain (288ms)
		LoadAssemblies (387ms)
		RebuildTransferFunctionScriptingTraits (0ms)
		AnalyzeDomain (40ms)
			TypeCache.Refresh (13ms)
				TypeCache.ScanAssembly (2ms)
			ScanForSourceGeneratedMonoScriptInfo (11ms)
			ResolveRequiredComponents (12ms)
	FinalizeReload (1812ms)
		ReleaseScriptCaches (0ms)
		RebuildScriptCaches (0ms)
		SetupLoadedEditorAssemblies (980ms)
			LogAssemblyErrors (0ms)
			InitializePlatformSupportModulesInManaged (35ms)
			SetLoadedEditorAssemblies (9ms)
			RefreshPlugins (0ms)
			BeforeProcessingInitializeOnLoad (108ms)
			ProcessInitializeOnLoadAttributes (788ms)
			ProcessInitializeOnLoadMethodAttributes (35ms)
			AfterProcessingInitializeOnLoad (4ms)
			EditorAssembliesLoaded (0ms)
		ExecutionOrderSort2 (0ms)
		AwakeInstancesAfterBackupRestoration (10ms)
Refreshing native plugins compatible for Editor in 4.42 ms, found 6 plugins.
Preloading 0 native plugins for Editor in 0.00 ms.
Unloading 3345 Unused Serialized files (Serialized files now loaded: 0)
Unloading 14 unused Assets / (28.6 KB). Loaded Objects now: 4085.
Memory consumption went from 129.0 MB to 129.0 MB.
Total: 7.967500 ms (FindLiveObjects: 0.650600 ms CreateObjectMapping: 0.302200 ms MarkObjects: 6.935300 ms  DeleteObjects: 0.078000 ms)

Prepare: number of updated asset objects reloaded= 0
AssetImportParameters requested are different than current active one (requested -> active):
  custom:scripting/monoscript/fileName/SkewTextExample.cs: f96859e31fd6dde308d9dc2a2488dcff -> c142d02d70a129e0533975f7c2f96956
  custom:container-demuxer-ogg: 62fdf1f143b41e24485cea50d1cbac27 -> 
  custom:scripting/monoscript/fileName/TMP_TextEventHandler.cs: d0f86a17d6fd3e9995db934eaaf34f18 -> f5cd9d5a43bfefc8f4fec80e6de896a4
  custom:scripting/monoscript/fileName/TextMeshProFloatingText.cs: 5a37842f75734e7729f89af9a8145a1a -> 92608fa4a6315cd0786d82205e77b697
  custom:scripting/monoscript/fileName/VertexZoom.cs: 2da4737d79388c0362c64482e9ee50d2 -> 650ab1e81d40126e3edcf737cce646e4
  custom:video-codec-MediaFoundation-h265: 746d11721c4dcdbdad8f713fa42b33f4 -> 
  custom:scripting/monoscript/fileName/VertexShakeA.cs: 16900906a98712c9660b9823af1f2500 -> 63ec564c588058369499638dd899e05b
  custom:scripting/monoscript/fileName/TMP_ExampleScript_01.cs: 59997facf165601d8c6263ace2a973a5 -> a9d4be556104ff54e7d240529b3e01dc
  custom:video-decoder-ogg-theora: a1e56fd34408186e4bbccfd4996cb3dc -> 
  custom:scripting/monoscript/fileName/TMP_TextEventCheck.cs: 7ee93fce990cec7a5b67b504d0259dce -> 13505d917eab5868c435e0c2986dadfa
  custom:scripting/monoscript/fileName/TMP_TextSelector_B.cs: c0db108de9ffc9b6f619f3d00162b1c2 -> ba2be21a7486d37b1011342977a2e49d
  custom:scripting/monoscript/fileName/Benchmark01.cs: 1fef48c763f4be76a973f061699dd041 -> 2d3e2cd961730ab95f139a49a673bace
  custom:framework-win-MediaFoundation: 216162199b28c13a410421893ffa2e32 -> 
  custom:scripting/monoscript/fileName/UI_Manager.cs: 98fe954eecef79af161772dc64f463a1 -> 
  custom:scripting/monoscript/fileName/Benchmark02.cs: 92dcd0c0a469d0c0690d8ca0bfe95e6f -> 5640963252ce70910e726415f869ced6
  custom:scripting/monoscript/fileName/DropdownSample.cs: b4fe7efb027fdd4854f643ad764daa8c -> 0a92251794e5f10400149f96c3c59e5d
  custom:scripting/monoscript/fileName/WarpTextExample.cs: c5431dac938081648a3a3ac553c1029b -> 2663459c266363641981c7d17b698d7f
  custom:CustomObjectIndexerAttribute: 9a22284fe3817be447336de3de66b15e -> 
  custom:container-demuxer-webm: 4f35f7cbe854078d1ac9338744f61a02 -> 
  custom:scripting/monoscript/fileName/MainMenuButton.cs: e28869a6863284e74946ac915bb193f6 -> 
  custom:scripting/monoscript/fileName/ChatController.cs: ff21b89493e3dffcbe018a2cc5a10bae -> 876d5ccae6e345dd5d9450eb0a748f16
  custom:scripting/monoscript/fileName/TextMeshSpawner.cs: c0f20e5855e88374db1098a5acc68df4 -> 76f28e2ddb031571e6ec62b018f65fa8
  custom:scripting/monoscript/fileName/TeleType.cs: c18e16db35615314900dbe198d0144e7 -> 31fa97821c4c70f157ec81d507aa6b62
  custom:scripting/monoscript/fileName/Benchmark04.cs: 86dfb70824307c4cf164687df2489226 -> 32220b148620e52aa81c13a114862bf4
  custom:container-muxer-webm: aa71ff27fc2769a1b78a27578f13a17b -> 
  custom:video-decoder-webm-vp8: 9c59270c3fd7afecdb556c50c9e8de78 -> 
  custom:scripting/monoscript/fileName/TMP_PhoneNumberValidator.cs: b4c1c54136dffeb4e2962027ebaa6b1f -> 7c3049f481e464c6a9a15dee56c3126f
  custom:SearchIndexIgnoredProperties: e643bd26f0fe6173181afceb89e7c659 -> 
  custom:AudioImporter_EditorPlatform: d09bf68614088b80899f8185d706f6e7 -> 
  custom:scripting/monoscript/fileName/EnvMapAnimator.cs: 08e040d459cd881082c0dd5daba5f85c -> 1b4f61c17e4b7283c3ac351aacff9d26
  custom:scripting/monoscript/fileName/ShaderPropAnimator.cs: 88b70bc5bbc15375387323f48f0661cf -> 55ce425812446482e623ff2695c94cb2
  custom:scripting/monoscript/fileName/SimpleScript.cs: dcd92cf7399b0d08e25e4a66ab57e91e -> 454caab0c6c050f29b39d82e1d66d0fa
  custom:scripting/monoscript/fileName/ObjectSpin.cs: b34dd4d17018731600f920d50ca840f7 -> 2b96bb2079dd7fa5108d981627a28e1e
  custom:scripting/monoscript/fileName/CameraController.cs: 8d43c2def3a67efed518259a2232b470 -> 34b6be4e23ce86dc89786916c5983296
  custom:scripting/monoscript/fileName/TMP_TextInfoDebugTool.cs: 7aad42023b6f5112c90650ae13bd6dd8 -> 3f1709cfb2cc628169113a35b5e9be3f
  custom:scripting/monoscript/fileName/TMP_TextSelector_A.cs: 088357b4acdc1e6288d897936d29c8d3 -> 347309a09d56e367b188a6978f75b424
  custom:video-encoder-webm-vp8: eb34c28f22e8b96e1ab97ce403110664 -> 
  custom:audio-decoder-ogg-vorbis: bf7c407c2cedff20999df2af8eb42d56 -> 
  custom:scripting/monoscript/fileName/VertexJitter.cs: 6330f950b41eff6e5970f129864ecd6c -> d27eb5498e48714a66aece98da065133
  custom:scripting/monoscript/fileName/TextConsoleSimulator.cs: f2c8898b26c0cf2b0a1c7d12d99e6769 -> 33fc311abb20b5b0ed8f00e4d86b574e
  custom:scripting/monoscript/fileName/VertexColorCycler.cs: 135fb0ebdaf256193ccc08218c426c64 -> 5f984ca91cf3609293aecc6bc5641572
  custom:scripting/monoscript/fileName/TMP_FrameRateCounter.cs: 8afeb6f0251e063dcfff2bd827f92c62 -> 46f655df8cb483ac5958307137b1585a
  custom:scripting/monoscript/fileName/VertexShakeB.cs: 587e5b2aecc39120c2c9ff69742ce897 -> a6f78c4fcda1a29a1a1c1baefedba9e7
  custom:scripting/monoscript/fileName/TMP_UiFrameRateCounter.cs: 8fa3bcf761bb5076fd90d0361518d59c -> b01021aea19247f14a98ab338907956a
  custom:scripting/monoscript/fileName/TMPro_InstructionOverlay.cs: 194f3617683541355a9c6c8193e87b1c -> b626d2270e6ebd5c4311585c18b58d8d
  custom:scripting/monoscript/fileName/TMP_DigitValidator.cs: 4e5cde653ae28b90ab257e866c94dfce -> ac02af96215ae3951a3cce9e1a8c6085
  custom:audio-encoder-webm-vorbis: bf7c407c2cedff20999df2af8eb42d56 -> 
  custom:scripting/monoscript/fileName/Cube_Controller.cs: acd00592fa72aff7217b78bae7072f77 -> 
  custom:scripting/monoscript/fileName/PrefabSpawner.cs: 04b83ae4bab2c0fd29efee19cf4620f0 -> 
  custom:scripting/monoscript/fileName/Benchmark01_UGUI.cs: 52a24b07fcdd062ef495404efdb65870 -> 6148cfe2627b7708298f301788144139
  custom:scripting/precompiled-assembly-types:Assembly-CSharp: 2f77be2b8cf7032865496eef4e73c9b4 -> f39d0e8e1a2bdc72903fb33acfa56b16
  custom:scripting/monoscript/fileName/Benchmark03.cs: 520976d641c2b7cf395e30b045f5a45d -> 17cc87e0529ac71d909a946afb47a274
